Gemeentecode,Solvabiliteit,Netto schuldquote (correctie),Belastingcapaciteit,Grondexploitatie,Structurele exploitatieruimte,Verslagsoort,Jaar,CombinedKey,Netto schuldquote
Aa en Hunze,0.37,0.22,0.73,0.0,0.0,2023X000,2023-01-01,Aa en Hunze-2023X000,"0,23"
Aa en Hunze,0.36,0.35,0.71,0.0,0.02,2024X000,2024-01-01,Aa en Hunze-2024X000,"0,37"
Aa en Hunze,0.37,0.35,0.73,0.0,0.0,2025X000,2025-01-01,Aa en Hunze-2025X000,"0,36"
Aalsmeer,0.44,0.55,1.04,0.0,0.002,2023X000,2023-01-01,Aalsmeer-2023X000,"0,57"
Achtkarspelen,0.245,0.625,1.13,0.0,-0.016,2022X000,2022-01-01,Achtkarspelen-2022X000,"0,663"
Achtkarspelen,0.295,0.353,0.976,0.0,0.013000000000000001,2024X000,2024-01-01,Achtkarspelen-2024X000,"0,353"
Achtkarspelen,0.28,0.408,0.998,0.0,-0.017,2025X000,2025-01-01,Achtkarspelen-2025X000,"0,408"
Alblasserdam,0.33,0.72,1.022,0.0,0.02,2022X000,2022-01-01,Alblasserdam-2022X000,"0,76"
Alblasserdam,0.29,0.92,1.026,0.0,0.025,2023X000,2023-01-01,Alblasserdam-2023X000,"0,94"
Alblasserdam,0.26,0.74,1.045,0.0,0.009000000000000001,2024X000,2024-01-01,Alblasserdam-2024X000,"0,78"
Alblasserdam,0.21,1.01,1.077,0.0,0.001,2025X000,2025-01-01,Alblasserdam-2025X000,"1,05"
Alphen aan den Rijn,0.469,0.389,,0.0,0.006,2023X000,2023-01-01,Alphen aan den Rijn-2023X000,"0,5"
Ameland,0.19,1.0,0.99,0.0,-0.02,2025X000,2025-01-01,Ameland-2025X000,"1,01"
Amstelveen,0.71,-0.04,1.02,0.0,-0.01,2021X000,2021-01-01,Amstelveen-2021X000,"-0,04"
Baarle-Nassau,0.6,0.3,0.88,0.0,0.0,2020X000,2020-01-01,Baarle-Nassau-2020X000,"0,31"
Baarle-Nassau,0.41,0.36,0.98,0.0,0.0,2024X000,2024-01-01,Baarle-Nassau-2024X000,"0,37"
Baarle-Nassau,0.4,0.31,1.01,0.0,0.01,2025X000,2025-01-01,Baarle-Nassau-2025X000,"0,31"
Baarn,0.24,0.51,1.24,0.0,0.02,2021X000,2021-01-01,Baarn-2021X000,"0,52"
Baarn,0.24,0.53,,0.0,0.02,2022X000,2022-01-01,Baarn-2022X000,"0,54"
Baarn,0.262,0.537,1.368,0.0,0.04,2023X000,2023-01-01,Baarn-2023X000,"0,554"
Baarn,0.21,0.47700000000000004,1.38,0.0,0.03,2024X000,2024-01-01,Baarn-2024X000,"0,477"
Baarn,0.253,0.408,1.42,0.0,0.019,2025X000,2025-01-01,Baarn-2025X000,"0,41"
Beek,0.5429999999999999,-0.154,1.0290000000000001,0.0,-0.018000000000000002,2020X000,2020-01-01,Beek-2020X000,"-0,18"
Beek,0.485,-0.052000000000000005,1.037,0.0,-0.01,2021X000,2021-01-01,Beek-2021X000,"0,086"
Beek,0.5,-0.16,1.04,0.0,0.02,2022X000,2022-01-01,Beek-2022X000,"-0,01"
Beek,0.44,0.068,0.951,0.0,0.003,2023X000,2023-01-01,Beek-2023X000,"0,103"
Beek,0.44,0.385,0.9840000000000001,0.0,0.0,2024X000,2024-01-01,Beek-2024X000,"0,53"
Beek,0.354,0.305,0.9620000000000001,0.0,0.01,2025X000,2025-01-01,Beek-2025X000,"0,437"
Beekdaelen,0.562,-0.126,1.149,0.0,0.051,2021X000,2021-01-01,Beekdaelen-2021X000,"-0,027"
Beesel,0.62,-0.08,0.78,0.0,0.0,2020X000,2020-01-01,Beesel-2020X000,"-0,12"
Beesel,0.36,0.21,0.83,0.0,0.04,2021X000,2021-01-01,Beesel-2021X000,"0,21"
Beesel,0.47,-0.04,0.83,0.0,-0.02,2024X000,2024-01-01,Beesel-2024X000,"-0,05"
Berg en Dal,0.42,0.43,1.03,0.0,-0.001,2020X000,2020-01-01,Berg en Dal-2020X000,"0,56"
Berg en Dal,0.36,0.7,1.05,0.0,-0.036000000000000004,2021X000,2021-01-01,Berg en Dal-2021X000,"0,75"
Berg en Dal,0.33,0.58,1.05,0.0,-0.035,2022X000,2022-01-01,Berg en Dal-2022X000,"0,7"
Berg en Dal,0.32,0.59,0.92,0.0,0.001,2024X000,2024-01-01,Berg en Dal-2024X000,"0,7"
Berg en Dal,0.35,0.5,0.89,0.0,-0.018000000000000002,2025X000,2025-01-01,Berg en Dal-2025X000,"0,61"
Bergen (NH.),0.31,0.91,1.31,0.0,0.06,2022X000,2022-01-01,Bergen (NH.)-2022X000,"0,95"
Beverwijk,0.38,0.41,0.92,0.0,0.01,2025X000,2025-01-01,Beverwijk-2025X000,"0,52"
Blaricum,0.81,-0.787,1.645,0.0,0.011000000000000001,2024X000,2024-01-01,Blaricum-2024X000,"-0,763"
Blaricum,0.84,-0.731,1.704,0.0,0.013000000000000001,2025X000,2025-01-01,Blaricum-2025X000,"-0,705"
Bloemendaal,0.41100000000000003,0.619,1.79,0.0,-0.018000000000000002,2019X000,2019-01-01,Bloemendaal-2019X000,"0,624"
Bloemendaal,0.389,0.613,1.972,0.0,-0.012,2020X000,2020-01-01,Bloemendaal-2020X000,"0,629"
Bloemendaal,0.5329999999999999,0.41200000000000003,1.9380000000000002,0.0,-0.005,2021X000,2021-01-01,Bloemendaal-2021X000,"0,427"
Bloemendaal,0.496,0.409,2.174,0.0,0.083,2025X000,2025-01-01,Bloemendaal-2025X000,"0,417"
Borger-Odoorn,0.04,0.45,1.01,0.0,0.04,2024X000,2024-01-01,Borger-Odoorn-2024X000,"0,5"
Borger-Odoorn,0.35,0.39,0.98,0.0,0.02,2025X000,2025-01-01,Borger-Odoorn-2025X000,"0,44"
Bronckhorst,0.601,0.023,1.06,0.0,-0.04,2020X000,2020-01-01,Bronckhorst-2020X000,"0,126"
Bronckhorst,0.5820000000000001,0.084,1.13,0.0,0.006999999999999999,2021X000,2021-01-01,Bronckhorst-2021X000,"0,189"
Bunnik,0.42200000000000004,0.614,1.3259999999999998,0.0,-0.024,2022X000,2022-01-01,Bunnik-2022X000,"0,614"
Bunnik,0.435,0.612,1.371,0.0,0.004,2023X000,2023-01-01,Bunnik-2023X000,"0,612"
Buren,0.444,0.026000000000000002,1.245,0.0,0.023,2025X000,2025-01-01,Buren-2025X000,"0,027"
Dantumadiel,0.07,0.63,1.07,0.0,-0.02,2021X000,2021-01-01,Dantumadiel-2021X000,"0,61"
Dantumadiel,0.22,0.39,1.04,0.0,0.11,2023X000,2023-01-01,Dantumadiel-2023X000,"0,41"
De Fryske Marren,0.205,0.469,0.823,0.0,0.022000000000000002,2024X000,2024-01-01,De Fryske Marren-2024X000,"0,502"
De Fryske Marren,0.27699999999999997,0.452,0.861,0.0,0.048,2025X000,2025-01-01,De Fryske Marren-2025X000,"0,482"
De Ronde Venen,0.29,0.54,1.03,0.0,0.013999999999999999,2022X000,2022-01-01,De Ronde Venen-2022X000,"0,56"
De Ronde Venen,0.24,0.66,1.01,0.0,0.005,2023X000,2023-01-01,De Ronde Venen-2023X000,"0,69"
De Ronde Venen,0.14,0.72,1.0,0.0,-0.05,2024X000,2024-01-01,De Ronde Venen-2024X000,"0,74"
De Ronde Venen,0.08,0.88,1.0,0.0,0.0,2025X000,2025-01-01,De Ronde Venen-2025X000,"0,9"
Den Haag,0.337,0.408,0.941,0.0,0.006,2023X000,2023-01-01,Den Haag-2023X000,"0,45"
Den Haag,0.318,0.294,0.929,0.0,0.008,2024X000,2024-01-01,Den Haag-2024X000,"0,328"
Den Haag,0.29100000000000004,0.38299999999999995,0.929,0.0,0.015,2025X000,2025-01-01,Den Haag-2025X000,"0,416"
Doesburg,0.534,0.263,1.113,0.0,0.016,2022X000,2022-01-01,Doesburg-2022X000,"0,39"
Doesburg,0.5670000000000001,0.114,1.075,0.0,0.03,2024X000,2024-01-01,Doesburg-2024X000,"0,222"
Doesburg,0.529,0.20600000000000002,1.13,0.0,-0.009000000000000001,2025X000,2025-01-01,Doesburg-2025X000,"0,285"
Drimmelen,0.53,0.42,1.08,0.0,-0.02,2019X000,2019-01-01,Drimmelen-2019X000,"0,42"
Drimmelen,0.42,0.59,0.97,0.0,-0.07,2021X000,2021-01-01,Drimmelen-2021X000,"0,61"
Edam-Volendam,0.41700000000000004,0.597,0.9420000000000001,0.0,0.023,2023X000,2023-01-01,Edam-Volendam-2023X000,"0,743"
Edam-Volendam,0.34600000000000003,0.752,0.8740000000000001,0.0,-0.095,2024X000,2024-01-01,Edam-Volendam-2024X000,"0,854"
Edam-Volendam,0.295,0.9590000000000001,0.872,0.0,0.002,2025X000,2025-01-01,Edam-Volendam-2025X000,"1,06"
Eemnes,0.306,1.0190000000000001,1.173,0.0,0.012,2019X000,2019-01-01,Eemnes-2019X000,"1,35"
Eijsden-Margraten,0.23,1.22,1.18,0.0,0.03,2019X000,2019-01-01,Eijsden-Margraten-2019X000,"1,3"
Eijsden-Margraten,0.14,1.44,1.17,0.0,0.01,2022X000,2022-01-01,Eijsden-Margraten-2022X000,"1,58"
Eijsden-Margraten,1.16,1.21,1.18,0.0,0.02,2024X000,2024-01-01,Eijsden-Margraten-2024X000,"1,33"
Eijsden-Margraten,0.16,1.23,1.28,0.0,0.0,2025X000,2025-01-01,Eijsden-Margraten-2025X000,"1,33"
Eindhoven,0.4,0.39,0.95,0.0,0.03,2024X000,2024-01-01,Eindhoven-2024X000,"0,4"
Eindhoven,0.41,0.37,0.95,0.0,0.02,2025X000,2025-01-01,Eindhoven-2025X000,"0,39"
Elburg,0.61,0.23,0.89,0.0,0.034,2019X000,2019-01-01,Elburg-2019X000,"0,32"
Elburg,0.5,0.36,0.97,0.0,0.027999999999999997,2021X000,2021-01-01,Elburg-2021X000,"0,42"
Enkhuizen,0.15,0.91,1.07,0.0,0.01,2021X000,2021-01-01,Enkhuizen-2021X000,"1,01"
Enkhuizen,0.11,0.95,1.09,0.0,0.02,2022X000,2022-01-01,Enkhuizen-2022X000,"1,04"
Epe,0.61,0.03,0.94,0.0,0.01,2022X000,2022-01-01,Epe-2022X000,"0,09"
Epe,0.81,-0.16,0.98,0.0,0.01,2023X000,2023-01-01,Epe-2023X000,"-0,11"
Ermelo,0.34,0.53,1.01,0.0,-0.03,2020X000,2020-01-01,Ermelo-2020X000,"0,53"
Ermelo,0.38,0.51,1.16,0.0,0.009000000000000001,2025X000,2025-01-01,Ermelo-2025X000,"0,6"
Etten-Leur,0.19,0.69,0.91,0.0,0.07,2022X000,2022-01-01,Etten-Leur-2022X000,"0,7"
Gennep,0.263,0.544,0.955,0.0,-0.001,2020X000,2020-01-01,Gennep-2020X000,"0,544"
Gennep,0.209,0.65,0.977,0.0,0.002,2021X000,2021-01-01,Gennep-2021X000,"0,67"
Gorinchem,0.0,0.0,0.0,0.0,0.0,2024X000,2024-01-01,Gorinchem-2024X000,0
Gulpen-Wittem,0.1,1.09,1.18,0.0,0.05,2022X000,2022-01-01,Gulpen-Wittem-2022X000,"1,26"
Gulpen-Wittem,0.09,1.13,1.06,0.0,0.05,2023X000,2023-01-01,Gulpen-Wittem-2023X000,"1,18"
Gulpen-Wittem,0.08,1.64,1.14,0.0,0.05,2024X000,2024-01-01,Gulpen-Wittem-2024X000,"1,7"
Gulpen-Wittem,0.09,1.66,1.22,0.0,0.02,2025X000,2025-01-01,Gulpen-Wittem-2025X000,"1,7"
Haarlem,0.17,0.83,1.15,0.0,-0.05,2021X000,2021-01-01,Haarlem-2021X000,"0,84"
Haarlem,0.27,0.7,1.11,0.0,0.04,2023X000,2023-01-01,Haarlem-2023X000,"0,72"
Heemstede,0.257,0.7909999999999999,1.2,0.0,0.002,2019X000,2019-01-01,Heemstede-2019X000,"0,797"
Heemstede,0.257,0.8059999999999999,1.2429999999999999,0.0,0.005,2020X000,2020-01-01,Heemstede-2020X000,"0,813"
Heemstede,0.6659999999999999,0.203,1.307,0.0,0.006999999999999999,2021X000,2021-01-01,Heemstede-2021X000,"0,209"
Heemstede,0.665,0.17300000000000001,1.349,0.0,0.023,2022X000,2022-01-01,Heemstede-2022X000,"0,178"
Heemstede,0.615,0.183,1.218,0.0,0.009000000000000001,2023X000,2023-01-01,Heemstede-2023X000,"0,207"
Heemstede,0.518,0.426,1.278,0.0,0.008,2024X000,2024-01-01,Heemstede-2024X000,"0,451"
Heemstede,0.5,0.35100000000000003,1.295,0.0,0.009000000000000001,2025X000,2025-01-01,Heemstede-2025X000,"0,374"
Heerde,0.27,0.88,1.16,0.0,0.006,2023X000,2023-01-01,Heerde-2023X000,"0,91"
Heeze-Leende,0.18,0.6,1.13,0.0,0.02,2022X000,2022-01-01,Heeze-Leende-2022X000,"0,79"
Heeze-Leende,0.19,0.85,1.04,0.0,0.0,2023X000,2023-01-01,Heeze-Leende-2023X000,"1,03"
Heeze-Leende,0.19,0.88,1.1,0.0,-0.01,2024X000,2024-01-01,Heeze-Leende-2024X000,"1,07"
Heeze-Leende,0.24,0.6,1.06,0.0,-0.02,2025X000,2025-01-01,Heeze-Leende-2025X000,"0,67"
Het Hogeland,0.16,0.63,1.13,0.0,0.02,2020X000,2020-01-01,Het Hogeland-2020X000,"0,68"
Heumen,0.27,0.18,1.14,0.0,0.002,2020X000,2020-01-01,Heumen-2020X000,"0,43"
Heumen,0.25,0.41,1.12,0.0,0.032,2023X000,2023-01-01,Heumen-2023X000,"0,6"
Heumen,0.32,0.26,1.03,0.0,0.025,2024X000,2024-01-01,Heumen-2024X000,"0,46"
Hilversum,0.25,0.75,1.02,0.0,0.001,2020X000,2020-01-01,Hilversum-2020X000,"0,76"
Hilversum,0.24,0.59,0.97,0.0,0.025,2024X000,2024-01-01,Hilversum-2024X000,"0,64"
Hoeksche Waard,0.5,0.4,0.88,0.0,0.0,2020X000,2020-01-01,Hoeksche Waard-2020X000,"0,44"
Hoeksche Waard,0.48,0.58,0.85,0.0,0.0,2022X000,2022-01-01,Hoeksche Waard-2022X000,"0,66"
Hoeksche Waard,0.48,0.56,0.88,0.0,0.0,2025X000,2025-01-01,Hoeksche Waard-2025X000,"0,64"
Houten,0.37,0.4,0.95,0.0,0.033,2023X000,2023-01-01,Houten-2023X000,"0,42"
Kampen,0.26,0.76,0.75,0.0,0.011000000000000001,2025X000,2025-01-01,Kampen-2025X000,"0,84"
Katwijk,0.2,1.09,0.99,0.0,0.03,2025X000,2025-01-01,Katwijk-2025X000,"1,22"
Kerkrade,0.14300000000000002,0.862,,0.0,0.016,2022X000,2022-01-01,Kerkrade-2022X000,"1,007"
Kerkrade,0.12,0.8320000000000001,1.091,0.0,0.01,2023X000,2023-01-01,Kerkrade-2023X000,"0,988"
Kerkrade,0.147,0.735,1.102,0.0,0.027999999999999997,2025X000,2025-01-01,Kerkrade-2025X000,"0,871"
Krimpenerwaard,0.32,0.25,1.13,0.0,0.002,2020X000,2020-01-01,Krimpenerwaard-2020X000,"0,29"
Krimpenerwaard,0.39,0.37,1.1,0.0,0.0,2021X000,2021-01-01,Krimpenerwaard-2021X000,"0,43"
Krimpenerwaard,0.24,0.52,0.99,0.0,0.006999999999999999,2023X000,2023-01-01,Krimpenerwaard-2023X000,"0,6"
Krimpenerwaard,0.28,0.69,0.96,0.0,0.001,2024X000,2024-01-01,Krimpenerwaard-2024X000,"0,76"
Krimpenerwaard,0.26,0.72,0.96,0.0,0.0,2025X000,2025-01-01,Krimpenerwaard-2025X000,"0,8"
Landsmeer,0.18,0.66,1.16,0.0,0.0,2020X000,2020-01-01,Landsmeer-2020X000,"0,66"
Laren,0.159,1.133,1.59,0.0,-0.012,2019X000,2019-01-01,Laren-2019X000,"1,432"
Laren,0.17300000000000001,1.0270000000000001,1.59,0.0,0.006,2020X000,2020-01-01,Laren-2020X000,"1,325"
Laren,0.085,0.821,1.59,0.0,-0.026000000000000002,2021X000,2021-01-01,Laren-2021X000,"1,416"
Laren,0.09699999999999999,0.852,1.59,0.0,-0.013000000000000001,2022X000,2022-01-01,Laren-2022X000,"1,387"
Laren,0.262,0.32,1.6780000000000002,0.0,0.0,2023X000,2023-01-01,Laren-2023X000,"0,783"
Laren,0.21899999999999997,0.561,1.7480000000000002,0.0,0.004,2024X000,2024-01-01,Laren-2024X000,"0,988"
Leiderdorp,0.373,0.62,1.327,0.0,-0.005,2021X000,2021-01-01,Leiderdorp-2021X000,"0,639"
Leiderdorp,0.32899999999999996,0.6579999999999999,1.21,0.0,0.016,2023X000,2023-01-01,Leiderdorp-2023X000,"0,711"
Leusden,0.45,0.08,0.93,0.0,0.02,2021X000,2021-01-01,Leusden-2021X000,"0,1"
Lisse,0.231,0.865,1.0,0.0,0.0,2019X000,2019-01-01,Lisse-2019X000,"1,279"
Lisse,0.198,1.307,1.136,0.0,0.017,2020X000,2020-01-01,Lisse-2020X000,"1,495"
Lisse,0.142,1.608,1.085,0.0,-0.02,2021X000,2021-01-01,Lisse-2021X000,"1,759"
Lisse,0.132,1.5390000000000001,1.141,0.0,0.006999999999999999,2022X000,2022-01-01,Lisse-2022X000,"1,645"
Lisse,0.141,1.3980000000000001,1.192,0.0,0.009000000000000001,2023X000,2023-01-01,Lisse-2023X000,"1,506"
Lisse,0.198,1.07,1.26,0.0,0.0,2024X000,2024-01-01,Lisse-2024X000,"1,191"
Lisse,0.183,1.081,1.28,0.0,0.01,2025X000,2025-01-01,Lisse-2025X000,"1,215"
Lopik,0.858,0.134,1.177,0.0,0.008,2019X000,2019-01-01,Lopik-2019X000,"0,133"
Lopik,0.442,0.381,1.32,0.0,,2021X000,2021-01-01,Lopik-2021X000,"0,378"
Lopik,0.384,0.368,1.21,0.0,0.001,2022X000,2022-01-01,Lopik-2022X000,"0,335"
Lopik,0.345,0.34700000000000003,1.24,0.0,0.048,2023X000,2023-01-01,Lopik-2023X000,"0,347"
Lopik,0.28300000000000003,0.469,1.29,0.0,0.003,2024X000,2024-01-01,Lopik-2024X000,"0,435"
Lopik,0.26,0.625,1.29,0.0,0.002,2025X000,2025-01-01,Lopik-2025X000,"0,595"
Maassluis,0.32,0.61,1.0,0.0,0.01,2025X000,2025-01-01,Maassluis-2025X000,"0,68"
Medemblik,0.51,0.003,1.11,0.0,0.0,2025X000,2025-01-01,Medemblik-2025X000,"0,004"
Meerssen,0.305,1.253,1.383,0.0,-0.009000000000000001,2019X000,2019-01-01,Meerssen-2019X000,"1,711"
Meerssen,0.282,0.29,1.4369999999999998,0.0,-0.005,2020X000,2020-01-01,Meerssen-2020X000,"1,595"
Meerssen,0.28,0.248,1.4509999999999998,0.0,-0.027000000000000003,2021X000,2021-01-01,Meerssen-2021X000,"1,52"
Meerssen,0.3,0.12,1.44,0.0,-0.023,2022X000,2022-01-01,Meerssen-2022X000,"1,287"
Meerssen,0.311,-0.025,1.334,0.0,0.019,2023X000,2023-01-01,Meerssen-2023X000,"1,113"
Meerssen,0.34700000000000003,-0.085,1.358,0.0,0.031,2024X000,2024-01-01,Meerssen-2024X000,"0,894"
Meerssen,0.302,0.358,1.365,0.0,0.032,2025X000,2025-01-01,Meerssen-2025X000,"1,359"
Midden-Delfland,0.38,1.12,1.1,0.0,0.09,2024X000,2024-01-01,Midden-Delfland-2024X000,"1,15"
Midden-Groningen,0.142,0.622,1.022,0.0,0.005,2025X000,2025-01-01,Midden-Groningen-2025X000,"0,67"
Moerdijk,0.52,0.16,0.96,0.0,0.02,2021X000,2021-01-01,Moerdijk-2021X000,"0,26"
Montferland,0.34,0.55,1.01,0.0,0.006999999999999999,2024X000,2024-01-01,Montferland-2024X000,"0,61"
Montferland,0.28,0.71,1.01,0.0,0.006,2025X000,2025-01-01,Montferland-2025X000,"0,8"
Montfoort,0.223,0.41100000000000003,1.185,0.0,-0.023,2019X000,2019-01-01,Montfoort-2019X000,"0,419"
Montfoort,0.201,0.63,0.0,0.0,0.004,2020X000,2020-01-01,Montfoort-2020X000,"0,637"
Montfoort,0.09300000000000001,0.782,1.198,0.0,-0.027000000000000003,2021X000,2021-01-01,Montfoort-2021X000,"0,779"
Montfoort,0.133,0.336,1.327,0.0,0.009000000000000001,2023X000,2023-01-01,Montfoort-2023X000,"0,341"
Montfoort,0.138,0.355,1.2590000000000001,0.0,0.024,2024X000,2024-01-01,Montfoort-2024X000,"0,358"
Montfoort,0.174,0.488,1.235,0.0,0.01,2025X000,2025-01-01,Montfoort-2025X000,"0,491"
Mook en Middelaar,0.47,-0.37,1.14,0.0,-0.05,2019X000,2019-01-01,Mook en Middelaar-2019X000,"-0,37"
Mook en Middelaar,0.4,-0.03,1.13,0.0,0.0,2020X000,2020-01-01,Mook en Middelaar-2020X000,"-0,03"
Mook en Middelaar,0.3,0.12,1.1,0.0,-0.05,2021X000,2021-01-01,Mook en Middelaar-2021X000,"0,15"
Mook en Middelaar,0.36,-0.01,1.03,0.0,-0.04,2022X000,2022-01-01,Mook en Middelaar-2022X000,"0,02"
Mook en Middelaar,0.39,-0.04,1.03,0.0,-0.07,2023X000,2023-01-01,Mook en Middelaar-2023X000,0
Mook en Middelaar,0.4,-0.03,1.03,0.0,-0.03,2024X000,2024-01-01,Mook en Middelaar-2024X000,0
Mook en Middelaar,0.4,0.04,1.03,0.0,0.0,2025X000,2025-01-01,Mook en Middelaar-2025X000,"0,07"
Noardeast-Fryslân,0.19,0.57,1.08,0.0,0.006999999999999999,2019X000,2019-01-01,Noardeast-Fryslân-2019X000,"0,61"
Noardeast-Fryslân,0.14,0.69,1.06,0.0,-0.02,2020X000,2020-01-01,Noardeast-Fryslân-2020X000,"0,66"
Noardeast-Fryslân,0.18,0.59,0.85,0.0,0.03,2024X000,2024-01-01,Noardeast-Fryslân-2024X000,"0,64"
Noordenveld,0.19,0.64,0.91,0.0,0.03,2022X000,2022-01-01,Noordenveld-2022X000,"0,67"
Oegstgeest,0.25,0.78,1.584,0.0,0.038,2025X000,2025-01-01,Oegstgeest-2025X000,"0,812"
Oirschot,0.373,0.884,1.068,0.0,0.002,2021X000,2021-01-01,Oirschot-2021X000,"0,816"
Oirschot,0.363,0.9129999999999999,1.044,0.0,0.001,2022X000,2022-01-01,Oirschot-2022X000,"0,847"
Oirschot,0.36,0.846,0.912,0.0,-0.003,2023X000,2023-01-01,Oirschot-2023X000,"0,882"
Oldebroek,0.34,0.39,0.9,0.0,0.02,2023X000,2023-01-01,Oldebroek-2023X000,"0,48"
Ooststellingwerf,0.45,0.19,0.84,0.0,0.02,2024X000,2024-01-01,Ooststellingwerf-2024X000,"0,29"
Ooststellingwerf,0.37,0.26,0.83,0.0,0.0,2025X000,2025-01-01,Ooststellingwerf-2025X000,"0,32"
Oostzaan,0.122,1.3090000000000002,1.2009999999999998,0.0,0.011000000000000001,2019X000,2019-01-01,Oostzaan-2019X000,"1,331"
Oostzaan,0.129,1.371,1.319,0.0,0.006999999999999999,2020X000,2020-01-01,Oostzaan-2020X000,"1,394"
Oostzaan,0.08,0.184,1.406,0.0,0.006,2021X000,2021-01-01,Oostzaan-2021X000,"0,149"
Oostzaan,0.064,1.5119999999999998,1.3559999999999999,0.0,-0.033,2022X000,2022-01-01,Oostzaan-2022X000,"1,546"
Oostzaan,0.05,1.45,1.365,0.0,0.022000000000000002,2023X000,2023-01-01,Oostzaan-2023X000,"1,48"
Oostzaan,0.086,1.4169999999999998,1.401,0.0,0.026000000000000002,2024X000,2024-01-01,Oostzaan-2024X000,"1,377"
Ouder-Amstel,0.6,-0.15,1.17,0.0,0.06,2021X000,2021-01-01,Ouder-Amstel-2021X000,"-0,15"
Ouder-Amstel,0.49,-0.084,1.114,0.0,0.02,2022X000,2022-01-01,Ouder-Amstel-2022X000,"-0,094"
Ouder-Amstel,0.52,0.09699999999999999,1.04,0.0,0.006,2023X000,2023-01-01,Ouder-Amstel-2023X000,"0,088"
Ouder-Amstel,0.39,0.2,1.06,0.0,0.01,2024X000,2024-01-01,Ouder-Amstel-2024X000,"0,19"
Ouder-Amstel,0.37,0.172,1.13,0.0,0.01,2025X000,2025-01-01,Ouder-Amstel-2025X000,"0,163"
Oudewater,0.41,0.17,1.09,0.0,0.0,2019X000,2019-01-01,Oudewater-2019X000,"0,21"
Overbetuwe,0.168,1.051,0.884,0.0,0.062,2021X000,2021-01-01,Overbetuwe-2021X000,
Papendrecht,0.44,0.63,1.0,0.0,0.02,2024X000,2024-01-01,Papendrecht-2024X000,"0,8"
Papendrecht,0.45,0.46,0.96,0.0,0.02,2025X000,2025-01-01,Papendrecht-2025X000,"0,71"
Putten,0.72,-0.18,0.75,0.0,0.064,2024X000,2024-01-01,Putten-2024X000,"-0,07"
Renkum,0.27,0.29,1.27,0.0,0.01,2019X000,2019-01-01,Renkum-2019X000,"0,35"
Renkum,0.20600000000000002,0.35,1.291,0.0,-0.015,2020X000,2020-01-01,Renkum-2020X000,"0,402"
Renswoude,0.33,1.98,1.19,0.0,-0.01,2022X000,2022-01-01,Renswoude-2022X000,"2,1"
Rheden,0.172,0.846,0.9,0.0,-0.011000000000000001,2020X000,2020-01-01,Rheden-2020X000,"0,863"
Rheden,0.14,0.77,0.9,0.0,-0.013000000000000001,2021X000,2021-01-01,Rheden-2021X000,"0,81"
Rheden,0.15,0.93,0.92,0.0,0.016,2023X000,2023-01-01,Rheden-2023X000,"0,97"
Rheden,0.14,0.85,0.92,0.0,0.011000000000000001,2024X000,2024-01-01,Rheden-2024X000,"0,89"
Rheden,0.12,0.83,0.92,0.0,0.008,2025X000,2025-01-01,Rheden-2025X000,"0,87"
Rhenen,0.29,0.84,1.07,0.0,0.003,2019X000,2019-01-01,Rhenen-2019X000,"0,99"
Ridderkerk,0.38,0.44,0.91,0.0,-0.002,2019X000,2019-01-01,Ridderkerk-2019X000,"0,44"
Rozendaal,0.87,-1.52,1.31,0.0,0.002,2019X000,2019-01-01,Rozendaal-2019X000,"-1,52"
Rozendaal,0.83,-1.38,1.2,0.0,0.0,2022X000,2022-01-01,Rozendaal-2022X000,"-1,38"
Rozendaal,0.83,-1.38,1.2,0.0,-0.003,2023X000,2023-01-01,Rozendaal-2023X000,"-1,38"
Rozendaal,0.78,-0.56,1.27,0.0,0.0,2024X000,2024-01-01,Rozendaal-2024X000,"-0,56"
Rozendaal,0.77,-0.48,1.27,0.0,-0.036000000000000004,2025X000,2025-01-01,Rozendaal-2025X000,"-0,48"
Scherpenzeel,0.54,-0.12,1.1,0.0,0.006999999999999999,2019X000,2019-01-01,Scherpenzeel-2019X000,"0,14"
Schiermonnikoog,0.16,0.9,1.13,0.0,0.015,2019X000,2019-01-01,Schiermonnikoog-2019X000,"0,92"
Schiermonnikoog,0.16,0.85,1.14,0.0,0.018000000000000002,2020X000,2020-01-01,Schiermonnikoog-2020X000,"0,89"
Schiermonnikoog,0.24,0.66,1.09,0.0,-0.017,2021X000,2021-01-01,Schiermonnikoog-2021X000,"0,69"
Schiermonnikoog,0.33,0.4,1.02,0.0,0.009000000000000001,2022X000,2022-01-01,Schiermonnikoog-2022X000,"0,44"
Simpelveld,0.38,0.51,1.13,0.0,0.01,2019X000,2019-01-01,Simpelveld-2019X000,"0,56"
Simpelveld,0.34,0.57,1.17,0.0,0.0,2020X000,2020-01-01,Simpelveld-2020X000,"0,62"
Simpelveld,0.33,0.46,1.1,0.0,0.0,2021X000,2021-01-01,Simpelveld-2021X000,"0,59"
Simpelveld,0.27,0.71,1.03,0.0,0.01,2022X000,2022-01-01,Simpelveld-2022X000,"0,8"
Simpelveld,0.23,0.95,1.03,0.0,-0.01,2023X000,2023-01-01,Simpelveld-2023X000,"1,04"
Simpelveld,0.2,1.04,1.07,0.0,0.01,2024X000,2024-01-01,Simpelveld-2024X000,"1,05"
Simpelveld,0.21,0.69,1.16,0.0,-0.01,2025X000,2025-01-01,Simpelveld-2025X000,"0,77"
Smallingerland,0.19,1.0,0.99,0.0,-0.02,2025X000,2025-01-01,Smallingerland-2025X000,"1,01"
Someren,0.42,0.72,0.9,0.0,-0.01,2025X000,2025-01-01,Someren-2025X000,"0,53"
Son en Breugel,0.32,1.06,0.93,0.0,0.01,2024X000,2024-01-01,Son en Breugel-2024X000,"1,1"
Stadskanaal,0.27,0.36,0.89,0.0,-0.018000000000000002,2022X000,2022-01-01,Stadskanaal-2022X000,"0,4"
Stadskanaal,0.38,0.35,0.82,0.0,0.025,2023X000,2023-01-01,Stadskanaal-2023X000,"0,41"
Staphorst,0.88,0.18,0.95,0.0,0.18,2020X000,2020-01-01,Staphorst-2020X000,"0,19"
Staphorst,0.86,-0.2,0.95,0.0,0.09,2021X000,2021-01-01,Staphorst-2021X000,"-0,21"
Staphorst,0.83,-0.15,0.98,0.0,0.13,2022X000,2022-01-01,Staphorst-2022X000,"-0,1"
Stede Broec,0.17,0.57,1.09,0.0,0.14,2020X000,2020-01-01,Stede Broec-2020X000,"1,11"
Stede Broec,0.17,0.57,1.09,0.0,0.14,2021X000,2021-01-01,Stede Broec-2021X000,"1,11"
Stede Broec,0.17,0.5,1.23,0.0,0.01,2022X000,2022-01-01,Stede Broec-2022X000,"0,81"
Stede Broec,0.17,0.46,1.08,0.0,0.0,2023X000,2023-01-01,Stede Broec-2023X000,"0,7"
Stede Broec,0.22,0.33,1.19,0.0,0.08,2024X000,2024-01-01,Stede Broec-2024X000,"0,54"
Stede Broec,0.28,0.29,1.08,0.0,0.02,2025X000,2025-01-01,Stede Broec-2025X000,"0,46"
Stein,0.21,1.21,1.03,0.0,0.019,2020X000,2020-01-01,Stein-2020X000,"1,29"
Terschelling,0.3,0.61,0.96,0.0,0.12,2020X000,2020-01-01,Terschelling-2020X000,"0,57"
Texel,0.23,0.61,0.96,0.0,0.04,2020X000,2020-01-01,Texel-2020X000,"0,69"
Texel,0.24,0.61,0.96,0.0,0.04,2021X000,2021-01-01,Texel-2021X000,"0,69"
Tiel,0.18,0.8,1.08,0.0,-0.004,2021X000,2021-01-01,Tiel-2021X000,"0,83"
Tiel,0.2,0.76,1.13,0.0,0.006,2022X000,2022-01-01,Tiel-2022X000,"0,78"
Tiel,0.26,0.66,1.08,0.0,-0.003,2023X000,2023-01-01,Tiel-2023X000,"0,66"
Tiel,0.26,0.71,1.08,0.0,0.012,2024X000,2024-01-01,Tiel-2024X000,"0,72"
Tiel,0.21,0.81,1.08,0.0,0.001,2025X000,2025-01-01,Tiel-2025X000,"0,83"
Tynaarlo,0.37,0.83,0.78,0.0,0.025,2024X000,2024-01-01,Tynaarlo-2024X000,"0,87"
Uitgeest,0.16399999999999998,0.862,1.13,0.0,0.003,2020X000,2020-01-01,Uitgeest-2020X000,"0,885"
Uithoorn,0.48,0.65,1.09,0.0,0.0,2023X000,2023-01-01,Uithoorn-2023X000,"0,65"
Uithoorn,0.46,0.52,1.06,0.0,0.026000000000000002,2024X000,2024-01-01,Uithoorn-2024X000,"0,54"
Valkenburg aan de Geul,0.425,0.282,1.0490000000000002,0.0,-0.006999999999999999,2019X000,2019-01-01,Valkenburg aan de Geul-2019X000,"0,283"
Valkenburg aan de Geul,0.578,0.27,1.043,0.0,0.003,2020X000,2020-01-01,Valkenburg aan de Geul-2020X000,"0,27"
Valkenburg aan de Geul,0.649,0.19699999999999998,1.022,0.0,0.009000000000000001,2021X000,2021-01-01,Valkenburg aan de Geul-2021X000,"0,197"
Valkenburg aan de Geul,0.649,0.19699999999999998,1.022,0.0,0.009000000000000001,2022X000,2022-01-01,Valkenburg aan de Geul-2022X000,"0,197"
Valkenburg aan de Geul,0.5820000000000001,0.14300000000000002,0.985,0.0,0.016,2023X000,2023-01-01,Valkenburg aan de Geul-2023X000,"0,161"
Valkenburg aan de Geul,0.622,-0.008,0.977,0.0,0.02,2024X000,2024-01-01,Valkenburg aan de Geul-2024X000,"0,009"
Valkenburg aan de Geul,0.762,-0.212,1.023,0.0,0.021,2025X000,2025-01-01,Valkenburg aan de Geul-2025X000,"-0,18"
Velsen,0.14,0.74,1.09,0.0,-0.03,2022X000,2022-01-01,Velsen-2022X000,"0,75"
Velsen,0.166,0.7979999999999999,0.94,0.0,0.02,2023X000,2023-01-01,Velsen-2023X000,"0,791"
Velsen,0.22,0.8109999999999999,0.94,0.0,0.006999999999999999,2024X000,2024-01-01,Velsen-2024X000,"0,817"
Velsen,0.18100000000000002,0.593,0.95,0.0,0.023,2025X000,2025-01-01,Velsen-2025X000,"0,653"
Venray,0.36,0.54,0.9,0.0,0.03,2023X000,2023-01-01,Venray-2023X000,"0,64"
Venray,0.34,0.57,0.88,0.0,0.0,2024X000,2024-01-01,Venray-2024X000,"0,65"
Venray,0.3,0.72,0.89,0.0,0.01,2025X000,2025-01-01,Venray-2025X000,"0,8"
Vlieland,0.33,0.67,0.9,0.0,-0.03,2019X000,2019-01-01,Vlieland-2019X000,"0,81"
Vlieland,0.42,0.29,0.9,0.0,0.0,2020X000,2020-01-01,Vlieland-2020X000,"0,41"
Vlieland,0.16,2.13,0.89,0.0,0.0,2021X000,2021-01-01,Vlieland-2021X000,"2,92"
Vlieland,0.1,2.02,0.86,0.0,0.006,2022X000,2022-01-01,Vlieland-2022X000,"2,73"
Vlieland,0.08,2.11,0.9,0.0,0.017,2023X000,2023-01-01,Vlieland-2023X000,"2,75"
Vlieland,0.12,1.91,0.92,0.0,0.013999999999999999,2024X000,2024-01-01,Vlieland-2024X000,"2,48"
Vlieland,0.17,1.56,0.94,0.0,0.055,2025X000,2025-01-01,Vlieland-2025X000,"2,05"
Voerendaal,0.37799999999999995,0.94,1.238,0.0,0.003,2019X000,2019-01-01,Voerendaal-2019X000,"0,959"
Voerendaal,0.37799999999999995,0.94,1.238,0.0,0.003,2020X000,2020-01-01,Voerendaal-2020X000,"0,986"
Voerendaal,0.366,0.9390000000000001,1.202,0.0,0.004,2021X000,2021-01-01,Voerendaal-2021X000,"0,99"
Voerendaal,0.384,0.855,1.082,0.0,0.033,2022X000,2022-01-01,Voerendaal-2022X000,"0,93"
Voerendaal,0.35,0.59,1.16,0.0,0.03,2023X000,2023-01-01,Voerendaal-2023X000,"0,64"
Voerendaal,0.39,0.63,1.19,0.0,0.08,2024X000,2024-01-01,Voerendaal-2024X000,"0,67"
Voerendaal,0.37,0.69,1.17,0.0,0.0,2025X000,2025-01-01,Voerendaal-2025X000,"0,73"
Vught,0.39,0.76,1.23,0.0,0.1,2022X000,2022-01-01,Vught-2022X000,"0,76"
Vught,0.35,0.75,1.07,0.0,-0.051,2024X000,2024-01-01,Vught-2024X000,"0,75"
Vught,0.43,0.54,1.06,0.0,0.07400000000000001,2025X000,2025-01-01,Vught-2025X000,"0,55"
Waddinxveen,0.45,0.68,1.02,0.0,0.015,2025X000,2025-01-01,Waddinxveen-2025X000,"0,69"
Wageningen,0.41,0.4,0.98,0.0,0.01,2025X000,2025-01-01,Wageningen-2025X000,"0,432"
Wassenaar,0.66,-0.26,1.72,0.0,0.008,2022X000,2022-01-01,Wassenaar-2022X000,"-0,23"
Wassenaar,0.613,-0.146,1.643,0.0,0.0,2024X000,2024-01-01,Wassenaar-2024X000,"-0,093"
Wassenaar,0.621,-0.067,1.8159999999999998,0.0,0.0,2025X000,2025-01-01,Wassenaar-2025X000,"-0,013"
Waterland,0.244,0.746,1.037,0.0,-0.064,2019X000,2019-01-01,Waterland-2019X000,"0,764"
Waterland,0.309,0.377,1.071,0.0,0.012,2022X000,2022-01-01,Waterland-2022X000,"0,389"
Waterland,0.225,0.667,1.011,0.0,0.022000000000000002,2024X000,2024-01-01,Waterland-2024X000,"0,691"
Waterland,0.384,0.29,1.051,0.0,0.019,2025X000,2025-01-01,Waterland-2025X000,"0,313"
West Maas en Waal,0.19,0.56,1.05,0.0,0.01,2023X000,2023-01-01,West Maas en Waal-2023X000,"0,56"
Westervoort,0.03,0.63,1.07,0.0,-0.006999999999999999,2021X000,2021-01-01,Westervoort-2021X000,"0,68"
Westervoort,0.001,0.6,1.07,0.0,0.021,2022X000,2022-01-01,Westervoort-2022X000,"0,65"
Westervoort,0.06,0.6,1.01,0.0,0.02,2023X000,2023-01-01,Westervoort-2023X000,"0,66"
Westervoort,0.14,0.51,1.14,0.0,0.036000000000000004,2024X000,2024-01-01,Westervoort-2024X000,"0,57"
Wijchen,0.5,0.0,0.93,0.0,0.04,2022X000,2022-01-01,Wijchen-2022X000,"0,13"
Wormerland,0.48,0.28,1.2,0.0,0.01,2019X000,2019-01-01,Wormerland-2019X000,"0,41"
Wormerland,0.42,0.43,1.2,0.0,0.1,2020X000,2020-01-01,Wormerland-2020X000,"0,31"
Wormerland,0.43,0.45,1.2,0.0,0.0,2021X000,2021-01-01,Wormerland-2021X000,"0,35"
Wormerland,0.43,0.35,1.11,0.0,0.01,2022X000,2022-01-01,Wormerland-2022X000,"0,26"
Wormerland,0.33,0.5,1.03,0.0,0.03,2023X000,2023-01-01,Wormerland-2023X000,"0,42"
Wormerland,0.35,0.47,1.21,0.0,0.03,2024X000,2024-01-01,Wormerland-2024X000,"0,4"
Wormerland,0.34,0.52,1.27,0.0,-0.03,2025X000,2025-01-01,Wormerland-2025X000,"0,45"
Zoeterwoude,0.387,0.728,1.179,0.0,-0.005,2021X000,2021-01-01,Zoeterwoude-2021X000,"0,74"
Zoeterwoude,0.45899999999999996,0.5539999999999999,1.21,0.0,0.018000000000000002,2024X000,2024-01-01,Zoeterwoude-2024X000,"0,605"
Zoeterwoude,0.40299999999999997,0.853,1.25,0.0,0.021,2025X000,2025-01-01,Zoeterwoude-2025X000,"0,902"
Zundert,0.28,0.3,1.18,0.0,-0.001,2023X000,2023-01-01,Zundert-2023X000,"0,29"
Zundert,0.33,0.46,1.24,0.0,0.005,2024X000,2024-01-01,Zundert-2024X000,"0,5"
Zundert,0.3,0.66,1.24,0.0,0.02,2025X000,2025-01-01,Zundert-2025X000,"0,72"
Alblasserdam,0.33,0.57,0.992,0.0,0.006999999999999999,2022X005,2022-01-01,Alblasserdam-2022X005,"0,6"
Ameland,0.31,0.59,1.01,0.0,0.03,2023X005,2023-01-01,Ameland-2023X005,"0,6"
Amersfoort,0.256,0.433,0.998,0.0,0.016,2020X005,2020-01-01,Amersfoort-2020X005,"0,516"
Amersfoort,0.309,0.35700000000000004,1.06,0.0,0.01,2021X005,2021-01-01,Amersfoort-2021X005,"0,417"
Amstelveen,0.63,-0.04,0.97,0.0,0.15,2022X005,2022-01-01,Amstelveen-2022X005,"-0,04"
Asten,0.47,-0.2,0.83,0.0,0.08,2022X005,2022-01-01,Asten-2022X005,"-0,2"
Baarle-Nassau,0.66,0.02,0.91,0.0,-0.01,2021X005,2021-01-01,Baarle-Nassau-2021X005,"0,03"
Baarle-Nassau,0.594,0.102,0.9,0.0,0.03,2022X005,2022-01-01,Baarle-Nassau-2022X005,"0,107"
Baarn,0.385,0.617,1.16,0.0,-0.047,2018X005,2018-01-01,Baarn-2018X005,"0,621"
Baarn,0.38,0.361,,0.0,0.02,2020X005,2020-01-01,Baarn-2020X005,"0,372"
Baarn,0.243,0.449,1.24,0.0,0.06,2021X005,2021-01-01,Baarn-2021X005,"0,452"
Baarn,0.254,0.275,1.36,0.0,0.043,2022X005,2022-01-01,Baarn-2022X005,"0,275"
Baarn,0.259,0.299,1.198,0.0,0.053,2023X005,2023-01-01,Baarn-2023X005,"0,299"
Beek,0.508,-0.138,1.031,0.0,-0.004,2020X005,2020-01-01,Beek-2020X005,"-0,279"
Beek,0.467,0.193,1.037,0.0,0.036000000000000004,2021X005,2021-01-01,Beek-2021X005,"0,331"
Beek,0.344,0.233,1.025,0.0,0.001,2022X005,2022-01-01,Beek-2022X005,"0,32"
Beek,0.415,0.094,0.951,0.0,0.025,2023X005,2023-01-01,Beek-2023X005,"0,227"
Berg en Dal,0.47,0.25,1.02,0.0,0.008,2021X005,2021-01-01,Berg en Dal-2021X005,"0,35"
Berg en Dal,0.52,0.21,0.93,0.0,0.068,2022X005,2022-01-01,Berg en Dal-2022X005,"0,21"
Berg en Dal,0.53,0.07,0.92,0.0,0.057,2023X005,2023-01-01,Berg en Dal-2023X005,"0,14"
Bergen (L.),0.21,0.94,0.96,0.0,0.12,2022X005,2022-01-01,Bergen (L.)-2022X005,"0,93"
Bergen (NH.),0.32,0.55,1.3,0.0,0.02,2020X005,2020-01-01,Bergen (NH.)-2020X005,"0,62"
Beverwijk,0.32,0.21,0.97,0.0,-0.01,2021X005,2021-01-01,Beverwijk-2021X005,"0,33"
Blaricum,0.84,0.966,1.4869999999999999,0.0,0.16699999999999998,2023X005,2023-01-01,Blaricum-2023X005,"0,942"
Bloemendaal,0.41,0.573,1.709,0.0,-0.024,2018X005,2018-01-01,Bloemendaal-2018X005,"0,58"
Bloemendaal,0.391,0.536,1.955,0.0,-0.018000000000000002,2019X005,2019-01-01,Bloemendaal-2019X005,"0,551"
Borger-Odoorn,0.45,0.17,1.26,0.0,0.09,2022X005,2022-01-01,Borger-Odoorn-2022X005,"0,22"
Borger-Odoorn,0.07,0.16,1.14,0.0,0.07,2023X005,2023-01-01,Borger-Odoorn-2023X005,"0,2"
Borsele,0.46,0.09,1.03,0.0,-0.03,2019X005,2019-01-01,Borsele-2019X005,"0,18"
De Ronde Venen,0.22,0.55,1.01,0.0,-0.04,2023X005,2023-01-01,De Ronde Venen-2023X005,"0,57"
Den Haag,0.361,0.259,0.826,0.0,0.039,2022X005,2022-01-01,Den Haag-2022X005,"0,304"
Den Haag,0.34299999999999997,0.249,0.941,0.0,0.019,2023X005,2023-01-01,Den Haag-2023X005,"0,287"
Drimmelen,0.65,0.13,1.01,0.0,-0.06,2019X005,2019-01-01,Drimmelen-2019X005,"0,15"
Eijsden-Margraten,0.18,1.1,1.15,0.0,0.0,2019X005,2019-01-01,Eijsden-Margraten-2019X005,"1,21"
Eijsden-Margraten,0.18,0.98,1.11,0.0,0.04,2023X005,2023-01-01,Eijsden-Margraten-2023X005,"1,09"
Elburg,0.61,0.12,0.9,0.0,-0.006,2018X005,2018-01-01,Elburg-2018X005,"0,2"
Haarlem,0.34,0.54,1.1,0.0,0.03,2023X005,2023-01-01,Haarlem-2023X005,"0,56"
Heemskerk,0.56,0.23,1.05,0.0,-0.01,2019X005,2019-01-01,Heemskerk-2019X005,"0,23"
Heemstede,0.32,0.521,1.188,0.0,0.012,2018X005,2018-01-01,Heemstede-2018X005,"0,528"
Heemstede,0.315,0.5,1.2,0.0,0.002,2019X005,2019-01-01,Heemstede-2019X005,"0,507"
Heemstede,0.568,-0.1,1.304,0.0,0.006,2020X005,2020-01-01,Heemstede-2020X005,"-0,097"
Heemstede,0.595,-0.1,1.307,0.0,0.02,2021X005,2021-01-01,Heemstede-2021X005,"-0,074"
Heemstede,0.627,-0.139,1.36,0.0,0.013000000000000001,2022X005,2022-01-01,Heemstede-2022X005,"-0,113"
Heemstede,0.601,-0.124,1.27,0.0,0.023,2023X005,2023-01-01,Heemstede-2023X005,"-0,099"
Hellendoorn,0.158,0.736,1.038,0.0,0.032,2021X005,2021-01-01,Hellendoorn-2021X005,"0,776"
Hellendoorn,0.27,0.442,0.951,0.0,0.026000000000000002,2023X005,2023-01-01,Hellendoorn-2023X005,"0,475"
Het Hogeland,0.2,0.46,1.03,0.0,0.01,2020X005,2020-01-01,Het Hogeland-2020X005,"0,53"
Heumen,0.28,0.16,1.06,0.0,0.081,2022X005,2022-01-01,Heumen-2022X005,"0,27"
Heumen,0.25,0.58,1.02,0.0,0.036000000000000004,2023X005,2023-01-01,Heumen-2023X005,"0,78"
Hof van Twente,0.595,0.16399999999999998,1.14,0.0,0.081,2022X005,2022-01-01,Hof van Twente-2022X005,"0,22"
Hollands Kroon,0.38799999999999996,0.45,0.93,0.0,0.03,2023X005,2023-01-01,Hollands Kroon-2023X005,"0,487"
Hoorn,0.22,0.43,0.94,0.0,-0.027999999999999997,2020X005,2020-01-01,Hoorn-2020X005,"0,62"
Horst aan de Maas,0.37,0.27,0.94,0.0,0.1,2023X005,2023-01-01,Horst aan de Maas-2023X005,"0,33"
Kampen,0.34,0.42,0.904,0.0,0.07,2022X005,2022-01-01,Kampen-2022X005,"0,37"
Krimpenerwaard,0.36,0.14,1.02,0.0,0.049,2022X005,2022-01-01,Krimpenerwaard-2022X005,"0,2"
Krimpenerwaard,0.39,0.09,0.98,0.0,0.03,2023X005,2023-01-01,Krimpenerwaard-2023X005,"0,16"
Laren,0.166,0.9259999999999999,1.528,0.0,-0.061,2019X005,2019-01-01,Laren-2019X005,"1,22"
Leiderdorp,0.45,0.154,1.208,0.0,0.07,2023X005,2023-01-01,Leiderdorp-2023X005,"0,208"
Lisse,0.221,1.2819999999999998,1.057,0.0,-0.11699999999999999,2018X005,2018-01-01,Lisse-2018X005,"1,452"
Lisse,0.2,1.255,1.042,0.0,-0.031,2019X005,2019-01-01,Lisse-2019X005,"1,424"
Lisse,0.188,1.042,1.136,0.0,0.006,2020X005,2020-01-01,Lisse-2020X005,"1,169"
Lisse,0.192,1.064,1.07,0.0,0.025,2021X005,2021-01-01,Lisse-2021X005,"1,215"
Lisse,0.212,0.9229999999999999,1.26,0.0,-0.002,2022X005,2022-01-01,Lisse-2022X005,"1,053"
Lisse,0.212,0.784,1.21,0.0,0.005,2023X005,2023-01-01,Lisse-2023X005,"0,917"
Lopik,0.745,-0.105,1.1179999999999999,0.0,0.033,2018X005,2018-01-01,Lopik-2018X005,"-0,108"
Lopik,0.6659999999999999,0.027999999999999997,1.185,0.0,-0.038,2019X005,2019-01-01,Lopik-2019X005,"0,02"
Lopik,0.45799999999999996,0.057999999999999996,1.27,0.0,0.107,2022X005,2022-01-01,Lopik-2022X005,"0,093"
Lopik,0.45299999999999996,0.12300000000000001,1.24,0.0,0.047,2023X005,2023-01-01,Lopik-2023X005,"0,09"
Maassluis,0.43,0.28,1.26,0.0,0.05,2023X005,2023-01-01,Maassluis-2023X005,"0,33"
Meerssen,0.306,-0.099,1.375,0.0,-0.022000000000000002,2018X005,2018-01-01,Meerssen-2018X005,"1,246"
Meerssen,0.33799999999999997,-0.051,1.3530000000000002,0.0,0.03,2019X005,2019-01-01,Meerssen-2019X005,"1,145"
Meerssen,0.319,0.013000000000000001,1.37,0.0,-0.013000000000000001,2020X005,2020-01-01,Meerssen-2020X005,"1,247"
Meerssen,0.308,0.047,1.39,0.0,0.054000000000000006,2021X005,2021-01-01,Meerssen-2021X005,"1,167"
Meerssen,0.312,-0.051,1.291,0.0,0.053,2022X005,2022-01-01,Meerssen-2022X005,"1,066"
Meerssen,0.34,-0.21,1.2790000000000001,0.0,0.06,2023X005,2023-01-01,Meerssen-2023X005,"0,877"
Midden-Delfland,0.35,1.33,1.06,0.0,0.07,2023X005,2023-01-01,Midden-Delfland-2023X005,"1,36"
Midden-Groningen,0.158,0.392,1.018,0.0,0.061,2023X005,2023-01-01,Midden-Groningen-2023X005,"0,431"
Montferland,0.33,0.51,1.09,0.0,0.008,2021X005,2021-01-01,Montferland-2021X005,"0,58"
Montferland,0.37,0.53,1.04,0.0,0.066,2022X005,2022-01-01,Montferland-2022X005,"0,62"
Montfoort,0.21100000000000002,0.733,1.242,0.0,0.059000000000000004,2023X005,2023-01-01,Montfoort-2023X005,"0,733"
Mook en Middelaar,0.46,-0.41,1.12,0.0,-0.06,2018X005,2018-01-01,Mook en Middelaar-2018X005,"-0,39"
Mook en Middelaar,0.42,-0.32,1.14,0.0,0.0,2019X005,2019-01-01,Mook en Middelaar-2019X005,"-0,32"
Mook en Middelaar,0.32,-0.16,1.04,0.0,-0.07,2020X005,2020-01-01,Mook en Middelaar-2020X005,"-0,13"
Mook en Middelaar,0.38,-0.18,1.14,0.0,0.04,2021X005,2021-01-01,Mook en Middelaar-2021X005,"-0,15"
Mook en Middelaar,0.434,-0.266,1.04,0.0,0.08,2022X005,2022-01-01,Mook en Middelaar-2022X005,"-0,228"
Mook en Middelaar,0.42,-0.21,1.04,0.0,0.01,2023X005,2023-01-01,Mook en Middelaar-2023X005,"-0,19"
Nederweert,0.52,-0.64,1.02,0.0,0.01,2020X005,2020-01-01,Nederweert-2020X005,"-0,63"
Nederweert,0.48,-0.73,1.03,0.0,0.01,2021X005,2021-01-01,Nederweert-2021X005,"-0,71"
Noardeast-Fryslân,0.29,0.28,1.07,0.0,0.13,2021X005,2021-01-01,Noardeast-Fryslân-2021X005,"0,3"
Noordenveld,0.231,0.47600000000000003,0.87,0.0,0.05,2022X005,2022-01-01,Noordenveld-2022X005,"0,498"
Oost Gelre,0.355,0.59,0.71,0.0,0.09300000000000001,2022X005,2022-01-01,Oost Gelre-2022X005,"0,726"
Oostzaan,0.14300000000000002,1.057,1.218,0.0,0.027000000000000003,2019X005,2019-01-01,Oostzaan-2019X005,"1,077"
Oostzaan,0.096,0.27,1.348,0.0,0.001,2020X005,2020-01-01,Oostzaan-2020X005,"0,251"
Oostzaan,0.08199999999999999,1.09,1.296,0.0,0.011000000000000001,2021X005,2021-01-01,Oostzaan-2021X005,"1,041"
Oostzaan,0.142,0.972,1.32,0.0,0.036000000000000004,2022X005,2022-01-01,Oostzaan-2022X005,"0,989"
Oostzaan,0.214,0.568,1.2229999999999999,0.0,0.165,2023X005,2023-01-01,Oostzaan-2023X005,"0,535"
Oss,0.511,0.055999999999999994,0.953,0.0,0.052000000000000005,2021X005,2021-01-01,Oss-2021X005,"0,124"
Oss,0.539,-0.018000000000000002,0.8959999999999999,0.0,0.08199999999999999,2022X005,2022-01-01,Oss-2022X005,"0,047"
Oss,0.59,0.008,0.883,0.0,0.07400000000000001,2023X005,2023-01-01,Oss-2023X005,"0,08"
Ouder-Amstel,0.39,-0.174,1.12,0.0,0.009000000000000001,2020X005,2020-01-01,Ouder-Amstel-2020X005,"-0,174"
Ouder-Amstel,0.307,-0.18100000000000002,1.1,0.0,-0.005,2021X005,2021-01-01,Ouder-Amstel-2021X005,"-0,181"
Ouder-Amstel,0.433,-0.172,1.03,0.0,0.033,2022X005,2022-01-01,Ouder-Amstel-2022X005,"-0,089"
Ouder-Amstel,0.37,-0.16,1.06,0.0,0.02,2023X005,2023-01-01,Ouder-Amstel-2023X005,"-0,1"
Renkum,0.23800000000000002,0.248,1.38,0.0,0.005,2021X005,2021-01-01,Renkum-2021X005,"0,299"
Roermond,0.289,0.48,0.948,0.0,-0.025,2018X005,2018-01-01,Roermond-2018X005,"0,51"
Rozendaal,0.79,-1.07,1.2,0.0,0.1,2022X005,2022-01-01,Rozendaal-2022X005,"-1,07"
Rozendaal,0.677,-0.55,1.3,0.0,-0.068,2023X005,2023-01-01,Rozendaal-2023X005,"-0,55"
Schiermonnikoog,0.22,0.76,1.14,0.0,0.013999999999999999,2018X005,2018-01-01,Schiermonnikoog-2018X005,"0,82"
Schiermonnikoog,0.272,0.662,1.1,0.0,0.009000000000000001,2019X005,2019-01-01,Schiermonnikoog-2019X005,"0,711"
Schiermonnikoog,0.26,0.38,1.1,0.0,-0.021,2020X005,2020-01-01,Schiermonnikoog-2020X005,"0,42"
Simpelveld,0.45,0.25,1.04,0.0,0.0,2018X005,2018-01-01,Simpelveld-2018X005,"0,32"
Simpelveld,0.48,0.21,1.13,0.0,0.03,2019X005,2019-01-01,Simpelveld-2019X005,"0,26"
Simpelveld,0.35,0.19,1.19,0.0,0.0,2020X005,2020-01-01,Simpelveld-2020X005,"0,25"
Simpelveld,0.32,0.31,1.12,0.0,0.0,2021X005,2021-01-01,Simpelveld-2021X005,"0,38"
Simpelveld,0.324,0.289,1.09,0.0,0.04,2022X005,2022-01-01,Simpelveld-2022X005,"0,349"
Simpelveld,0.312,0.26899999999999996,1.05,0.0,0.01,2023X005,2023-01-01,Simpelveld-2023X005,"0,321"
Sluis,0.365,0.36700000000000005,0.94,0.0,0.06,2022X005,2022-01-01,Sluis-2022X005,"0,381"
Smallingerland,0.29,0.57,1.05,0.0,0.02,2020X005,2020-01-01,Smallingerland-2020X005,"0,6"
Smallingerland,0.32,0.53,1.03,0.0,0.02,2021X005,2021-01-01,Smallingerland-2021X005,"0,55"
Smallingerland,0.31,0.59,1.01,0.0,0.03,2023X005,2023-01-01,Smallingerland-2023X005,"0,6"
Stadskanaal,0.39299999999999996,0.249,0.89,0.0,0.048,2022X005,2022-01-01,Stadskanaal-2022X005,"0,281"
Staphorst,0.85,-0.51,0.93,0.0,0.08,2021X005,2021-01-01,Staphorst-2021X005,"-0,47"
Stede Broec,0.21,0.35,1.24,0.0,0.01,2020X005,2020-01-01,Stede Broec-2020X005,"0,67"
Stede Broec,0.254,0.256,1.13,0.0,0.0,2022X005,2022-01-01,Stede Broec-2022X005,"0,487"
Stein,0.27,0.98,1.03,0.0,0.023,2020X005,2020-01-01,Stein-2020X005,"1,03"
Texel,0.27,0.37,0.9,0.0,0.01,2018X005,2018-01-01,Texel-2018X005,"0,46"
Tiel,0.2,0.72,1.08,0.0,0.009000000000000001,2020X005,2020-01-01,Tiel-2020X005,"0,77"
Tiel,0.259,0.62,1.13,0.0,0.046,2022X005,2022-01-01,Tiel-2022X005,"0,64"
Tiel,0.29,0.6,1.08,0.0,0.055,2023X005,2023-01-01,Tiel-2023X005,"0,61"
Tubbergen,0.674,-0.019,0.9,0.0,0.008,2021X005,2021-01-01,Tubbergen-2021X005,"-0,051"
Uitgeest,0.34,0.257,1.07,0.0,-0.031,2019X005,2019-01-01,Uitgeest-2019X005,"0,292"
Uithoorn,0.49,0.38,1.18,0.0,0.06,2022X005,2022-01-01,Uithoorn-2022X005,"0,32"
Uithoorn,0.44,0.4,1.05,0.0,0.02,2023X005,2023-01-01,Uithoorn-2023X005,"0,38"
Valkenburg aan de Geul,0.568,-0.161,1.0290000000000001,0.0,0.071,2018X005,2018-01-01,Valkenburg aan de Geul-2018X005,"-0,145"
Valkenburg aan de Geul,0.59,-0.18100000000000002,0.977,0.0,0.094,2019X005,2019-01-01,Valkenburg aan de Geul-2019X005,"-0,18"
Valkenburg aan de Geul,0.626,-0.139,0.9990000000000001,0.0,0.038,2020X005,2020-01-01,Valkenburg aan de Geul-2020X005,"-0,122"
Valkenburg aan de Geul,0.597,-0.153,0.9840000000000001,0.0,0.016,2021X005,2021-01-01,Valkenburg aan de Geul-2021X005,"-0,134"
Valkenburg aan de Geul,0.758,-0.465,0.941,0.0,0.043,2023X005,2023-01-01,Valkenburg aan de Geul-2023X005,"-0,448"
Valkenswaard,0.29,0.46,1.12,0.0,0.03,2021X005,2021-01-01,Valkenswaard-2021X005,"0,46"
Venray,0.3,0.48,0.93,0.0,0.01,2019X005,2019-01-01,Venray-2019X005,"0,61"
Venray,0.42,0.34,0.9,0.0,0.08,2023X005,2023-01-01,Venray-2023X005,"0,43"
Vijfheerenlanden,0.273,0.745,1.238,0.0,0.069,2022X005,2022-01-01,Vijfheerenlanden-2022X005,"0,789"
Vlieland,0.41,0.26,0.9,0.0,0.19,2018X005,2018-01-01,Vlieland-2018X005,"0,39"
Vlieland,0.44,0.09,0.9,0.0,0.16,2019X005,2019-01-01,Vlieland-2019X005,"0,29"
Vlieland,0.22,0.55,0.89,0.0,0.06,2020X005,2020-01-01,Vlieland-2020X005,"0,73"
Vlieland,0.19,1.71,0.92,0.0,0.08,2021X005,2021-01-01,Vlieland-2021X005,"2,47"
Vlieland,0.13,1.68,0.87,0.0,0.09,2022X005,2022-01-01,Vlieland-2022X005,"2,35"
Vlieland,0.151,1.4,0.88,0.0,0.1,2023X005,2023-01-01,Vlieland-2023X005,2
Voerendaal,0.358,0.647,1.084,0.0,-0.018000000000000002,2018X005,2018-01-01,Voerendaal-2018X005,"1,135"
Voerendaal,0.425,0.66,1.131,0.0,-0.016,2019X005,2019-01-01,Voerendaal-2019X005,"0,71"
Voerendaal,0.418,0.578,1.19,0.0,0.033,2020X005,2020-01-01,Voerendaal-2020X005,"0,653"
Voerendaal,0.45299999999999996,0.7140000000000001,1.097,0.0,0.055,2021X005,2021-01-01,Voerendaal-2021X005,"0,788"
Voerendaal,0.382,0.39799999999999996,1.07,0.0,0.06,2022X005,2022-01-01,Voerendaal-2022X005,"0,428"
Voerendaal,0.39,0.4,1.09,0.0,0.04,2023X005,2023-01-01,Voerendaal-2023X005,"0,46"
Waalwijk,0.39,0.67,0.81,0.0,0.033,2023X005,2023-01-01,Waalwijk-2023X005,"0,77"
Wassenaar,0.625,-0.409,1.72,0.0,0.053,2022X005,2022-01-01,Wassenaar-2022X005,"-0,349"
Wassenaar,0.605,-0.262,1.666,0.0,-0.013999999999999999,2023X005,2023-01-01,Wassenaar-2023X005,"-0,205"
Waterland,0.316,0.563,1.055,0.0,0.0,2018X005,2018-01-01,Waterland-2018X005,"0,58"
Waterland,0.237,0.547,1.028,0.0,-0.013999999999999999,2019X005,2019-01-01,Waterland-2019X005,"0,563"
Waterland,0.245,0.5539999999999999,0.993,0.0,0.013999999999999999,2023X005,2023-01-01,Waterland-2023X005,"0,574"
West Maas en Waal,0.21,0.34,1.01,0.0,0.0,2020X005,2020-01-01,West Maas en Waal-2020X005,"0,66"
Westervoort,0.09,0.63,1.06,0.0,-0.078,2019X005,2019-01-01,Westervoort-2019X005,"0,68"
Westervoort,0.03,0.63,1.07,0.0,-0.034,2020X005,2020-01-01,Westervoort-2020X005,"0,67"
Wierden,0.292,0.18899999999999997,1.006,0.0,0.006,2020X005,2020-01-01,Wierden-2020X005,"0,345"
Wierden,0.298,0.387,1.0190000000000001,0.0,0.024,2021X005,2021-01-01,Wierden-2021X005,"0,522"
Wijchen,0.53,-0.16,1.04,0.0,0.037000000000000005,2022X005,2022-01-01,Wijchen-2022X005,"-0,04"
Wijchen,0.54,-0.2,0.95,0.0,0.04,2023X005,2023-01-01,Wijchen-2023X005,"-0,09"
Wijdemeren,0.22,0.62,0.24,0.0,-0.02,2021X005,2021-01-01,Wijdemeren-2021X005,"0,61"
Wijdemeren,0.23,0.54,1.35,0.0,-0.03,2022X005,2022-01-01,Wijdemeren-2022X005,"0,52"
Wijdemeren,0.24,0.46,1.58,0.0,0.0,2023X005,2023-01-01,Wijdemeren-2023X005,"0,44"
Wormerland,0.41,0.33,1.22,0.0,0.01,2019X005,2019-01-01,Wormerland-2019X005,"0,23"
Wormerland,0.38,0.31,1.21,0.0,-0.04,2020X005,2020-01-01,Wormerland-2020X005,"0,22"
Wormerland,0.36,0.32,1.22,0.0,0.04,2021X005,2021-01-01,Wormerland-2021X005,"0,22"
Wormerland,0.371,0.135,1.21,0.0,0.03,2022X005,2022-01-01,Wormerland-2022X005,"0,215"
Wormerland,0.36,0.07,1.04,0.0,0.01,2023X005,2023-01-01,Wormerland-2023X005,"0,12"
Zwijndrecht,0.24,0.97,1.08,0.0,0.02,2023X005,2023-01-01,Zwijndrecht-2023X005,"1,01"
Aalsmeer,0.47,0.41,1.0959999999999999,0.04,0.04,2024X000,2024-01-01,Aalsmeer-2024X000,"0,43"
Aalten,0.284,0.364,0.6409999999999999,-1.1,-0.06,2024X000,2024-01-01,Aalten-2024X000,"0,421"
Albrandswaard,0.42,0.38,1.24,0.01,-0.012,2024X000,2024-01-01,Albrandswaard-2024X000,"0,4"
Alkmaar,0.213,0.8170000000000001,0.84,0.049,0.004,2024X000,2024-01-01,Alkmaar-2024X000,"0,849"
Almere,0.38,0.47,1.085,0.2,0.006,2024X000,2024-01-01,Almere-2024X000,"0,47"
Alphen aan den Rijn,0.52,0.34,1.17,0.043,0.002,2024X000,2024-01-01,Alphen aan den Rijn-2024X000,"0,456"
Altena,0.214,1.03,1.148,0.073,0.003,2024X000,2024-01-01,Altena-2024X000,"1,005"
Ameland,0.22,0.72,0.97,0.02,-0.01,2024X000,2024-01-01,Ameland-2024X000,"0,73"
Amersfoort,0.24,0.222,1.024,0.043,0.037000000000000005,2024X000,2024-01-01,Amersfoort-2024X000,"0,276"
Amsterdam,0.49,0.95,0.95,-0.025,0.034,2024X000,2024-01-01,Amsterdam-2024X000,"0,59"
Apeldoorn,0.248,0.628,1.01,0.006,0.002,2024X000,2024-01-01,Apeldoorn-2024X000,"0,671"
Arnhem,0.24,0.56,1.12,0.05,0.03,2024X000,2024-01-01,Arnhem-2024X000,"0,62"
Assen,0.311,0.81,0.935,0.086,-0.027999999999999997,2024X000,2024-01-01,Assen-2024X000,"0,822"
Barneveld,0.22899999999999998,1.4909999999999999,0.9470000000000001,0.306,0.012,2024X000,2024-01-01,Barneveld-2024X000,"1,574"
Beekdaelen,0.5539999999999999,0.127,1.0979999999999999,0.001,0.055999999999999994,2024X000,2024-01-01,Beekdaelen-2024X000,"0,184"
Bergeijk,0.345,0.6409999999999999,0.84,-0.018000000000000002,0.09699999999999999,2024X000,2024-01-01,Bergeijk-2024X000,"0,657"
Bergen (L.),0.15,1.23,0.92,0.06,0.06,2024X000,2024-01-01,Bergen (L.)-2024X000,"1,21"
Bergen (NH.),0.37,0.54,1.21,0.07,0.004,2024X000,2024-01-01,Bergen (NH.)-2024X000,"0,58"
Berkelland,0.41700000000000004,0.305,0.9570000000000001,0.01,0.013999999999999999,2024X000,2024-01-01,Berkelland-2024X000,"0,571"
Bernheze,0.609,-0.006,0.816,0.027999999999999997,0.022000000000000002,2024X000,2024-01-01,Bernheze-2024X000,"0,026"
Best,0.545,0.294,1.0070000000000001,0.15,0.027000000000000003,2024X000,2024-01-01,Best-2024X000,"0,35"
Bladel,0.34,0.77,0.75,0.06,0.04,2024X000,2024-01-01,Bladel-2024X000,"0,79"
Bloemendaal,0.475,0.349,2.025,0.061,0.006,2024X000,2024-01-01,Bloemendaal-2024X000,"0,351"
Bodegraven-Reeuwijk,0.22699999999999998,1.172,1.476,-0.015,0.035,2024X000,2024-01-01,Bodegraven-Reeuwijk-2024X000,"1,189"
Boxtel,0.478,0.115,0.99,0.065,0.021,2024X000,2024-01-01,Boxtel-2024X000,"0,156"
Breda,0.163,0.446,0.764,0.031,0.034,2024X000,2024-01-01,Breda-2024X000,"0,58"
Bronckhorst,0.615,0.052000000000000005,1.05,0.005,-0.01,2024X000,2024-01-01,Bronckhorst-2024X000,"0,167"
Brummen,0.195,0.889,1.215,0.145,0.017,2024X000,2024-01-01,Brummen-2024X000,"0,955"
Brunssum,0.528,0.13699999999999998,0.9259999999999999,0.004,0.013999999999999999,2024X000,2024-01-01,Brunssum-2024X000,"0,207"
Bunnik,0.41700000000000004,0.5720000000000001,1.385,0.239,-0.006999999999999999,2024X000,2024-01-01,Bunnik-2024X000,"0,572"
Bunschoten,0.354,0.7090000000000001,0.898,0.17800000000000002,0.040999999999999995,2024X000,2024-01-01,Bunschoten-2024X000,"0,747"
Buren,0.429,-0.126,1.305,9.0,0.023,2024X000,2024-01-01,Buren-2024X000,"-0,126"
Capelle aan den IJssel,0.524,0.316,0.7340000000000001,0.016,0.002,2024X000,2024-01-01,Capelle aan den IJssel-2024X000,"0,324"
Cranendonck,0.303,0.584,1.02,-0.011000000000000001,0.016,2024X000,2024-01-01,Cranendonck-2024X000,"0,488"
Culemborg,0.26,0.56,1.1,0.033,0.124,2024X000,2024-01-01,Culemborg-2024X000,"0,61"
Dalfsen,0.45,0.32,0.88,0.05,0.07400000000000001,2024X000,2024-01-01,Dalfsen-2024X000,"0,38"
Dantumadiel,0.21,0.45,0.88,0.02,0.04,2024X000,2024-01-01,Dantumadiel-2024X000,"0,48"
De Bilt,0.198,0.606,1.119,0.013000000000000001,0.002,2024X000,2024-01-01,De Bilt-2024X000,"0,619"
De Wolden,0.52,0.29,0.93,-0.002,0.037000000000000005,2024X000,2024-01-01,De Wolden-2024X000,"0,39"
Delft,0.466,0.35200000000000004,1.159,0.003,0.015,2024X000,2024-01-01,Delft-2024X000,"0,493"
Deurne,0.29,0.52,1.03,0.07,0.08,2024X000,2024-01-01,Deurne-2024X000,"0,54"
Deventer,0.29,0.46,0.97,0.02,0.044000000000000004,2024X000,2024-01-01,Deventer-2024X000,"0,51"
Diemen,0.33,0.56,1.02,-0.13,0.003,2024X000,2024-01-01,Diemen-2024X000,"0,54"
Dinkelland,0.43700000000000006,0.353,0.905,0.055999999999999994,0.032,2024X000,2024-01-01,Dinkelland-2024X000,"0,312"
Doetinchem,0.29,0.58,0.88,0.16,0.03,2024X000,2024-01-01,Doetinchem-2024X000,"0,63"
Dongen,0.192,1.12,1.0,0.161,0.018000000000000002,2024X000,2024-01-01,Dongen-2024X000,"1,17"
Dordrecht,0.58,0.31,0.98,0.09,0.004,2024X000,2024-01-01,Dordrecht-2024X000,"0,43"
Drechterland,0.53,0.14,1.04,0.02,-0.07,2024X000,2024-01-01,Drechterland-2024X000,"0,24"
Drimmelen,0.32,0.75,0.91,0.03,-0.02,2024X000,2024-01-01,Drimmelen-2024X000,"0,79"
Dronten,0.56,-0.25,0.92,0.03,0.027000000000000003,2024X000,2024-01-01,Dronten-2024X000,"-0,19"
Druten,0.19,0.88,0.76,0.02,0.006999999999999999,2024X000,2024-01-01,Druten-2024X000,"1,03"
Duiven,0.34299999999999997,0.29,0.9059999999999999,0.127,0.026000000000000002,2024X000,2024-01-01,Duiven-2024X000,"0,296"
Eemnes,0.147,1.579,1.19,0.24100000000000002,0.025,2024X000,2024-01-01,Eemnes-2024X000,"1,819"
Eersel,0.6779999999999999,0.223,0.867,0.024,0.013999999999999999,2024X000,2024-01-01,Eersel-2024X000,"-0,222"
Elburg,0.5,0.43,0.89,0.1,0.025,2024X000,2024-01-01,Elburg-2024X000,"0,49"
Emmen,0.168,0.981,0.889,0.066,0.028999999999999998,2024X000,2024-01-01,Emmen-2024X000,"1,14"
Enkhuizen,0.17,0.69,1.07,0.01,-0.01,2024X000,2024-01-01,Enkhuizen-2024X000,"0,78"
Enschede,0.23,0.43,1.07,0.03,0.004,2024X000,2024-01-01,Enschede-2024X000,"0,48"
Epe,0.69,-0.03,1.04,-0.006999999999999999,0.012,2024X000,2024-01-01,Epe-2024X000,"0,03"
Geertruidenberg,0.314,0.39899999999999997,0.93,0.032,0.004,2024X000,2024-01-01,Geertruidenberg-2024X000,"0,441"
Gemert-Bakel,0.25,0.36,1.13,0.08,0.07,2024X000,2024-01-01,Gemert-Bakel-2024X000,"0,55"
Gennep,0.498,0.191,0.91,-0.003,0.008,2024X000,2024-01-01,Gennep-2024X000,"0,212"
Goes,0.34,0.59,1.04,0.06,-0.001,2024X000,2024-01-01,Goes-2024X000,"0,64"
Goirle,0.34,0.63,1.01,0.01,0.05,2024X000,2024-01-01,Goirle-2024X000,"0,63"
Gooise Meren,0.172,0.9229999999999999,1.172,0.027999999999999997,0.006999999999999999,2024X000,2024-01-01,Gooise Meren-2024X000,"0,923"
Groningen,0.099,1.141,1.2409999999999999,0.068,0.003,2024X000,2024-01-01,Groningen-2024X000,"1,426"
Haaksbergen,0.22,0.55,1.09,0.01,0.03,2024X000,2024-01-01,Haaksbergen-2024X000,"0,6"
Haarlemmermeer,0.34600000000000003,0.6809999999999999,0.9990000000000001,0.071,0.027000000000000003,2024X000,2024-01-01,Haarlemmermeer-2024X000,"0,746"
Hardenberg,0.46,0.53,0.89,0.08,0.03,2024X000,2024-01-01,Hardenberg-2024X000,"0,56"
Harderwijk,0.33,0.46,0.8190000000000001,0.2,0.008,2024X000,2024-01-01,Harderwijk-2024X000,"0,47"
Harlingen,0.322,0.544,0.847,0.218,0.005,2024X000,2024-01-01,Harlingen-2024X000,"0,772"
Heemskerk,0.425,0.27399999999999997,0.9490000000000001,-0.009000000000000001,0.002,2024X000,2024-01-01,Heemskerk-2024X000,"0,312"
Heerde,0.27,0.78,1.16,-0.01,0.016,2024X000,2024-01-01,Heerde-2024X000,"0,81"
Heerenveen,0.284,0.556,0.938,-0.001,0.102,2024X000,2024-01-01,Heerenveen-2024X000,"0,557"
Heerlen,0.091,0.8320000000000001,0.8759999999999999,0.024,-0.005,2024X000,2024-01-01,Heerlen-2024X000,"0,828"
Heiloo,0.287,0.41700000000000004,0.995,0.032,0.07200000000000001,2024X000,2024-01-01,Heiloo-2024X000,"0,427"
Helmond,0.509,0.38799999999999996,0.9059999999999999,0.23600000000000002,0.003,2024X000,2024-01-01,Helmond-2024X000,"0,388"
Heusden,0.282,0.6,0.853,0.24,0.039,2024X000,2024-01-01,Heusden-2024X000,"0,639"
Hillegom,0.5670000000000001,0.434,1.179,-0.003,0.003,2024X000,2024-01-01,Hillegom-2024X000,"0,618"
Hof van Twente,0.574,0.315,1.03,0.068,0.006,2024X000,2024-01-01,Hof van Twente-2024X000,"0,362"
Hollands Kroon,0.39,0.72,0.93,0.02,0.04,2024X000,2024-01-01,Hollands Kroon-2024X000,"0,76"
Hoogeveen,0.294,0.5,0.93,0.037000000000000005,0.015,2024X000,2024-01-01,Hoogeveen-2024X000,"0,54"
Hoorn,0.23,0.68,0.84,-0.03,0.002,2024X000,2024-01-01,Hoorn-2024X000,"0,86"
Houten,0.293,0.6,0.9540000000000001,0.011000000000000001,0.006999999999999999,2024X000,2024-01-01,Houten-2024X000,"0,613"
Huizen,0.72,-0.66,0.95,0.06,0.03,2024X000,2024-01-01,Huizen-2024X000,"-0,24"
IJsselstein,0.29100000000000004,0.28800000000000003,1.16,-0.006,-0.009000000000000001,2024X000,2024-01-01,IJsselstein-2024X000,"0,468"
Kampen,0.27,0.65,0.75,0.006,0.021,2024X000,2024-01-01,Kampen-2024X000,"0,72"
Kerkrade,0.126,0.875,1.102,-0.011000000000000001,0.008,2024X000,2024-01-01,Kerkrade-2024X000,"1,023"
Koggenland,0.503,0.14400000000000002,0.941,0.001,0.001,2024X000,2024-01-01,Koggenland-2024X000,"0,144"
Laarbeek,0.69,0.01,0.94,0.14,0.08,2024X000,2024-01-01,Laarbeek-2024X000,"0,01"
Landgraaf,0.294,0.586,0.95,0.038,0.012,2024X000,2024-01-01,Landgraaf-2024X000,"0,674"
Lansingerland,0.64,0.21,1.02,0.27,0.04,2024X000,2024-01-01,Lansingerland-2024X000,"0,22"
Leiden,0.262,1.047,1.3319999999999999,0.005,-0.009000000000000001,2024X000,2024-01-01,Leiden-2024X000,"1,074"
Leiderdorp,0.46299999999999997,0.22399999999999998,1.147,-0.015,0.011000000000000001,2024X000,2024-01-01,Leiderdorp-2024X000,"0,278"
Leidschendam-Voorburg,0.596,0.258,1.001,0.13699999999999998,0.003,2024X000,2024-01-01,Leidschendam-Voorburg-2024X000,"0,322"
Leudal,0.59,0.13,0.88,0.16,0.03,2024X000,2024-01-01,Leudal-2024X000,"0,16"
Leusden,0.59,0.1,0.95,-0.03,0.015,2024X000,2024-01-01,Leusden-2024X000,"0,15"
Lochem,0.54,-0.02,0.85,0.1,0.05,2024X000,2024-01-01,Lochem-2024X000,"0,01"
Loon op Zand,0.281,0.441,0.9420000000000001,-0.006,0.006999999999999999,2024X000,2024-01-01,Loon op Zand-2024X000,"0,452"
Losser,0.326,0.044000000000000004,1.062,-0.001,0.002,2024X000,2024-01-01,Losser-2024X000,"0,044"
Maasdriel,0.306,0.521,1.128,0.092,0.002,2024X000,2024-01-01,Maasdriel-2024X000,"0,518"
Maasgouw,0.385,0.6579999999999999,0.893,0.016,0.171,2024X000,2024-01-01,Maasgouw-2024X000,"0,75"
Maassluis,0.39,0.38,0.97,-0.01,0.03,2024X000,2024-01-01,Maassluis-2024X000,"0,44"
Medemblik,0.53,-0.004,1.1,0.002,0.001,2024X000,2024-01-01,Medemblik-2024X000,"-0,002"
Meierijstad,0.29,0.29,0.9,0.17,0.013999999999999999,2024X000,2024-01-01,Meierijstad-2024X000,"0,3"
Meppel,0.19,0.68,0.87,0.22,0.026000000000000002,2024X000,2024-01-01,Meppel-2024X000,"0,74"
Middelburg,0.36,0.25,0.89,0.22,-0.02,2024X000,2024-01-01,Middelburg-2024X000,"0,38"
Midden-Groningen,0.122,0.6629999999999999,1.0959999999999999,0.01,0.006,2024X000,2024-01-01,Midden-Groningen-2024X000,"0,706"
Moerdijk,0.48,0.14,0.94,0.02,-0.01,2024X000,2024-01-01,Moerdijk-2024X000,"0,24"
Molenlanden,0.467,0.264,1.023,0.032,0.015,2024X000,2024-01-01,Molenlanden-2024X000,"0,237"
Neder-Betuwe,0.34,0.65,1.07,0.04,0.008,2024X000,2024-01-01,Neder-Betuwe-2024X000,"0,66"
Nederweert,0.49,-0.3,0.94,0.03,0.05,2024X000,2024-01-01,Nederweert-2024X000,"-0,29"
Nieuwegein,0.27,0.69,0.89,0.057999999999999996,0.022000000000000002,2024X000,2024-01-01,Nieuwegein-2024X000,"0,46"
Nieuwkoop,0.551,0.159,1.1540000000000001,-0.033,0.026000000000000002,2024X000,2024-01-01,Nieuwkoop-2024X000,"0,207"
Nijkerk,0.27,0.77,0.82,0.28,0.003,2024X000,2024-01-01,Nijkerk-2024X000,"0,8"
Nijmegen,0.18,0.64,1.25,0.26,0.013000000000000001,2024X000,2024-01-01,Nijmegen-2024X000,"0,68"
Nissewaard,0.22,0.644,0.96,0.11,0.003,2024X000,2024-01-01,Nissewaard-2024X000,"0,704"
Noord-Beveland,0.612,0.085,0.8370000000000001,0.002,-0.006,2024X000,2024-01-01,Noord-Beveland-2024X000,"0,134"
Noordenveld,0.204,0.698,0.92,0.03,0.06,2024X000,2024-01-01,Noordenveld-2024X000,"0,725"
Noordoostpolder,0.81,0.55,0.97,0.11,0.017,2024X000,2024-01-01,Noordoostpolder-2024X000,"0,53"
Noordwijk,0.46799999999999997,0.76,1.103,0.11,0.008,2024X000,2024-01-01,Noordwijk-2024X000,"0,865"
Nunspeet,0.485,0.6459999999999999,0.84,0.092,-0.011000000000000001,2024X000,2024-01-01,Nunspeet-2024X000,"0,684"
Oegstgeest,0.29100000000000004,0.555,1.5230000000000001,-0.01,0.027000000000000003,2024X000,2024-01-01,Oegstgeest-2024X000,"0,589"
Oirschot,0.35,0.862,0.81,-0.025,-0.002,2024X000,2024-01-01,Oirschot-2024X000,"0,907"
Oisterwijk,0.18,0.64,1.1,-0.018000000000000002,0.004,2024X000,2024-01-01,Oisterwijk-2024X000,"0,65"
Oldambt,0.379,0.254,0.9540000000000001,0.018000000000000002,0.051,2024X000,2024-01-01,Oldambt-2024X000,"0,254"
Oldebroek,0.34,0.4,0.94,0.01,0.03,2024X000,2024-01-01,Oldebroek-2024X000,"0,49"
Oldenzaal,0.34,0.47,0.95,0.28,-0.01,2024X000,2024-01-01,Oldenzaal-2024X000,"0,52"
Olst-Wijhe,0.201,0.43,1.033,-0.01,0.002,2024X000,2024-01-01,Olst-Wijhe-2024X000,"0,588"
Ommen,0.48,0.22,0.85,-0.08,0.04,2024X000,2024-01-01,Ommen-2024X000,"0,23"
Oost Gelre,0.32,0.62,0.73,0.01,0.019,2024X000,2024-01-01,Oost Gelre-2024X000,"0,75"
Oosterhout,0.595,0.386,0.903,0.063,0.008,2024X000,2024-01-01,Oosterhout-2024X000,"0,46"
Opsterland,0.42700000000000005,0.146,0.82,0.008,-0.006,2024X000,2024-01-01,Opsterland-2024X000,"0,144"
Oss,0.612,0.061,0.878,0.006,0.035,2024X000,2024-01-01,Oss-2024X000,"0,131"
Oude IJsselstreek,0.18100000000000002,0.9079999999999999,0.934,0.003,0.006999999999999999,2024X000,2024-01-01,Oude IJsselstreek-2024X000,"0,992"
Oudewater,0.07,1.65,1.3,0.03,0.012,2024X000,2024-01-01,Oudewater-2024X000,"1,67"
Peel en Maas,0.29,0.63,0.82,0.02,0.03,2024X000,2024-01-01,Peel en Maas-2024X000,"0,7"
Pijnacker-Nootdorp,0.67,0.03,1.04,-0.02,0.52,2024X000,2024-01-01,Pijnacker-Nootdorp-2024X000,"0,08"
Purmerend,0.14400000000000002,1.237,0.9009999999999999,0.083,0.023,2024X000,2024-01-01,Purmerend-2024X000,"1,243"
Raalte,0.38,0.5,0.9,0.03,0.022000000000000002,2024X000,2024-01-01,Raalte-2024X000,"0,55"
Reimerswaal,0.51,0.46,0.96,-0.032,0.04,2024X000,2024-01-01,Reimerswaal-2024X000,"0,47"
Renkum,0.25,0.22,1.25,0.02,-0.004,2024X000,2024-01-01,Renkum-2024X000,"0,26"
Renswoude,0.4,1.28,0.94,0.004,0.17,2024X000,2024-01-01,Renswoude-2024X000,"1,37"
Reusel-De Mierden,0.42200000000000004,0.47100000000000003,0.787,0.038,0.001,2024X000,2024-01-01,Reusel-De Mierden-2024X000,"0,471"
Rhenen,0.304,0.8170000000000001,0.96,0.009000000000000001,0.008,2024X000,2024-01-01,Rhenen-2024X000,"0,878"
Ridderkerk,0.413,0.451,0.9540000000000001,-0.008,-0.001,2024X000,2024-01-01,Ridderkerk-2024X000,"0,473"
Rijssen-Holten,0.5,0.36,0.78,0.07,-0.032,2024X000,2024-01-01,Rijssen-Holten-2024X000,"0,47"
Rijswijk,0.2,1.03,1.08,0.25,0.006,2024X000,2024-01-01,Rijswijk-2024X000,"1,1"
Roerdalen,0.34600000000000003,0.441,0.934,-0.005,-0.005,2024X000,2024-01-01,Roerdalen-2024X000,"0,49"
Roermond,0.284,0.531,0.878,0.015,0.005,2024X000,2024-01-01,Roermond-2024X000,"0,545"
Rotterdam,0.515,0.201,1.08,-0.036000000000000004,-0.016,2024X000,2024-01-01,Rotterdam-2024X000,"0,317"
Schagen,0.37,0.51,1.17,-0.035,0.027999999999999997,2024X000,2024-01-01,Schagen-2024X000,"0,467"
Scherpenzeel,0.308,0.491,0.992,0.325,0.009000000000000001,2024X000,2024-01-01,Scherpenzeel-2024X000,"0,647"
Schiedam,0.225,1.105,1.001,0.065,0.001,2024X000,2024-01-01,Schiedam-2024X000,"1,143"
Schouwen-Duiveland,0.271,0.515,1.069,0.009000000000000001,0.043,2024X000,2024-01-01,Schouwen-Duiveland-2024X000,"0,601"
Sint-Michielsgestel,0.625,-0.009000000000000001,1.079,-0.008,0.038,2024X000,2024-01-01,Sint-Michielsgestel-2024X000,"0,013"
Sliedrecht,0.54,0.35,0.94,-0.03,0.016,2024X000,2024-01-01,Sliedrecht-2024X000,"0,37"
Sluis,0.33,0.59,0.89,0.02,0.03,2024X000,2024-01-01,Sluis-2024X000,"0,59"
Smallingerland,0.22,0.72,0.97,0.02,-0.01,2024X000,2024-01-01,Smallingerland-2024X000,"0,73"
Someren,0.54,0.31,0.9,0.02,-0.01,2024X000,2024-01-01,Someren-2024X000,"0,15"
Stadskanaal,0.46,0.31,0.82,-0.002,0.03,2024X000,2024-01-01,Stadskanaal-2024X000,"0,36"
Staphorst,0.88,-0.25,0.87,0.03,0.08,2024X000,2024-01-01,Staphorst-2024X000,"-0,24"
Steenbergen,0.364,0.195,0.9390000000000001,-0.022000000000000002,0.023,2024X000,2024-01-01,Steenbergen-2024X000,"0,116"
Steenwijkerland,0.23199999999999998,0.5379999999999999,0.703,0.017,0.03,2024X000,2024-01-01,Steenwijkerland-2024X000,"0,585"
Stein,0.3,0.76,1.03,-0.006,0.054000000000000006,2024X000,2024-01-01,Stein-2024X000,"0,78"
Stichtse Vecht,0.18,0.72,1.0979999999999999,-0.008,0.004,2024X000,2024-01-01,Stichtse Vecht-2024X000,"0,72"
Súdwest-Fryslân,0.16,0.664,0.856,0.034,0.005,2024X000,2024-01-01,Súdwest-Fryslân-2024X000,"0,72"
Terneuzen,0.514,0.336,0.9229999999999999,0.043,0.024,2024X000,2024-01-01,Terneuzen-2024X000,"0,341"
Terschelling,0.41,0.72,0.89,0.08,0.006999999999999999,2024X000,2024-01-01,Terschelling-2024X000,"0,72"
Texel,0.25,0.79,0.95,0.02,0.03,2024X000,2024-01-01,Texel-2024X000,"0,82"
Teylingen,0.557,0.08,1.113,0.026000000000000002,0.001,2024X000,2024-01-01,Teylingen-2024X000,"0,199"
Tholen,0.49,0.4,0.88,0.04,0.008,2024X000,2024-01-01,Tholen-2024X000,"0,48"
Tilburg,0.51,0.46,0.73,0.026000000000000002,0.025,2024X000,2024-01-01,Tilburg-2024X000,"0,49"
Tubbergen,0.344,0.132,0.893,-0.021,0.022000000000000002,2024X000,2024-01-01,Tubbergen-2024X000,"0,122"
Twenterand,0.375,0.32299999999999995,1.022,0.027999999999999997,0.017,2024X000,2024-01-01,Twenterand-2024X000,"0,458"
Tytsjerksteradiel,0.449,0.139,0.9590000000000001,0.01,0.021,2024X000,2024-01-01,Tytsjerksteradiel-2024X000,"0,156"
Uitgeest,0.18899999999999997,0.973,1.197,-0.006999999999999999,-0.011000000000000001,2024X000,2024-01-01,Uitgeest-2024X000,"0,978"
Utrecht,0.251,0.857,1.16,0.124,0.015,2024X000,2024-01-01,Utrecht-2024X000,"0,87"
Utrechtse Heuvelrug,0.225,0.6859999999999999,1.181,0.011000000000000001,0.006,2024X000,2024-01-01,Utrechtse Heuvelrug-2024X000,"0,701"
Vaals,0.315,0.314,1.187,0.018000000000000002,0.03,2024X000,2024-01-01,Vaals-2024X000,"0,42"
Veendam,0.622,0.09,1.02,0.1,0.003,2024X000,2024-01-01,Veendam-2024X000,"0,09"
Veenendaal,0.23,0.9,0.78,0.042,0.023,2024X000,2024-01-01,Veenendaal-2024X000,"0,97"
Veere,0.32,0.23,0.84,0.06,0.027000000000000003,2024X000,2024-01-01,Veere-2024X000,"0,29"
Venlo,0.36,0.28,0.9420000000000001,0.02,0.016,2024X000,2024-01-01,Venlo-2024X000,"0,43"
Vijfheerenlanden,0.259,0.7,1.1079999999999999,0.032,0.048,2024X000,2024-01-01,Vijfheerenlanden-2024X000,"0,79"
Vlissingen,0.3,0.33,0.97,0.05,0.05,2024X000,2024-01-01,Vlissingen-2024X000,"0,34"
Voorne aan Zee,0.322,0.965,0.9590000000000001,0.052000000000000005,0.005,2024X000,2024-01-01,Voorne aan Zee-2024X000,"1,018"
Voorschoten,0.1,0.364,1.5659999999999998,0.24,0.63,2024X000,2024-01-01,Voorschoten-2024X000,"0,415"
Voorst,0.2,0.7,1.0,0.1,0.019,2024X000,2024-01-01,Voorst-2024X000,"0,7"
Waadhoeke,0.49,0.06,0.98,0.13,0.05,2024X000,2024-01-01,Waadhoeke-2024X000,"0,07"
Waalre,0.138,0.7659999999999999,1.0290000000000001,0.121,0.002,2024X000,2024-01-01,Waalre-2024X000,"0,785"
Waalwijk,0.36,0.63,0.85,0.06,0.06,2024X000,2024-01-01,Waalwijk-2024X000,"0,75"
Waddinxveen,0.48,0.85,1.02,0.08,0.047,2024X000,2024-01-01,Waddinxveen-2024X000,"0,85"
Wageningen,0.04,0.36700000000000005,0.961,-0.006999999999999999,0.046,2024X000,2024-01-01,Wageningen-2024X000,"0,408"
Weert,0.324,0.5820000000000001,0.9890000000000001,0.028999999999999998,0.006,2024X000,2024-01-01,Weert-2024X000,"0,647"
West Betuwe,0.34,0.79,1.3,0.2,0.004,2024X000,2024-01-01,West Betuwe-2024X000,"0,86"
Westerkwartier,0.247,0.561,1.042,0.027000000000000003,0.052000000000000005,2024X000,2024-01-01,Westerkwartier-2024X000,"0,6"
Westerveld,0.276,0.28800000000000003,0.826,0.002,0.008,2024X000,2024-01-01,Westerveld-2024X000,"0,3"
Wierden,0.40399999999999997,0.366,0.975,-0.022000000000000002,0.013999999999999999,2024X000,2024-01-01,Wierden-2024X000,"0,458"
Wijchen,0.64,-0.14,0.89,-0.03,0.03,2024X000,2024-01-01,Wijchen-2024X000,"-0,03"
Wijdemeren,0.17,0.98,1.35,0.03,-0.01,2024X000,2024-01-01,Wijdemeren-2024X000,"0,96"
Winterswijk,0.35,0.535,0.94,0.059000000000000004,-0.01,2024X000,2024-01-01,Winterswijk-2024X000,"0,582"
Woensdrecht,0.424,0.135,1.0170000000000001,0.027000000000000003,0.026000000000000002,2024X000,2024-01-01,Woensdrecht-2024X000,"0,185"
Woerden,0.19,1.38,1.18,0.01,0.013999999999999999,2024X000,2024-01-01,Woerden-2024X000,"1,38"
Woudenberg,0.418,0.134,1.046,0.109,0.013999999999999999,2024X000,2024-01-01,Woudenberg-2024X000,"0,134"
Zaanstad,0.19699999999999998,1.01,1.1,0.051,0.022000000000000002,2024X000,2024-01-01,Zaanstad-2024X000,"1,07"
Zaltbommel,0.42,0.562,1.18,0.094,0.07400000000000001,2024X000,2024-01-01,Zaltbommel-2024X000,"0,562"
Zevenaar,0.24600000000000002,0.6859999999999999,0.884,0.193,-0.026000000000000002,2024X000,2024-01-01,Zevenaar-2024X000,"0,787"
Zoetermeer,0.5710000000000001,0.28,1.0,0.057999999999999996,0.003,2024X000,2024-01-01,Zoetermeer-2024X000,"0,285"
Aalsmeer,0.532,0.33399999999999996,1.0959999999999999,0.023,0.03,2025X000,2025-01-01,Aalsmeer-2025X000,"0,379"
Aalten,0.284,0.413,0.705,-0.013000000000000001,0.011000000000000001,2025X000,2025-01-01,Aalten-2025X000,"0,47"
Albrandswaard,0.36,0.53,1.24,0.02,0.004,2025X000,2025-01-01,Albrandswaard-2025X000,"0,55"
Almelo,0.3,0.43,1.07,0.02,-0.02,2025X000,2025-01-01,Almelo-2025X000,"0,46"
Almere,0.26,0.7,1.085,0.28,0.011000000000000001,2025X000,2025-01-01,Almere-2025X000,"0,7"
Alphen aan den Rijn,0.39399999999999996,0.617,1.17,0.06,0.005,2025X000,2025-01-01,Alphen aan den Rijn-2025X000,"0,734"
Altena,0.213,1.036,0.995,0.036000000000000004,0.004,2025X000,2025-01-01,Altena-2025X000,"1,001"
Amersfoort,0.209,0.318,1.001,0.012,0.037000000000000005,2025X000,2025-01-01,Amersfoort-2025X000,"0,369"
Amstelveen,0.71,0.09,1.02,0.05,0.04,2025X000,2025-01-01,Amstelveen-2025X000,"0,12"
Amsterdam,0.47,1.01,0.95,-0.016,0.034,2025X000,2025-01-01,Amsterdam-2025X000,"0,65"
Apeldoorn,0.278,0.606,0.985,0.02,0.005,2025X000,2025-01-01,Apeldoorn-2025X000,"0,643"
Assen,0.35,0.71,0.97,0.06,0.013000000000000001,2025X000,2025-01-01,Assen-2025X000,"0,72"
Asten,0.29,0.71,0.98,0.16,0.012,2025X000,2025-01-01,Asten-2025X000,"0,71"
Barendrecht,0.204,1.112,1.188,-0.004,0.004,2025X000,2025-01-01,Barendrecht-2025X000,"1,112"
Barneveld,0.281,1.395,0.976,0.29,0.024,2025X000,2025-01-01,Barneveld-2025X000,"1,468"
Beekdaelen,0.562,0.21899999999999997,1.107,0.047,0.078,2025X000,2025-01-01,Beekdaelen-2025X000,"0,271"
Bergen (NH.),0.32,0.86,1.22,0.08,0.006999999999999999,2025X000,2025-01-01,Bergen (NH.)-2025X000,"0,9"
Bergen op Zoom,0.254,0.5479999999999999,1.0,0.027999999999999997,0.013000000000000001,2025X000,2025-01-01,Bergen op Zoom-2025X000,"0,553"
Berkelland,0.428,0.23800000000000002,1.003,0.016,0.023,2025X000,2025-01-01,Berkelland-2025X000,"0,551"
Bernheze,0.638,0.057999999999999996,0.877,0.017,0.008,2025X000,2025-01-01,Bernheze-2025X000,"0,086"
Beuningen,0.293,0.19,1.02,0.15,-0.004,2025X000,2025-01-01,Beuningen-2025X000,"0,25"
Bodegraven-Reeuwijk,0.237,1.256,1.389,-0.013000000000000001,0.001,2025X000,2025-01-01,Bodegraven-Reeuwijk-2025X000,"1,273"
Boekel,0.45,0.19,1.1,0.5,0.03,2025X000,2025-01-01,Boekel-2025X000,"0,2"
Borne,0.3,0.84,1.05,0.27,0.04,2025X000,2025-01-01,Borne-2025X000,"0,84"
Boxtel,0.49700000000000005,0.128,0.99,0.06,0.018000000000000002,2025X000,2025-01-01,Boxtel-2025X000,"0,166"
Breda,0.146,0.517,0.7859999999999999,0.032,0.016,2025X000,2025-01-01,Breda-2025X000,"0,646"
Bronckhorst,0.583,0.086,1.09,-0.002,0.002,2025X000,2025-01-01,Bronckhorst-2025X000,"0,193"
Brummen,0.23399999999999999,0.759,1.069,0.10099999999999999,0.023,2025X000,2025-01-01,Brummen-2025X000,"0,819"
Brunssum,0.525,0.077,0.955,-0.006999999999999999,0.013999999999999999,2025X000,2025-01-01,Brunssum-2025X000,"0,142"
Bunnik,0.423,0.409,1.369,0.13,0.003,2025X000,2025-01-01,Bunnik-2025X000,"0,409"
Bunschoten,0.315,0.762,0.9109999999999999,0.308,-0.003,2025X000,2025-01-01,Bunschoten-2025X000,"0,922"
Capelle aan den IJssel,0.479,0.45399999999999996,0.768,0.011000000000000001,0.001,2025X000,2025-01-01,Capelle aan den IJssel-2025X000,"0,462"
Castricum,0.29,0.55,0.96,0.07,-0.01,2025X000,2025-01-01,Castricum-2025X000,"0,58"
Cranendonck,0.276,0.721,1.02,0.001,0.003,2025X000,2025-01-01,Cranendonck-2025X000,"0,739"
Culemborg,0.25,0.55,1.1,0.022000000000000002,0.005,2025X000,2025-01-01,Culemborg-2025X000,"0,67"
Dalfsen,0.45,0.29,0.88,0.03,0.009000000000000001,2025X000,2025-01-01,Dalfsen-2025X000,"0,34"
Dantumadiel,0.18,0.64,0.85,0.02,0.04,2025X000,2025-01-01,Dantumadiel-2025X000,"0,67"
De Bilt,0.179,0.726,1.1159999999999999,0.013000000000000001,0.002,2025X000,2025-01-01,De Bilt-2025X000,"0,74"
De Wolden,0.42,0.5,0.91,0.011000000000000001,-0.018000000000000002,2025X000,2025-01-01,De Wolden-2025X000,"0,42"
Delft,0.395,0.368,1.2,-0.012,0.009000000000000001,2025X000,2025-01-01,Delft-2025X000,"0,503"
Deurne,0.3,0.48,1.08,0.005,0.001,2025X000,2025-01-01,Deurne-2025X000,"0,5"
Deventer,0.39,0.41,0.98,0.03,0.036000000000000004,2025X000,2025-01-01,Deventer-2025X000,"0,45"
Diemen,0.4,0.57,1.02,-0.26,0.006,2025X000,2025-01-01,Diemen-2025X000,"0,57"
Dinkelland,0.41200000000000003,0.36700000000000005,0.905,0.017,0.017,2025X000,2025-01-01,Dinkelland-2025X000,"0,321"
Dongen,0.217,1.08,0.95,0.147,0.022000000000000002,2025X000,2025-01-01,Dongen-2025X000,"1,12"
Dordrecht,0.56,0.38,0.88,0.03,0.011000000000000001,2025X000,2025-01-01,Dordrecht-2025X000,"0,49"
Druten,0.21,0.75,0.97,0.11,-0.017,2025X000,2025-01-01,Druten-2025X000,"0,88"
Duiven,0.324,0.28600000000000003,0.981,0.109,0.040999999999999995,2025X000,2025-01-01,Duiven-2025X000,"0,292"
Echt-Susteren,0.365,0.669,0.932,0.017,0.002,2025X000,2025-01-01,Echt-Susteren-2025X000,"0,63"
Eemnes,0.122,1.1520000000000001,0.95,0.527,-0.044000000000000004,2025X000,2025-01-01,Eemnes-2025X000,"1,512"
Eemsdelta,0.12300000000000001,0.55,0.996,-0.008,0.043,2025X000,2025-01-01,Eemsdelta-2025X000,"0,531"
Eersel,0.748,-0.5770000000000001,0.861,0.02,-0.006,2025X000,2025-01-01,Eersel-2025X000,"-0,577"
Emmen,0.182,1.006,0.851,0.10099999999999999,0.040999999999999995,2025X000,2025-01-01,Emmen-2025X000,"1,146"
Enkhuizen,0.14,0.67,1.03,0.07,-0.01,2025X000,2025-01-01,Enkhuizen-2025X000,"0,75"
Epe,0.64,0.094,1.01,-0.004,0.024,2025X000,2025-01-01,Epe-2025X000,"0,156"
Geertruidenberg,0.284,0.6409999999999999,0.91,0.011000000000000001,0.001,2025X000,2025-01-01,Geertruidenberg-2025X000,"0,685"
Gennep,0.544,0.146,0.912,-0.009000000000000001,0.019,2025X000,2025-01-01,Gennep-2025X000,"0,166"
Goeree-Overflakkee,0.512,0.267,0.9440000000000001,0.025,0.016,2025X000,2025-01-01,Goeree-Overflakkee-2025X000,"0,352"
Goes,0.3,0.91,1.04,0.04,0.022000000000000002,2025X000,2025-01-01,Goes-2025X000,"0,97"
Goirle,0.47,0.47,1.0,0.03,0.06,2025X000,2025-01-01,Goirle-2025X000,"0,46"
Gorinchem,0.369,0.873,0.96,0.34700000000000003,0.031,2025X000,2025-01-01,Gorinchem-2025X000,"0,864"
Gouda,0.214,0.821,1.2790000000000001,0.044000000000000004,0.006999999999999999,2025X000,2025-01-01,Gouda-2025X000,"0,824"
Groningen,0.109,1.103,1.24,0.027999999999999997,0.005,2025X000,2025-01-01,Groningen-2025X000,"1,34"
Haaksbergen,0.22,0.51,1.08,0.01,0.03,2025X000,2025-01-01,Haaksbergen-2025X000,"0,56"
Haarlemmermeer,0.316,0.807,1.075,0.077,0.027000000000000003,2025X000,2025-01-01,Haarlemmermeer-2025X000,"0,872"
Halderberge,0.16699999999999998,0.997,0.9570000000000001,-0.054000000000000006,0.022000000000000002,2025X000,2025-01-01,Halderberge-2025X000,"1,012"
Harderwijk,0.32,0.49,0.86,0.16,0.011000000000000001,2025X000,2025-01-01,Harderwijk-2025X000,"0,51"
Harlingen,0.287,0.797,0.924,0.11800000000000001,0.131,2025X000,2025-01-01,Harlingen-2025X000,"0,803"
Hattem,0.078,1.01,1.11,0.033,-0.033,2025X000,2025-01-01,Hattem-2025X000,"1,25"
Heemskerk,0.373,0.397,1.08,0.017,0.001,2025X000,2025-01-01,Heemskerk-2025X000,"0,436"
Heerde,0.29,0.91,1.16,0.01,0.039,2025X000,2025-01-01,Heerde-2025X000,"0,96"
Heerenveen,0.24100000000000002,0.6990000000000001,0.922,0.006,0.067,2025X000,2025-01-01,Heerenveen-2025X000,"0,704"
Heerlen,0.092,0.9109999999999999,0.8759999999999999,0.025,0.018000000000000002,2025X000,2025-01-01,Heerlen-2025X000,"0,906"
Heiloo,0.282,0.723,0.9790000000000001,0.043,-0.022000000000000002,2025X000,2025-01-01,Heiloo-2025X000,"0,732"
Hellendoorn,0.28300000000000003,0.528,0.9520000000000001,0.016,0.016,2025X000,2025-01-01,Hellendoorn-2025X000,"0,627"
Helmond,0.508,0.408,0.894,0.28300000000000003,0.001,2025X000,2025-01-01,Helmond-2025X000,"0,408"
Hendrik-Ido-Ambacht,0.53,0.17,1.17,0.01,-0.013000000000000001,2025X000,2025-01-01,Hendrik-Ido-Ambacht-2025X000,"0,12"
Hengelo,0.22,0.39,0.88,0.1,0.017,2025X000,2025-01-01,Hengelo-2025X000,"0,94"
Het Hogeland,0.27,0.48,1.0,0.02,-0.03,2025X000,2025-01-01,Het Hogeland-2025X000,"0,53"
Heumen,0.21,0.8,0.97,0.55,0.006,2025X000,2025-01-01,Heumen-2025X000,"0,98"
Heusden,0.33399999999999996,0.565,0.81,0.28800000000000003,0.054000000000000006,2025X000,2025-01-01,Heusden-2025X000,"0,604"
Hillegom,0.502,0.52,1.237,-0.01,0.008,2025X000,2025-01-01,Hillegom-2025X000,"0,727"
Hilversum,0.23,0.58,0.97,0.015,0.005,2025X000,2025-01-01,Hilversum-2025X000,"0,64"
Hof van Twente,0.59,0.32,1.07,0.055,0.003,2025X000,2025-01-01,Hof van Twente-2025X000,"0,366"
Hollands Kroon,0.29100000000000004,0.843,0.98,0.06,0.067,2025X000,2025-01-01,Hollands Kroon-2025X000,"0,884"
Hoogeveen,0.282,0.51,0.92,0.076,0.003,2025X000,2025-01-01,Hoogeveen-2025X000,"0,57"
Hoorn,0.23,0.69,0.94,-0.03,-0.008,2025X000,2025-01-01,Hoorn-2025X000,"0,87"
Horst aan de Maas,0.37,0.57,0.97,0.01,0.03,2025X000,2025-01-01,Horst aan de Maas-2025X000,"0,62"
Houten,0.301,0.515,1.0290000000000001,0.008,-0.009000000000000001,2025X000,2025-01-01,Houten-2025X000,"0,524"
Huizen,0.64,-0.4,1.0,-0.01,0.03,2025X000,2025-01-01,Huizen-2025X000,"0,03"
Hulst,0.373,0.505,0.9440000000000001,0.066,0.023,2025X000,2025-01-01,Hulst-2025X000,"0,51"
IJsselstein,0.324,0.23399999999999999,1.129,0.013000000000000001,0.023,2025X000,2025-01-01,IJsselstein-2025X000,"0,261"
Koggenland,0.512,0.237,0.9470000000000001,-0.019,0.002,2025X000,2025-01-01,Koggenland-2025X000,"0,237"
Krimpen aan den IJssel,0.387,0.569,1.19,0.071,0.013999999999999999,2025X000,2025-01-01,Krimpen aan den IJssel-2025X000,"0,681"
Laarbeek,0.77,-0.03,0.94,0.02,-0.01,2025X000,2025-01-01,Laarbeek-2025X000,"-0,03"
Landgraaf,0.259,0.6759999999999999,0.975,0.038,0.003,2025X000,2025-01-01,Landgraaf-2025X000,"0,764"
Laren,0.262,0.39299999999999996,1.635,-0.038,0.009000000000000001,2025X000,2025-01-01,Laren-2025X000,"0,775"
Leeuwarden,0.139,0.722,0.8240000000000001,0.268,-0.003,2025X000,2025-01-01,Leeuwarden-2025X000,"0,728"
Leiden,0.23399999999999999,1.229,1.3319999999999999,0.003,0.025,2025X000,2025-01-01,Leiden-2025X000,"1,255"
Leiderdorp,0.395,0.47200000000000003,1.147,-0.009000000000000001,0.022000000000000002,2025X000,2025-01-01,Leiderdorp-2025X000,"0,525"
Leidschendam-Voorburg,0.585,0.253,1.023,0.068,0.005,2025X000,2025-01-01,Leidschendam-Voorburg-2025X000,"0,313"
Lelystad,0.24,0.04,1.0,-0.11,-0.006999999999999999,2025X000,2025-01-01,Lelystad-2025X000,"0,11"
Leudal,0.61,0.21,0.91,0.01,0.03,2025X000,2025-01-01,Leudal-2025X000,"0,24"
Leusden,0.56,0.01,0.92,-0.05,0.011000000000000001,2025X000,2025-01-01,Leusden-2025X000,"0,06"
Lochem,0.41,0.31,0.89,0.11,-0.01,2025X000,2025-01-01,Lochem-2025X000,"0,33"
Loon op Zand,0.255,0.49,0.115,-0.006,0.017,2025X000,2025-01-01,Loon op Zand-2025X000,"0,511"
Losser,0.295,0.053,1.0290000000000001,-0.001,0.002,2025X000,2025-01-01,Losser-2025X000,"0,053"
Maasdriel,0.255,1.015,1.042,0.079,0.009000000000000001,2025X000,2025-01-01,Maasdriel-2025X000,"1,014"
Maasgouw,0.40700000000000003,0.639,0.897,0.017,0.023,2025X000,2025-01-01,Maasgouw-2025X000,"0,728"
Maastricht,0.022000000000000002,0.66,1.07,0.02,0.03,2025X000,2025-01-01,Maastricht-2025X000,"0,79"
Meierijstad,0.37,0.46,0.86,0.05,0.002,2025X000,2025-01-01,Meierijstad-2025X000,"0,46"
Meppel,0.26,0.66,0.85,0.19,0.036000000000000004,2025X000,2025-01-01,Meppel-2025X000,"0,71"
Midden-Delfland,0.32,1.34,1.1,0.04,0.06,2025X000,2025-01-01,Midden-Delfland-2025X000,"1,37"
Midden-Drenthe,0.26,0.48,0.7909999999999999,0.024,0.042,2025X000,2025-01-01,Midden-Drenthe-2025X000,"0,52"
Moerdijk,0.44,0.31,0.92,0.02,0.03,2025X000,2025-01-01,Moerdijk-2025X000,"0,41"
Molenlanden,0.465,0.276,1.074,0.028999999999999998,0.015,2025X000,2025-01-01,Molenlanden-2025X000,"0,298"
Neder-Betuwe,0.26,0.92,1.09,0.01,0.004,2025X000,2025-01-01,Neder-Betuwe-2025X000,"0,93"
Nieuwegein,0.26,0.7,0.93,0.081,0.015,2025X000,2025-01-01,Nieuwegein-2025X000,"0,64"
Nieuwkoop,0.524,0.06,1.203,-0.08,0.038,2025X000,2025-01-01,Nieuwkoop-2025X000,"0,096"
Nijkerk,0.25,0.98,0.82,0.37,0.003,2025X000,2025-01-01,Nijkerk-2025X000,"1,02"
Nijmegen,0.24,0.47,1.25,0.16,0.011000000000000001,2025X000,2025-01-01,Nijmegen-2025X000,"0,48"
Nissewaard,0.212,0.748,0.96,0.11,0.021,2025X000,2025-01-01,Nissewaard-2025X000,"0,716"
Noord-Beveland,0.682,-0.043,0.777,0.022000000000000002,-0.001,2025X000,2025-01-01,Noord-Beveland-2025X000,"-0,015"
Noordwijk,0.444,0.7340000000000001,1.103,0.037000000000000005,0.002,2025X000,2025-01-01,Noordwijk-2025X000,"0,826"
Nunspeet,0.523,0.524,0.86,0.34700000000000003,-0.031,2025X000,2025-01-01,Nunspeet-2025X000,"0,556"
Oirschot,0.222,1.676,0.945,0.24100000000000002,0.003,2025X000,2025-01-01,Oirschot-2025X000,"1,668"
Oisterwijk,0.23,0.42,1.1,0.023,0.019,2025X000,2025-01-01,Oisterwijk-2025X000,"0,46"
Oldambt,0.39299999999999996,0.301,1.03,0.011000000000000001,0.018000000000000002,2025X000,2025-01-01,Oldambt-2025X000,"0,301"
Oldenzaal,0.5,0.41,0.96,0.22,0.03,2025X000,2025-01-01,Oldenzaal-2025X000,"0,46"
Ommen,0.54,0.11,0.85,-0.03,0.05,2025X000,2025-01-01,Ommen-2025X000,"0,12"
Oost Gelre,0.35,0.57,0.74,0.001,0.016,2025X000,2025-01-01,Oost Gelre-2025X000,"0,68"
Oosterhout,0.628,0.311,0.95,0.057999999999999996,0.033,2025X000,2025-01-01,Oosterhout-2025X000,"0,371"
Oostzaan,0.21,0.9390000000000001,1.4069999999999998,0.001,-0.006999999999999999,2025X000,2025-01-01,Oostzaan-2025X000,"0,896"
Opmeer,0.67,0.19,1.31,0.11,0.06,2025X000,2025-01-01,Opmeer-2025X000,"0,19"
Opsterland,0.40299999999999997,0.368,0.813,0.002,0.013999999999999999,2025X000,2025-01-01,Opsterland-2025X000,"0,366"
Oss,0.494,0.294,0.9640000000000001,0.013000000000000001,0.013000000000000001,2025X000,2025-01-01,Oss-2025X000,"0,361"
Oude IJsselstreek,0.18100000000000002,0.9079999999999999,0.934,0.004,0.003,2025X000,2025-01-01,Oude IJsselstreek-2025X000,"0,992"
Oudewater,0.14,1.26,1.28,0.13,0.017,2025X000,2025-01-01,Oudewater-2025X000,"1,27"
Overbetuwe,0.18899999999999997,1.038,0.8640000000000001,0.055,0.002,2025X000,2025-01-01,Overbetuwe-2025X000,"1,096"
Pekela,0.45,-0.069,0.97,0.02,0.015,2025X000,2025-01-01,Pekela-2025X000,"-0,067"
Pijnacker-Nootdorp,0.71,-0.03,1.04,-0.04,0.225,2025X000,2025-01-01,Pijnacker-Nootdorp-2025X000,"0,02"
Purmerend,0.171,1.113,0.89,0.075,0.021,2025X000,2025-01-01,Purmerend-2025X000,"1,163"
Putten,0.47,0.19,0.72,0.12,0.07,2025X000,2025-01-01,Putten-2025X000,"0,26"
Raalte,0.43,0.36,0.88,-0.05,0.013999999999999999,2025X000,2025-01-01,Raalte-2025X000,"0,4"
Reimerswaal,0.51,0.48,0.94,-0.043,0.03,2025X000,2025-01-01,Reimerswaal-2025X000,"0,57"
Renkum,0.26,0.3,1.33,0.02,0.001,2025X000,2025-01-01,Renkum-2025X000,"0,34"
Renswoude,0.32,1.62,0.96,0.033,0.19,2025X000,2025-01-01,Renswoude-2025X000,"1,72"
Reusel-De Mierden,0.529,0.528,1.08,0.013000000000000001,0.053,2025X000,2025-01-01,Reusel-De Mierden-2025X000,"0,411"
Rhenen,0.306,0.8240000000000001,1.0,-0.002,-0.037000000000000005,2025X000,2025-01-01,Rhenen-2025X000,"0,885"
Rijssen-Holten,0.5,0.4,0.76,0.06,-0.002,2025X000,2025-01-01,Rijssen-Holten-2025X000,"0,49"
Rijswijk,0.19,1.21,1.08,0.27,0.005,2025X000,2025-01-01,Rijswijk-2025X000,"1,27"
Roerdalen,0.298,0.691,1.001,-0.003,0.003,2025X000,2025-01-01,Roerdalen-2025X000,"0,743"
Roermond,0.27699999999999997,0.633,0.871,0.016,0.005,2025X000,2025-01-01,Roermond-2025X000,"0,653"
Rotterdam,0.45,0.299,1.09,-0.039,-0.018000000000000002,2025X000,2025-01-01,Rotterdam-2025X000,"0,448"
Rucphen,0.46,0.55,0.95,0.02,0.05,2025X000,2025-01-01,Rucphen-2025X000,"0,56"
Schagen,0.46299999999999997,0.37799999999999995,1.06,0.062,0.051,2025X000,2025-01-01,Schagen-2025X000,"0,364"
Scherpenzeel,0.304,0.506,0.982,0.349,0.03,2025X000,2025-01-01,Scherpenzeel-2025X000,"0,654"
Schiermonnikoog,0.16,0.93,1.02,-0.04,0.015,2025X000,2025-01-01,Schiermonnikoog-2025X000,"0,95"
Schouwen-Duiveland,0.40399999999999997,0.34,1.078,0.001,0.061,2025X000,2025-01-01,Schouwen-Duiveland-2025X000,"0,378"
Sittard-Geleen,0.16,1.023,1.05,0.013000000000000001,0.023,2025X000,2025-01-01,Sittard-Geleen-2025X000,"1,022"
Sliedrecht,0.35,0.39,0.94,0.01,0.05,2025X000,2025-01-01,Sliedrecht-2025X000,"0,41"
Sluis,0.43,0.32,0.91,0.006,0.06,2025X000,2025-01-01,Sluis-2025X000,"0,32"
Soest,0.28,0.61,0.99,0.03,0.001,2025X000,2025-01-01,Soest-2025X000,"0,61"
Stadskanaal,0.5,0.25,0.82,0.001,0.015,2025X000,2025-01-01,Stadskanaal-2025X000,"0,28"
Staphorst,0.87,-0.14,0.85,0.03,0.09,2025X000,2025-01-01,Staphorst-2025X000,"-0,12"
Steenwijkerland,0.201,0.6920000000000001,0.7240000000000001,0.031,0.022000000000000002,2025X000,2025-01-01,Steenwijkerland-2025X000,"0,748"
Stein,0.26,1.0,1.03,0.009000000000000001,0.015,2025X000,2025-01-01,Stein-2025X000,"1,03"
Stichtse Vecht,0.134,1.026,1.0979999999999999,-0.013000000000000001,0.006,2025X000,2025-01-01,Stichtse Vecht-2025X000,"1,038"
Súdwest-Fryslân,0.121,0.695,0.878,0.046,0.022000000000000002,2025X000,2025-01-01,Súdwest-Fryslân-2025X000,"0,74"
Terneuzen,0.522,0.28600000000000003,0.958,0.005,0.034,2025X000,2025-01-01,Terneuzen-2025X000,"0,29"
Terschelling,0.51,0.19,0.89,0.07,0.013000000000000001,2025X000,2025-01-01,Terschelling-2025X000,"0,18"
Texel,0.302,0.904,0.828,0.004,0.026000000000000002,2025X000,2025-01-01,Texel-2025X000,"0,957"
Teylingen,0.49700000000000005,0.35600000000000004,1.1079999999999999,0.059000000000000004,0.006999999999999999,2025X000,2025-01-01,Teylingen-2025X000,"0,48"
Tholen,0.5,0.37,0.86,-0.01,0.035,2025X000,2025-01-01,Tholen-2025X000,"0,4"
Tilburg,0.42,0.64,0.74,0.036000000000000004,0.027000000000000003,2025X000,2025-01-01,Tilburg-2025X000,"0,66"
Tubbergen,0.368,0.23600000000000002,0.893,-0.001,0.006999999999999999,2025X000,2025-01-01,Tubbergen-2025X000,"0,214"
Twenterand,0.41100000000000003,0.24100000000000002,0.9840000000000001,0.09699999999999999,0.016,2025X000,2025-01-01,Twenterand-2025X000,"0,357"
Tynaarlo,0.4,0.85,0.8,0.16,0.004,2025X000,2025-01-01,Tynaarlo-2025X000,"0,91"
Tytsjerksteradiel,0.44,0.158,0.9490000000000001,0.009000000000000001,-0.01,2025X000,2025-01-01,Tytsjerksteradiel-2025X000,"0,174"
Uitgeest,0.226,0.955,1.368,0.042,-0.006999999999999999,2025X000,2025-01-01,Uitgeest-2025X000,"0,962"
Uithoorn,0.47,0.58,1.15,-0.01,0.05,2025X000,2025-01-01,Uithoorn-2025X000,"0,55"
Urk,0.24,1.63,1.05,0.83,0.015,2025X000,2025-01-01,Urk-2025X000,"1,73"
Utrechtse Heuvelrug,0.24100000000000002,0.687,1.181,0.026000000000000002,-0.006,2025X000,2025-01-01,Utrechtse Heuvelrug-2025X000,"0,691"
Veendam,0.616,0.027999999999999997,1.1,0.1,0.08800000000000001,2025X000,2025-01-01,Veendam-2025X000,"0,028"
Veenendaal,0.21,0.95,0.85,0.055,0.015,2025X000,2025-01-01,Veenendaal-2025X000,"1,03"
Veere,0.43,0.38,0.8,0.04,0.009000000000000001,2025X000,2025-01-01,Veere-2025X000,"0,46"
Venlo,0.35,0.37,0.895,0.02,0.008,2025X000,2025-01-01,Venlo-2025X000,"0,52"
Vijfheerenlanden,0.20199999999999999,1.167,1.037,0.013000000000000001,-0.022000000000000002,2025X000,2025-01-01,Vijfheerenlanden-2025X000,"1,167"
Vlaardingen,0.203,0.7020000000000001,0.99,0.08199999999999999,0.011000000000000001,2025X000,2025-01-01,Vlaardingen-2025X000,"0,709"
Voorschoten,0.39799999999999996,0.215,1.54,0.055999999999999994,0.013000000000000001,2025X000,2025-01-01,Voorschoten-2025X000,"0,272"
Voorst,0.21,0.63,1.02,0.09,0.003,2025X000,2025-01-01,Voorst-2025X000,"0,63"
Waadhoeke,0.47,0.01,0.99,0.06,0.04,2025X000,2025-01-01,Waadhoeke-2025X000,"0,02"
Waalre,0.147,0.745,1.093,0.109,0.002,2025X000,2025-01-01,Waalre-2025X000,"0,76"
Waalwijk,0.34,0.63,0.89,-0.06,0.006,2025X000,2025-01-01,Waalwijk-2025X000,"0,74"
Weert,0.386,0.435,0.9640000000000001,0.109,0.021,2025X000,2025-01-01,Weert-2025X000,"0,498"
West Maas en Waal,0.2,0.46,0.98,-0.01,0.03,2025X000,2025-01-01,West Maas en Waal-2025X000,"0,46"
Westerkwartier,0.175,0.885,1.084,0.028999999999999998,0.009000000000000001,2025X000,2025-01-01,Westerkwartier-2025X000,"0,899"
Westervoort,0.13,0.53,1.06,0.004,-0.005,2025X000,2025-01-01,Westervoort-2025X000,"0,58"
Westerwolde,0.53,0.17,1.17,0.01,-0.013000000000000001,2025X000,2025-01-01,Westerwolde-2025X000,"0,12"
Westland,0.297,1.198,1.102,0.409,0.019,2025X000,2025-01-01,Westland-2025X000,"1,245"
Weststellingwerf,0.509,0.21100000000000002,0.847,0.094,0.022000000000000002,2025X000,2025-01-01,Weststellingwerf-2025X000,"0,211"
Wierden,0.541,-0.018000000000000002,1.013,-0.013000000000000001,0.023,2025X000,2025-01-01,Wierden-2025X000,"0,067"
Wijk bij Duurstede,0.135,0.7929999999999999,1.237,0.011000000000000001,0.004,2025X000,2025-01-01,Wijk bij Duurstede-2025X000,"0,848"
Winterswijk,0.322,0.617,0.94,0.062,0.012,2025X000,2025-01-01,Winterswijk-2025X000,"0,686"
Woensdrecht,0.537,0.07200000000000001,1.0,0.002,0.002,2025X000,2025-01-01,Woensdrecht-2025X000,"0,123"
Woerden,0.23,1.16,1.16,0.02,0.006,2025X000,2025-01-01,Woerden-2025X000,"1,16"
Woudenberg,0.524,-0.034,0.9890000000000001,-0.001,-0.006999999999999999,2025X000,2025-01-01,Woudenberg-2025X000,"-0,034"
Zaanstad,0.212,1.03,1.04,0.034,0.006,2025X000,2025-01-01,Zaanstad-2025X000,"1,08"
Zaltbommel,0.392,0.562,1.181,0.165,0.027000000000000003,2025X000,2025-01-01,Zaltbommel-2025X000,"0,561"
Zevenaar,0.226,0.682,0.894,0.11199999999999999,0.003,2025X000,2025-01-01,Zevenaar-2025X000,"0,775"
Zoetermeer,0.409,0.245,1.0,0.024,0.003,2025X000,2025-01-01,Zoetermeer-2025X000,"0,249"
Zuidplas,0.23,0.99,1.1,-0.01,0.001,2025X000,2025-01-01,Zuidplas-2025X000,"1,02"
Zwartewaterland,0.40700000000000003,0.595,0.91,0.091,0.001,2025X000,2025-01-01,Zwartewaterland-2025X000,"0,643"
Aa en Hunze,0.62,0.05,0.91,0.16,-0.01,2018X005,2018-01-01,Aa en Hunze-2018X005,"0,1"
Aalten,0.392,0.182,0.7859999999999999,0.033,0.004,2018X005,2018-01-01,Aalten-2018X005,"0,395"
Alblasserdam,0.262,0.845,1.064,0.141,0.027999999999999997,2018X005,2018-01-01,Alblasserdam-2018X005,"0,88"
Albrandswaard,0.21,0.74,1.246,0.17,0.008,2018X005,2018-01-01,Albrandswaard-2018X005,"0,81"
Alkmaar,0.218,1.054,0.802,0.13699999999999998,-0.005,2018X005,2018-01-01,Alkmaar-2018X005,"1,086"
Almelo,0.05,0.73,1.08,0.18,-0.02,2018X005,2018-01-01,Almelo-2018X005,"0,83"
Almere,0.27899999999999997,0.5579999999999999,1.14,0.39799999999999996,-0.006,2018X005,2018-01-01,Almere-2018X005,"0,595"
Alphen aan den Rijn,0.512,0.29,1.015,0.14300000000000002,0.013000000000000001,2018X005,2018-01-01,Alphen aan den Rijn-2018X005,"0,388"
Alphen-Chaam,0.28,0.67,1.27,0.07,-0.03,2018X005,2018-01-01,Alphen-Chaam-2018X005,"0,61"
Altena,0.34700000000000003,0.634,0.975,0.10300000000000001,0.147,2018X005,2018-01-01,Altena-2018X005,"0,666"
Ameland,0.336,0.764,0.889,0.02,,2018X005,2018-01-01,Ameland-2018X005,"0,764"
Amersfoort,0.3,0.52,1.006,0.152,0.05,2018X005,2018-01-01,Amersfoort-2018X005,"0,53"
Amstelveen,0.628,0.03,0.96,-0.011000000000000001,0.16,2018X005,2018-01-01,Amstelveen-2018X005,"0,07"
Amsterdam,0.368,0.7390000000000001,0.91,-0.039,0.006999999999999999,2018X005,2018-01-01,Amsterdam-2018X005,"0,781"
Apeldoorn,0.163,0.773,0.983,0.08,-0.006999999999999999,2018X005,2018-01-01,Apeldoorn-2018X005,"0,86"
Arnhem,0.16,0.76,1.0,0.07,-0.02,2018X005,2018-01-01,Arnhem-2018X005,"0,86"
Assen,0.36,0.87,0.96,0.08,-0.05,2018X005,2018-01-01,Assen-2018X005,"0,89"
Asten,0.659,-0.242,0.852,0.071,0.003,2018X005,2018-01-01,Asten-2018X005,"-0,242"
Barneveld,0.262,0.9570000000000001,1.028,0.34,,2018X005,2018-01-01,Barneveld-2018X005,"1,032"
Beek,0.519,-0.11599999999999999,0.929,0.027000000000000003,-0.01,2018X005,2018-01-01,Beek-2018X005,"-0,061"
Beekdaelen,0.562,-0.113,1.023,0.027999999999999997,0.019,2018X005,2018-01-01,Beekdaelen-2018X005,"-0,09"
Beesel,0.66,-0.28,0.74,-0.04,0.1,2018X005,2018-01-01,Beesel-2018X005,"-0,29"
Berg en Dal,0.52,0.21,0.94,0.02,-0.02,2018X005,2018-01-01,Berg en Dal-2018X005,"0,36"
Bergeijk,0.408,0.469,0.96,0.298,0.013999999999999999,2018X005,2018-01-01,Bergeijk-2018X005,"0,478"
Bergen (L.),0.49200000000000005,0.17,0.8540000000000001,0.075,0.065,2018X005,2018-01-01,Bergen (L.)-2018X005,"0,15"
Bergen op Zoom,0.12,1.0,1.093,0.16,0.001,2018X005,2018-01-01,Bergen op Zoom-2018X005,"1,01"
Bernheze,0.39299999999999996,0.35100000000000003,0.9470000000000001,0.171,0.052000000000000005,2018X005,2018-01-01,Bernheze-2018X005,"0,414"
Best,0.792,-0.174,0.9129999999999999,0.251,0.018000000000000002,2018X005,2018-01-01,Best-2018X005,"-0,062"
Beuningen,0.04,0.97,1.1,0.3,0.019,2018X005,2018-01-01,Beuningen-2018X005,"1,09"
Bladel,0.312,0.647,1.04,0.047,0.05,2018X005,2018-01-01,Bladel-2018X005,"0,677"
Blaricum,0.5720000000000001,-0.298,1.6030000000000002,0.36200000000000004,0.019,2018X005,2018-01-01,Blaricum-2018X005,"-0,278"
Bodegraven-Reeuwijk,0.08800000000000001,1.2590000000000001,1.3630000000000002,0.12300000000000001,0.006999999999999999,2018X005,2018-01-01,Bodegraven-Reeuwijk-2018X005,"1,275"
Boekel,0.27899999999999997,0.442,1.01,0.040999999999999995,0.04,2018X005,2018-01-01,Boekel-2018X005,"0,447"
Borger-Odoorn,0.282,0.493,1.1,0.049,-0.04,2018X005,2018-01-01,Borger-Odoorn-2018X005,"0,538"
Borne,0.26,1.4,1.03,0.81,,2018X005,2018-01-01,Borne-2018X005,"1,4"
Boxtel,0.292,0.462,1.075,0.105,-0.013999999999999999,2018X005,2018-01-01,Boxtel-2018X005,"0,582"
Breda,0.184,0.43,1.0270000000000001,0.06,-0.039,2018X005,2018-01-01,Breda-2018X005,"0,689"
Bronckhorst,0.637,-0.10300000000000001,1.05,0.023,0.08,2018X005,2018-01-01,Bronckhorst-2018X005,0
Brummen,0.094,1.261,1.044,0.273,-0.032,2018X005,2018-01-01,Brummen-2018X005,"1,295"
Brunssum,0.635,-0.147,1.002,0.05,-0.023,2018X005,2018-01-01,Brunssum-2018X005,"-0,037"
Bunnik,0.602,0.23399999999999999,1.318,0.134,0.016,2018X005,2018-01-01,Bunnik-2018X005,"0,234"
Bunschoten,0.22399999999999998,0.562,0.802,0.35200000000000004,0.024,2018X005,2018-01-01,Bunschoten-2018X005,"0,621"
Buren,0.28,0.16,0.98,0.08,-0.06,2018X005,2018-01-01,Buren-2018X005,"0,16"
Cranendonck,0.308,0.49700000000000005,0.99,0.005,-0.034,2018X005,2018-01-01,Cranendonck-2018X005,"0,51"
Culemborg,0.295,0.52,1.0,0.07400000000000001,0.002,2018X005,2018-01-01,Culemborg-2018X005,"0,91"
Dalfsen,0.54,0.23,0.83,0.36,-0.033,2018X005,2018-01-01,Dalfsen-2018X005,"0,34"
Dantumadiel,0.22,0.41,0.94,0.05,-0.08,2018X005,2018-01-01,Dantumadiel-2018X005,"0,43"
De Bilt,0.165,0.875,1.252,0.084,0.006,2018X005,2018-01-01,De Bilt-2018X005,"0,972"
De Fryske Marren,0.28600000000000003,0.48,0.9740000000000001,0.149,0.013000000000000001,2018X005,2018-01-01,De Fryske Marren-2018X005,"0,538"
De Ronde Venen,0.32,0.61,0.89,0.14,0.013000000000000001,2018X005,2018-01-01,De Ronde Venen-2018X005,"0,63"
De Wolden,0.56,0.06,0.99,0.004,0.011000000000000001,2018X005,2018-01-01,De Wolden-2018X005,"0,22"
Delft,0.254,0.574,1.157,0.006999999999999999,0.005,2018X005,2018-01-01,Delft-2018X005,"0,784"
Den Haag,0.205,0.48,0.757,0.024,-0.022000000000000002,2018X005,2018-01-01,Den Haag-2018X005,"0,563"
Deurne,0.28,0.59,1.14,0.3,0.016,2018X005,2018-01-01,Deurne-2018X005,"0,62"
Dijk en Waard,0.34600000000000003,0.7290000000000001,1.042,0.384,0.012,2018X005,2018-01-01,Dijk en Waard-2018X005,"0,762"
Doesburg,0.779,-0.289,1.02,0.659,-0.015,2018X005,2018-01-01,Doesburg-2018X005,"0,15"
Doetinchem,0.179,0.779,,0.187,,2018X005,2018-01-01,Doetinchem-2018X005,"0,845"
Dongen,0.135,0.867,0.976,0.14,-0.039,2018X005,2018-01-01,Dongen-2018X005,"0,976"
Dordrecht,0.521,0.523,0.92,0.073,0.035,2018X005,2018-01-01,Dordrecht-2018X005,"0,582"
Druten,0.259,0.654,0.93,0.149,0.045,2018X005,2018-01-01,Druten-2018X005,"0,852"
Duiven,0.312,0.531,1.077,0.537,-0.032,2018X005,2018-01-01,Duiven-2018X005,"0,63"
Echt-Susteren,0.386,0.39799999999999996,1.07,0.003,0.006,2018X005,2018-01-01,Echt-Susteren-2018X005,"0,368"
Edam-Volendam,0.626,0.14800000000000002,0.972,-0.02,0.004,2018X005,2018-01-01,Edam-Volendam-2018X005,"0,287"
Ede,0.26,0.37,0.9,0.34,-0.02,2018X005,2018-01-01,Ede-2018X005,"0,58"
Eemnes,0.255,0.474,1.092,0.040999999999999995,0.003,2018X005,2018-01-01,Eemnes-2018X005,"0,8"
Eemsdelta,0.97,1.319,3.46,0.19,0.853,2018X005,2018-01-01,Eemsdelta-2018X005,"1,358"
Eindhoven,0.34,0.48,1.0,0.1,-0.03,2018X005,2018-01-01,Eindhoven-2018X005,"0,58"
Emmen,0.042,1.111,1.034,0.08,-0.033,2018X005,2018-01-01,Emmen-2018X005,"1,246"
Enkhuizen,0.369,0.439,1.03,0.026000000000000002,-0.02,2018X005,2018-01-01,Enkhuizen-2018X005,"0,545"
Epe,0.76,-0.099,0.86,0.001,0.068,2018X005,2018-01-01,Epe-2018X005,"-0,051"
Ermelo,0.594,-0.268,0.971,-0.011000000000000001,0.013000000000000001,2018X005,2018-01-01,Ermelo-2018X005,"-0,268"
Geertruidenberg,0.23399999999999999,0.445,1.08,0.013000000000000001,-0.001,2018X005,2018-01-01,Geertruidenberg-2018X005,"0,486"
Geldrop-Mierlo,0.37,0.43,0.73,0.23,-0.03,2018X005,2018-01-01,Geldrop-Mierlo-2018X005,"0,57"
Gemert-Bakel,0.052000000000000005,0.879,1.03,0.303,0.04,2018X005,2018-01-01,Gemert-Bakel-2018X005,"1,3"
Gennep,0.38,0.183,0.95,0.034,-0.016,2018X005,2018-01-01,Gennep-2018X005,"0,183"
Gilze en Rijen,0.25,0.6,0.8,0.39,-0.01,2018X005,2018-01-01,Gilze en Rijen-2018X005,"0,69"
Goeree-Overflakkee,0.21899999999999997,0.44299999999999995,0.96,-0.006,0.039,2018X005,2018-01-01,Goeree-Overflakkee-2018X005,"0,522"
Goes,0.28,0.84,0.96,0.07,0.05,2018X005,2018-01-01,Goes-2018X005,"0,92"
Goirle,0.433,0.33799999999999997,0.945,-0.066,-0.01,2018X005,2018-01-01,Goirle-2018X005,"0,334"
Gooise Meren,0.261,0.7120000000000001,1.11,0.01,0.026000000000000002,2018X005,2018-01-01,Gooise Meren-2018X005,"0,713"
Gouda,0.151,1.062,1.379,0.068,0.036000000000000004,2018X005,2018-01-01,Gouda-2018X005,"1,067"
Groningen,0.09,1.24,1.036,0.062,-0.005,2018X005,2018-01-01,Groningen-2018X005,"1,63"
Gulpen-Wittem,0.247,0.6509999999999999,1.09,0.023,-0.08,2018X005,2018-01-01,Gulpen-Wittem-2018X005,"0,86"
Haaksbergen,0.034,0.78,1.137,0.077,0.002,2018X005,2018-01-01,Haaksbergen-2018X005,"0,88"
Haarlemmermeer,0.361,0.8170000000000001,1.011,0.22,0.05,2018X005,2018-01-01,Haarlemmermeer-2018X005,"0,909"
Halderberge,0.184,0.684,1.0,0.02,0.012,2018X005,2018-01-01,Halderberge-2018X005,"0,762"
Harderwijk,0.44,0.34700000000000003,0.89,0.33,0.004,2018X005,2018-01-01,Harderwijk-2018X005,"0,365"
Hardinxveld-Giessendam,0.28,1.0,1.16,0.36,0.006999999999999999,2018X005,2018-01-01,Hardinxveld-Giessendam-2018X005,"1,171"
Harlingen,0.34600000000000003,0.682,0.848,0.042,0.015,2018X005,2018-01-01,Harlingen-2018X005,"0,699"
Hattem,0.24,0.52,1.03,0.005,-0.062,2018X005,2018-01-01,Hattem-2018X005,"0,84"
Heerde,0.27,0.6,1.16,0.08,,2018X005,2018-01-01,Heerde-2018X005,"0,63"
Heerenveen,0.20600000000000002,0.665,1.033,0.158,0.07,2018X005,2018-01-01,Heerenveen-2018X005,"0,666"
Heerlen,0.065,0.6729999999999999,0.9890000000000001,-0.019,-0.015,2018X005,2018-01-01,Heerlen-2018X005,"0,667"
Heeze-Leende,0.23,0.17,1.1,0.01,-0.01,2018X005,2018-01-01,Heeze-Leende-2018X005,"0,36"
Hellendoorn,0.098,1.117,1.008,0.133,-0.044000000000000004,2018X005,2018-01-01,Hellendoorn-2018X005,"1,239"
Helmond,0.494,0.312,1.041,0.40299999999999997,-0.022000000000000002,2018X005,2018-01-01,Helmond-2018X005,"0,374"
Hendrik-Ido-Ambacht,0.18,1.88,1.11,1.28,-0.015,2018X005,2018-01-01,Hendrik-Ido-Ambacht-2018X005,"1,97"
Hengelo,0.075,0.713,0.966,0.263,0.067,2018X005,2018-01-01,Hengelo-2018X005,"1,968"
Heumen,0.36,0.05,1.15,0.065,0.026000000000000002,2018X005,2018-01-01,Heumen-2018X005,"0,33"
Heusden,0.179,0.93,0.86,0.5,0.027999999999999997,2018X005,2018-01-01,Heusden-2018X005,"1,07"
Hillegom,0.778,-0.149,1.04,0.046,0.032,2018X005,2018-01-01,Hillegom-2018X005,"0,065"
Hilversum,0.28,0.747,1.04,0.039,-0.008,2018X005,2018-01-01,Hilversum-2018X005,"0,761"
Hoeksche Waard,0.503,0.22,0.8340000000000001,0.075,0.011000000000000001,2018X005,2018-01-01,Hoeksche Waard-2018X005,"0,386"
Hof van Twente,0.665,0.297,1.071,0.067,0.025,2018X005,2018-01-01,Hof van Twente-2018X005,"0,345"
Hoogeveen,0.15,0.68,0.91,0.086,-0.043,2018X005,2018-01-01,Hoogeveen-2018X005,"0,7"
Hoorn,0.259,0.6,0.99,0.025,-0.005,2018X005,2018-01-01,Hoorn-2018X005,"0,6"
Houten,0.28,0.91,0.93,0.29,0.005,2018X005,2018-01-01,Houten-2018X005,"0,95"
Huizen,0.75,-0.81,0.89,0.03,-0.03,2018X005,2018-01-01,Huizen-2018X005,"-0,31"
Hulst,0.22,0.615,1.054,0.083,0.015,2018X005,2018-01-01,Hulst-2018X005,"0,629"
IJsselstein,0.36,0.136,1.088,-0.013999999999999999,-0.08,2018X005,2018-01-01,IJsselstein-2018X005,"0,394"
Kaag en Braassem,0.242,0.715,1.172,0.32799999999999996,0.057,2018X005,2018-01-01,Kaag en Braassem-2018X005,"0,792"
Kampen,0.157,0.726,0.816,0.397,-0.025,2018X005,2018-01-01,Kampen-2018X005,"0,769"
Kapelle,0.401,0.76,1.06,0.19399999999999998,,2018X005,2018-01-01,Kapelle-2018X005,"0,805"
Katwijk,0.35,0.68,0.93,0.11,0.03,2018X005,2018-01-01,Katwijk-2018X005,"0,77"
Kerkrade,0.154,0.621,0.995,-0.003,0.002,2018X005,2018-01-01,Kerkrade-2018X005,"0,776"
Krimpen aan den IJssel,0.228,0.456,1.141,0.018000000000000002,-0.026000000000000002,2018X005,2018-01-01,Krimpen aan den IJssel-2018X005,"0,728"
Krimpenerwaard,0.36,0.25,1.08,0.005,0.017,2018X005,2018-01-01,Krimpenerwaard-2018X005,"0,29"
Laarbeek,0.504,0.47200000000000003,0.9129999999999999,0.48100000000000004,-0.017,2018X005,2018-01-01,Laarbeek-2018X005,"0,474"
Land van Cuijk,0.38799999999999996,0.597,0.927,0.147,-0.006,2018X005,2018-01-01,Land van Cuijk-2018X005,"0,624"
Landgraaf,0.493,0.192,1.005,0.033,0.008,2018X005,2018-01-01,Landgraaf-2018X005,"0,26"
Landsmeer,0.33399999999999996,0.42100000000000004,1.14,0.027999999999999997,-0.03,2018X005,2018-01-01,Landsmeer-2018X005,"0,434"
Laren,0.191,0.805,1.5319999999999998,0.348,-0.061,2018X005,2018-01-01,Laren-2018X005,"1,097"
Leeuwarden,0.09,0.838,0.8809999999999999,0.254,-0.002,2018X005,2018-01-01,Leeuwarden-2018X005,"0,838"
Leiden,0.39799999999999996,0.784,1.058,0.006,0.012,2018X005,2018-01-01,Leiden-2018X005,"0,794"
Leiderdorp,0.493,0.336,1.254,-0.04,0.006,2018X005,2018-01-01,Leiderdorp-2018X005,"0,348"
Leidschendam-Voorburg,0.307,0.693,0.987,0.196,-0.022000000000000002,2018X005,2018-01-01,Leidschendam-Voorburg-2018X005,"0,723"
Lelystad,0.23,0.49,,0.31,,2018X005,2018-01-01,Lelystad-2018X005,"0,44"
Leusden,0.495,0.086,0.97,0.138,-0.013000000000000001,2018X005,2018-01-01,Leusden-2018X005,"0,108"
Lingewaard,0.34,0.44,1.1440000000000001,0.11599999999999999,0.001,2018X005,2018-01-01,Lingewaard-2018X005,"0,5"
Loon op Zand,0.225,0.501,1.11,0.136,0.1,2018X005,2018-01-01,Loon op Zand-2018X005,"0,667"
Losser,0.317,0.381,1.08,0.092,0.057,2018X005,2018-01-01,Losser-2018X005,"0,46"
Maasgouw,0.514,0.239,0.877,0.004,0.04,2018X005,2018-01-01,Maasgouw-2018X005,"0,307"
Maashorst,0.449,0.326,0.9470000000000001,0.179,0.006999999999999999,2018X005,2018-01-01,Maashorst-2018X005,"0,388"
Maassluis,0.281,0.68,1.04,0.14,-0.015,2018X005,2018-01-01,Maassluis-2018X005,"0,74"
Midden-Delfland,0.45299999999999996,0.946,1.225,0.262,-0.009000000000000001,2018X005,2018-01-01,Midden-Delfland-2018X005,"0,982"
Midden-Drenthe,0.38,0.49,0.935,0.25,0.011000000000000001,2018X005,2018-01-01,Midden-Drenthe-2018X005,"0,52"
Midden-Groningen,0.147,0.542,,0.05,,2018X005,2018-01-01,Midden-Groningen-2018X005,"0,583"
Moerdijk,0.52,0.04,0.92,0.16,0.03,2018X005,2018-01-01,Moerdijk-2018X005,"0,24"
Molenlanden,0.51,0.049,0.945,0.09,0.005,2018X005,2018-01-01,Molenlanden-2018X005,"0,526"
Montferland,0.26,0.79,1.03,0.18,0.002,2018X005,2018-01-01,Montferland-2018X005,"0,87"
Montfoort,0.258,0.358,1.153,0.045,0.037000000000000005,2018X005,2018-01-01,Montfoort-2018X005,"0,366"
Neder-Betuwe,0.44,0.3,1.11,0.02,-0.015,2018X005,2018-01-01,Neder-Betuwe-2018X005,"0,31"
Nederweert,0.518,-0.652,0.99,0.131,0.06,2018X005,2018-01-01,Nederweert-2018X005,"-0,642"
Nieuwegein,0.35,0.83,0.85,0.023,-0.012,2018X005,2018-01-01,Nieuwegein-2018X005,"0,86"
Nieuwkoop,0.465,0.07,1.121,0.838,0.002,2018X005,2018-01-01,Nieuwkoop-2018X005,"0,09"
Nijkerk,0.5,0.21,0.81,0.22,0.006,2018X005,2018-01-01,Nijkerk-2018X005,"0,24"
Nijmegen,0.095,0.73,1.0,0.39799999999999996,-0.003,2018X005,2018-01-01,Nijmegen-2018X005,"0,809"
Nissewaard,0.156,0.8909999999999999,0.96,0.15,0.038,2018X005,2018-01-01,Nissewaard-2018X005,"1,001"
Noardeast-Fryslân,0.177,0.535,,0.025,,2018X005,2018-01-01,Noardeast-Fryslân-2018X005,"0,578"
Noord-Beveland,0.484,0.474,0.935,0.21100000000000002,0.009000000000000001,2018X005,2018-01-01,Noord-Beveland-2018X005,"0,518"
Noordenveld,0.3,0.59,0.94,0.4,-0.05,2018X005,2018-01-01,Noordenveld-2018X005,"0,6"
Noordwijk,0.525,0.18899999999999997,1.138,0.139,0.006,2018X005,2018-01-01,Noordwijk-2018X005,"0,287"
Nunspeet,0.607,0.16699999999999998,0.7929999999999999,0.223,-0.022000000000000002,2018X005,2018-01-01,Nunspeet-2018X005,"0,167"
Oegstgeest,0.27399999999999997,0.7440000000000001,1.2670000000000001,0.11599999999999999,0.011000000000000001,2018X005,2018-01-01,Oegstgeest-2018X005,"0,753"
Oirschot,0.327,0.693,1.0170000000000001,0.109,0.002,2018X005,2018-01-01,Oirschot-2018X005,"0,726"
Oisterwijk,0.376,0.634,1.588,0.207,-0.013999999999999999,2018X005,2018-01-01,Oisterwijk-2018X005,"0,68"
Oldambt,0.32899999999999996,0.513,1.125,0.026000000000000002,-0.02,2018X005,2018-01-01,Oldambt-2018X005,"0,536"
Olst-Wijhe,0.275,0.565,1.075,0.17,0.031,2018X005,2018-01-01,Olst-Wijhe-2018X005,"0,8"
Oost Gelre,0.42700000000000005,0.5660000000000001,,0.044000000000000004,,2018X005,2018-01-01,Oost Gelre-2018X005,"0,684"
Oosterhout,0.574,0.397,0.9,0.126,-0.01,2018X005,2018-01-01,Oosterhout-2018X005,"0,396"
Opsterland,0.272,0.35600000000000004,0.943,0.002,-0.009000000000000001,2018X005,2018-01-01,Opsterland-2018X005,"0,516"
Oss,0.363,0.289,0.95,0.129,,2018X005,2018-01-01,Oss-2018X005,"0,389"
Ouder-Amstel,0.63,-0.1,1.05,-0.02,-0.001,2018X005,2018-01-01,Ouder-Amstel-2018X005,"-0,003"
Oudewater,0.22,0.25,1.02,0.8,-0.12,2018X005,2018-01-01,Oudewater-2018X005,"0,27"
Overbetuwe,0.27,0.68,0.85,0.10099999999999999,0.019,2018X005,2018-01-01,Overbetuwe-2018X005,"0,75"
Papendrecht,0.249,0.905,0.89,0.12300000000000001,0.003,2018X005,2018-01-01,Papendrecht-2018X005,"1,137"
Peel en Maas,0.303,0.812,,0.162,,2018X005,2018-01-01,Peel en Maas-2018X005,"0,897"
Pekela,0.385,0.21600000000000003,0.997,0.066,-0.013999999999999999,2018X005,2018-01-01,Pekela-2018X005,"0,22"
Pijnacker-Nootdorp,0.33,0.62,1.17,0.26,0.006,2018X005,2018-01-01,Pijnacker-Nootdorp-2018X005,"0,62"
Purmerend,0.196,0.843,1.097,0.099,-0.013999999999999999,2018X005,2018-01-01,Purmerend-2018X005,"0,984"
Putten,0.68,-0.31,0.75,0.09,-0.048,2018X005,2018-01-01,Putten-2018X005,"-0,11"
Raalte,0.37,0.82,1.0,0.29,0.03,2018X005,2018-01-01,Raalte-2018X005,"0,91"
Reimerswaal,0.47,0.4,1.08,0.02,-0.04,2018X005,2018-01-01,Reimerswaal-2018X005,"0,43"
Reusel-De Mierden,0.332,0.591,0.982,0.46399999999999997,,2018X005,2018-01-01,Reusel-De Mierden-2018X005,"0,608"
Rheden,0.263,0.6759999999999999,0.907,0.01,-0.047,2018X005,2018-01-01,Rheden-2018X005,"0,693"
Rhenen,0.42,0.51,1.04,0.019,-0.01,2018X005,2018-01-01,Rhenen-2018X005,"0,62"
Rijssen-Holten,0.49,0.49,0.8109999999999999,0.17,0.015,2018X005,2018-01-01,Rijssen-Holten-2018X005,"0,57"
Rijswijk,0.09,1.6230000000000002,0.98,0.9,-0.045,2018X005,2018-01-01,Rijswijk-2018X005,"1,627"
Roerdalen,0.518,-0.10300000000000001,0.8640000000000001,-0.012,0.003,2018X005,2018-01-01,Roerdalen-2018X005,"-0,071"
Rotterdam,0.308,0.473,0.99,-0.045,0.055,2018X005,2018-01-01,Rotterdam-2018X005,"0,541"
Rucphen,0.588,0.3,0.958,0.18,0.015,2018X005,2018-01-01,Rucphen-2018X005,"0,292"
Schagen,0.401,0.354,1.021,0.08,0.036000000000000004,2018X005,2018-01-01,Schagen-2018X005,
Scherpenzeel,0.486,-0.06,1.06,0.4,0.026000000000000002,2018X005,2018-01-01,Scherpenzeel-2018X005,"0,29"
Schiedam,0.146,1.5130000000000001,1.053,0.015,0.023,2018X005,2018-01-01,Schiedam-2018X005,"1,63"
Schouwen-Duiveland,0.29600000000000004,0.478,1.166,0.048,-0.024,2018X005,2018-01-01,Schouwen-Duiveland-2018X005,"0,514"
Sint-Michielsgestel,0.446,-0.07,0.992,0.049,0.034,2018X005,2018-01-01,Sint-Michielsgestel-2018X005,"-0,009"
Sliedrecht,0.34,0.47,0.841,0.03,-0.015,2018X005,2018-01-01,Sliedrecht-2018X005,"0,5"
Sluis,0.213,0.8420000000000001,1.0070000000000001,0.042,0.031,2018X005,2018-01-01,Sluis-2018X005,"0,861"
Soest,0.48,0.26,0.89,0.05,0.001,2018X005,2018-01-01,Soest-2018X005,"0,26"
Someren,0.847,-0.45,0.932,0.14300000000000002,-0.035,2018X005,2018-01-01,Someren-2018X005,"-0,366"
Stadskanaal,0.446,0.319,0.867,0.006,-0.012,2018X005,2018-01-01,Stadskanaal-2018X005,"0,36"
Staphorst,0.89,-0.67,0.91,0.18,0.08,2018X005,2018-01-01,Staphorst-2018X005,"-0,7"
Steenbergen,0.5710000000000001,-0.187,1.058,0.163,0.011000000000000001,2018X005,2018-01-01,Steenbergen-2018X005,"-0,187"
Stein,0.27,0.79,1.03,0.002,,2018X005,2018-01-01,Stein-2018X005,"0,88"
Stichtse Vecht,0.25,0.67,1.126,-0.002,0.024,2018X005,2018-01-01,Stichtse Vecht-2018X005,"0,7"
Súdwest-Fryslân,0.196,0.511,0.9309999999999999,0.043,-0.033,2018X005,2018-01-01,Súdwest-Fryslân-2018X005,"0,642"
Terneuzen,0.207,0.99,1.003,0.07200000000000001,0.023,2018X005,2018-01-01,Terneuzen-2018X005,"0,996"
Teylingen,0.674,-0.245,0.91,0.026000000000000002,0.012,2018X005,2018-01-01,Teylingen-2018X005,"0,162"
Tholen,0.162,0.7879999999999999,0.96,0.401,-0.004,2018X005,2018-01-01,Tholen-2018X005,"0,956"
Tiel,0.23,0.72,0.98,0.01,0.003,2018X005,2018-01-01,Tiel-2018X005,"0,8"
Tilburg,0.792,0.059000000000000004,0.889,0.099,0.051,2018X005,2018-01-01,Tilburg-2018X005,"0,108"
Tubbergen,0.595,-0.02,0.92,-0.013000000000000001,0.018000000000000002,2018X005,2018-01-01,Tubbergen-2018X005,"-0,046"
Twenterand,0.295,0.392,0.9390000000000001,0.136,-0.005,2018X005,2018-01-01,Twenterand-2018X005,"0,587"
Tynaarlo,0.43,0.58,0.89,0.25,0.04,2018X005,2018-01-01,Tynaarlo-2018X005,"0,68"
Tytsjerksteradiel,0.19699999999999998,0.337,1.004,0.035,-0.044000000000000004,2018X005,2018-01-01,Tytsjerksteradiel-2018X005,"0,376"
Uitgeest,0.38,0.16,1.05,,-0.04,2018X005,2018-01-01,Uitgeest-2018X005,"0,22"
Uithoorn,0.26,0.81,1.09,0.09300000000000001,-0.01,2018X005,2018-01-01,Uithoorn-2018X005,"0,82"
Urk,0.34,0.64,1.21,0.4,0.031,2018X005,2018-01-01,Urk-2018X005,"0,7"
Utrecht,0.335,0.635,0.951,0.052000000000000005,-0.005,2018X005,2018-01-01,Utrecht-2018X005,"0,676"
Utrechtse Heuvelrug,0.07200000000000001,1.286,1.206,0.068,-0.033,2018X005,2018-01-01,Utrechtse Heuvelrug-2018X005,"1,333"
Valkenswaard,0.21,0.79,1.05,0.12,-0.05,2018X005,2018-01-01,Valkenswaard-2018X005,"0,79"
Veendam,0.586,0.054000000000000006,0.897,0.225,0.012,2018X005,2018-01-01,Veendam-2018X005,"0,073"
Veenendaal,0.32,0.69,0.8,0.015,-0.001,2018X005,2018-01-01,Veenendaal-2018X005,"0,74"
Veldhoven,0.29,1.18,0.79,0.81,0.05,2018X005,2018-01-01,Veldhoven-2018X005,"1,2"
Velsen,0.23,0.856,1.033,0.037000000000000005,0.011000000000000001,2018X005,2018-01-01,Velsen-2018X005,"0,92"
Venlo,0.15,0.51,1.0190000000000001,0.03,0.004,2018X005,2018-01-01,Venlo-2018X005,"0,58"
Venray,0.3,0.47,0.94,0.06,0.07,2018X005,2018-01-01,Venray-2018X005,"0,61"
Vijfheerenlanden,0.27699999999999997,0.945,1.1079999999999999,0.242,-0.015,2018X005,2018-01-01,Vijfheerenlanden-2018X005,"0,984"
Vlissingen,-0.55,0.85,1.17,0.04,-0.02,2018X005,2018-01-01,Vlissingen-2018X005,"0,84"
Voorne aan Zee,0.43200000000000005,0.644,0.937,0.33799999999999997,0.012,2018X005,2018-01-01,Voorne aan Zee-2018X005,"0,71"
Voorschoten,0.38,0.51,1.41,0.18,0.004,2018X005,2018-01-01,Voorschoten-2018X005,"0,64"
Voorst,0.24,0.56,1.035,0.09,-0.057999999999999996,2018X005,2018-01-01,Voorst-2018X005,"0,59"
Vught,0.5479999999999999,0.672,1.626,0.084,0.002,2018X005,2018-01-01,Vught-2018X005,"0,712"
Waalre,0.272,0.19699999999999998,1.05,0.079,0.035,2018X005,2018-01-01,Waalre-2018X005,"0,207"
Waalwijk,0.304,1.0490000000000002,0.85,0.193,0.037000000000000005,2018X005,2018-01-01,Waalwijk-2018X005,"1,221"
Waddinxveen,0.3,0.64,1.06,0.4,0.035,2018X005,2018-01-01,Waddinxveen-2018X005,"0,65"
Wageningen,0.341,0.46799999999999997,1.06,0.006,-0.02,2018X005,2018-01-01,Wageningen-2018X005,"0,507"
Wassenaar,0.73,-0.67,1.58,,0.005,2018X005,2018-01-01,Wassenaar-2018X005,"-0,63"
Weert,0.355,0.622,1.036,0.2,0.003,2018X005,2018-01-01,Weert-2018X005,"0,729"
West Betuwe,0.33299999999999996,0.655,1.2109999999999999,0.325,0.021,2018X005,2018-01-01,West Betuwe-2018X005,"0,687"
West Maas en Waal,0.26,0.32,0.96,0.11,-0.07,2018X005,2018-01-01,West Maas en Waal-2018X005,"0,68"
Westerkwartier,0.162,0.9690000000000001,0.9229999999999999,0.192,0.002,2018X005,2018-01-01,Westerkwartier-2018X005,"0,989"
Westerveld,0.46399999999999997,0.13699999999999998,0.903,0.02,-0.046,2018X005,2018-01-01,Westerveld-2018X005,"0,15"
Westervoort,0.21,0.55,1.05,0.01,0.002,2018X005,2018-01-01,Westervoort-2018X005,"0,56"
Westerwolde,0.52,0.11,1.01,-0.019,0.001,2018X005,2018-01-01,Westerwolde-2018X005,"0,14"
Westland,0.36,1.187,1.0,0.687,0.019,2018X005,2018-01-01,Westland-2018X005,"1,26"
Weststellingwerf,0.22899999999999998,0.6509999999999999,0.9420000000000001,0.29,0.015,2018X005,2018-01-01,Weststellingwerf-2018X005,"0,675"
Wierden,0.258,0.368,1.035,0.22699999999999998,0.004,2018X005,2018-01-01,Wierden-2018X005,"0,529"
Wijchen,0.52,-0.07,0.86,-0.01,0.03,2018X005,2018-01-01,Wijchen-2018X005,"0,15"
Wijk bij Duurstede,0.275,0.475,1.12,0.057999999999999996,,2018X005,2018-01-01,Wijk bij Duurstede-2018X005,"0,54"
Winterswijk,0.40399999999999997,0.725,1.077,0.085,0.035,2018X005,2018-01-01,Winterswijk-2018X005,"0,779"
Woensdrecht,0.466,0.08199999999999999,0.914,0.013000000000000001,-0.024,2018X005,2018-01-01,Woensdrecht-2018X005,"0,127"
Woerden,0.3,1.03,0.96,-0.08,0.05,2018X005,2018-01-01,Woerden-2018X005,"1,05"
Woudenberg,0.255,0.504,1.043,0.348,-0.065,2018X005,2018-01-01,Woudenberg-2018X005,"0,504"
Zeewolde,0.65,-0.55,1.01,0.83,-0.06,2018X005,2018-01-01,Zeewolde-2018X005,"-0,47"
Zeist,0.687,-0.08199999999999999,0.894,0.013000000000000001,-0.028999999999999998,2018X005,2018-01-01,Zeist-2018X005,"-0,013"
Zevenaar,0.23800000000000002,0.847,0.995,0.326,0.001,2018X005,2018-01-01,Zevenaar-2018X005,"0,937"
Zoetermeer,0.5660000000000001,0.162,1.0290000000000001,0.044000000000000004,-0.004,2018X005,2018-01-01,Zoetermeer-2018X005,"0,184"
Zoeterwoude,0.426,0.313,1.0759999999999998,0.063,-0.03,2018X005,2018-01-01,Zoeterwoude-2018X005,"0,325"
Zuidplas,0.23,0.91,1.09,0.12,-0.028999999999999998,2018X005,2018-01-01,Zuidplas-2018X005,"0,97"
Zundert,0.23,0.38,1.18,0.17,0.040999999999999995,2018X005,2018-01-01,Zundert-2018X005,"0,34"
Zwartewaterland,0.254,0.925,1.02,0.455,0.016,2018X005,2018-01-01,Zwartewaterland-2018X005,"1,068"
Zwolle,0.29,0.59,0.9,0.099,0.04,2018X005,2018-01-01,Zwolle-2018X005,"0,64"
Aalsmeer,0.54,0.27,1.15,0.15,0.033,2021X005,2021-01-01,Aalsmeer-2021X005,"0,28"
Aalten,0.33299999999999996,0.261,0.706,0.004,0.065,2021X005,2021-01-01,Aalten-2021X005,"0,394"
Alblasserdam,0.36,0.67,1.026,-0.01,-0.036000000000000004,2021X005,2021-01-01,Alblasserdam-2021X005,"0,71"
Albrandswaard,0.35,0.51,1.272,0.08,-0.008,2021X005,2021-01-01,Albrandswaard-2021X005,"0,56"
Alkmaar,0.282,0.687,0.8059999999999999,0.036000000000000004,0.028999999999999998,2021X005,2021-01-01,Alkmaar-2021X005,"0,713"
Almere,0.376,0.47200000000000003,1.053,0.215,-0.017,2021X005,2021-01-01,Almere-2021X005,"0,487"
Alphen aan den Rijn,0.524,0.233,0.006,0.09,0.016,2021X005,2021-01-01,Alphen aan den Rijn-2021X005,"0,354"
Alphen-Chaam,0.29,0.51,1.16,0.05,0.03,2021X005,2021-01-01,Alphen-Chaam-2021X005,"0,56"
Altena,0.302,0.58,0.912,0.091,0.013999999999999999,2021X005,2021-01-01,Altena-2021X005,"0,621"
Ameland,0.43200000000000005,0.68,0.802,0.07,0.092,2021X005,2021-01-01,Ameland-2021X005,"0,68"
Amstelveen,0.63,-0.06,1.01,-0.01,0.14,2021X005,2021-01-01,Amstelveen-2021X005,"-0,06"
Apeldoorn,0.28300000000000003,0.56,0.972,0.01,0.045,2021X005,2021-01-01,Apeldoorn-2021X005,"0,615"
Arnhem,0.22,0.66,1.02,0.06,0.08,2021X005,2021-01-01,Arnhem-2021X005,"0,72"
Assen,0.31,0.82,0.88,0.09,0.024,2021X005,2021-01-01,Assen-2021X005,"0,83"
Asten,0.44,-0.32,1.02,0.03,0.07,2021X005,2021-01-01,Asten-2021X005,"-0,32"
Barendrecht,0.247,0.905,1.136,0.052000000000000005,-0.037000000000000005,2021X005,2021-01-01,Barendrecht-2021X005,"0,905"
Beekdaelen,0.6459999999999999,0.032,1.115,0.027000000000000003,0.055,2021X005,2021-01-01,Beekdaelen-2021X005,"0,015"
Beesel,0.47,0.02,0.83,0.02,-0.03,2021X005,2021-01-01,Beesel-2021X005,"0,06"
Bergeijk,0.36700000000000005,0.392,0.92,0.155,0.006999999999999999,2021X005,2021-01-01,Bergeijk-2021X005,"0,398"
Bergen (L.),0.21,0.77,0.977,0.019,0.043,2021X005,2021-01-01,Bergen (L.)-2021X005,"0,75"
Berkelland,0.493,0.098,1.167,0.025,-0.006999999999999999,2021X005,2021-01-01,Berkelland-2021X005,"0,418"
Bernheze,0.39799999999999996,0.244,0.985,0.08800000000000001,0.022000000000000002,2021X005,2021-01-01,Bernheze-2021X005,"0,276"
Best,0.71,-0.16,0.951,0.315,0.034,2021X005,2021-01-01,Best-2021X005,"-0,109"
Blaricum,0.765,-1.147,1.474,-0.16699999999999998,0.08800000000000001,2021X005,2021-01-01,Blaricum-2021X005,"-1,117"
Bloemendaal,0.517,0.262,1.954,0.004,0.005,2021X005,2021-01-01,Bloemendaal-2021X005,"0,275"
Bodegraven-Reeuwijk,0.102,1.3880000000000001,1.431,0.019,-0.03,2021X005,2021-01-01,Bodegraven-Reeuwijk-2021X005,"1,406"
Borger-Odoorn,0.39,0.32,1.19,0.02,0.05,2021X005,2021-01-01,Borger-Odoorn-2021X005,"0,36"
Borsele,0.506,-0.01,1.0659999999999998,-0.032,0.087,2021X005,2021-01-01,Borsele-2021X005,"0,058"
Boxtel,0.24600000000000002,0.242,0.972,0.11699999999999999,0.051,2021X005,2021-01-01,Boxtel-2021X005,"0,296"
Breda,0.185,0.406,0.978,0.039,-0.01,2021X005,2021-01-01,Breda-2021X005,"0,608"
Bronckhorst,0.607,-0.14300000000000002,1.19,0.002,0.22899999999999998,2021X005,2021-01-01,Bronckhorst-2021X005,"-0,017"
Brummen,0.11800000000000001,0.976,1.153,0.183,0.09699999999999999,2021X005,2021-01-01,Brummen-2021X005,"0,903"
Brunssum,0.6409999999999999,-0.026000000000000002,1.035,0.27,0.05,2021X005,2021-01-01,Brunssum-2021X005,"0,061"
Bunnik,0.5589999999999999,0.14300000000000002,1.4240000000000002,-0.01,0.004,2021X005,2021-01-01,Bunnik-2021X005,"0,143"
Bunschoten,0.312,0.433,0.887,0.10300000000000001,0.013000000000000001,2021X005,2021-01-01,Bunschoten-2021X005,"0,477"
Buren,0.27,0.0,1.37,0.06,0.042,2021X005,2021-01-01,Buren-2021X005,0
Capelle aan den IJssel,0.645,0.19,0.763,0.07,0.017,2021X005,2021-01-01,Capelle aan den IJssel-2021X005,"0,191"
Cranendonck,0.251,0.55,1.07,-0.001,-0.011000000000000001,2021X005,2021-01-01,Cranendonck-2021X005,"0,56"
Culemborg,0.3,0.42,1.08,0.096,0.013999999999999999,2021X005,2021-01-01,Culemborg-2021X005,"0,67"
Dantumadiel,0.23,0.36,1.11,0.02,0.16,2021X005,2021-01-01,Dantumadiel-2021X005,"0,38"
De Ronde Venen,0.31,0.49,1.0,-0.003,0.005,2021X005,2021-01-01,De Ronde Venen-2021X005,"0,51"
De Wolden,0.59,0.06,0.93,0.013000000000000001,0.002,2021X005,2021-01-01,De Wolden-2021X005,"0,18"
Delft,0.392,0.247,1.062,-0.013000000000000001,0.057999999999999996,2021X005,2021-01-01,Delft-2021X005,"0,393"
Den Haag,0.381,0.281,0.858,0.006999999999999999,0.004,2021X005,2021-01-01,Den Haag-2021X005,"0,348"
Den Helder,0.18,0.42,1.01,0.03,0.03,2021X005,2021-01-01,Den Helder-2021X005,"0,64"
Deurne,0.3,0.4,1.1,0.09,0.033,2021X005,2021-01-01,Deurne-2021X005,"0,4"
Deventer,0.31,0.45,1.01,0.15,0.083,2021X005,2021-01-01,Deventer-2021X005,"0,54"
Diemen,0.2,0.19,1.09,-0.11,0.035,2021X005,2021-01-01,Diemen-2021X005,"0,2"
Dijk en Waard,0.295,0.45,1.02,0.065,0.05,2021X005,2021-01-01,Dijk en Waard-2021X005,"0,475"
Dinkelland,0.5,0.185,1.0,0.045,0.004,2021X005,2021-01-01,Dinkelland-2021X005,"0,123"
Doesburg,0.684,0.111,1.11,0.004,0.052000000000000005,2021X005,2021-01-01,Doesburg-2021X005,"-0,001"
Dongen,0.127,0.83,1.09,0.145,0.038,2021X005,2021-01-01,Dongen-2021X005,"0,9"
Dordrecht,0.68,-0.08,0.93,0.1,-0.001,2021X005,2021-01-01,Dordrecht-2021X005,"-0,03"
Dronten,0.56,-0.27,0.91,0.5,0.011000000000000001,2021X005,2021-01-01,Dronten-2021X005,"-0,22"
Druten,0.3,0.48,0.96,0.04,0.04,2021X005,2021-01-01,Druten-2021X005,"0,62"
Duiven,0.364,0.028999999999999998,1.001,0.099,0.040999999999999995,2021X005,2021-01-01,Duiven-2021X005,"0,083"
Echt-Susteren,0.359,0.406,0.9740000000000001,0.006999999999999999,0.027999999999999997,2021X005,2021-01-01,Echt-Susteren-2021X005,"0,362"
Edam-Volendam,0.514,0.316,0.9670000000000001,-0.11800000000000001,0.062,2021X005,2021-01-01,Edam-Volendam-2021X005,"0,445"
Ede,0.2,0.54,0.91,0.28,-0.01,2021X005,2021-01-01,Ede-2021X005,"0,75"
Eemnes,0.16399999999999998,1.14,1.3,0.21899999999999997,-0.114,2021X005,2021-01-01,Eemnes-2021X005,"1,408"
Eemsdelta,0.165,0.381,1.035,0.013999999999999999,0.005,2021X005,2021-01-01,Eemsdelta-2021X005,"0,387"
Eersel,0.555,-0.364,1.0,0.032,0.024,2021X005,2021-01-01,Eersel-2021X005,"-0,362"
Eindhoven,0.395,0.395,0.977,0.07400000000000001,0.083,2021X005,2021-01-01,Eindhoven-2021X005,"0,409"
Elburg,0.588,0.129,0.92,0.063,0.022000000000000002,2021X005,2021-01-01,Elburg-2021X005,"0,198"
Emmen,0.09300000000000001,0.99,1.013,0.059000000000000004,0.061,2021X005,2021-01-01,Emmen-2021X005,"1,17"
Enkhuizen,0.18,0.62,1.03,0.01,-0.03,2021X005,2021-01-01,Enkhuizen-2021X005,"0,72"
Enschede,0.311,0.28300000000000003,1.05,0.018000000000000002,0.068,2021X005,2021-01-01,Enschede-2021X005,"0,334"
Epe,0.79,-0.157,0.84,-0.002,0.069,2021X005,2021-01-01,Epe-2021X005,"-0,096"
Ermelo,0.42200000000000004,0.045,1.0490000000000002,0.004,0.083,2021X005,2021-01-01,Ermelo-2021X005,"0,045"
Etten-Leur,0.26,0.45,1.01,0.01,0.13,2021X005,2021-01-01,Etten-Leur-2021X005,"0,46"
Geertruidenberg,0.207,0.467,0.98,-0.011000000000000001,-0.011000000000000001,2021X005,2021-01-01,Geertruidenberg-2021X005,"0,513"
Gemert-Bakel,0.147,0.7,1.14,0.22,0.08,2021X005,2021-01-01,Gemert-Bakel-2021X005,"0,98"
Gennep,0.259,0.474,0.977,0.004,0.028999999999999998,2021X005,2021-01-01,Gennep-2021X005,"0,492"
Gilze en Rijen,0.26,0.41,0.8,0.19,0.04,2021X005,2021-01-01,Gilze en Rijen-2021X005,"0,44"
Goeree-Overflakkee,0.491,0.126,0.9940000000000001,0.032,0.004,2021X005,2021-01-01,Goeree-Overflakkee-2021X005,"0,214"
Goirle,0.32799999999999996,0.451,1.054,-0.033,0.021,2021X005,2021-01-01,Goirle-2021X005,"0,447"
Gooise Meren,0.213,0.742,,0.049,,2021X005,2021-01-01,Gooise Meren-2021X005,"0,98"
Gorinchem,0.371,0.667,1.036,0.40700000000000003,0.04,2021X005,2021-01-01,Gorinchem-2021X005,"0,672"
Gouda,0.185,0.768,1.306,0.051,0.026000000000000002,2021X005,2021-01-01,Gouda-2021X005,"0,771"
Groningen,0.08,1.34,1.171,0.046,0.021,2021X005,2021-01-01,Groningen-2021X005,"1,37"
Gulpen-Wittem,0.12,0.99,0.92,0.01,0.05,2021X005,2021-01-01,Gulpen-Wittem-2021X005,"0,99"
Haaksbergen,0.12300000000000001,0.41,1.18,0.021,0.026000000000000002,2021X005,2021-01-01,Haaksbergen-2021X005,"0,48"
Haarlem,0.26,0.68,1.15,0.02,0.03,2021X005,2021-01-01,Haarlem-2021X005,"0,7"
Haarlemmermeer,0.34299999999999997,0.81,1.042,0.22699999999999998,0.045,2021X005,2021-01-01,Haarlemmermeer-2021X005,"0,884"
Halderberge,0.19399999999999998,0.687,1.025,0.057,0.038,2021X005,2021-01-01,Halderberge-2021X005,"0,007"
Harderwijk,0.31,0.583,0.873,0.508,0.035,2021X005,2021-01-01,Harderwijk-2021X005,"0,599"
Hardinxveld-Giessendam,0.47700000000000004,0.204,1.0979999999999999,0.009000000000000001,0.188,2021X005,2021-01-01,Hardinxveld-Giessendam-2021X005,"0,222"
Harlingen,0.307,0.66,0.861,0.023,0.023,2021X005,2021-01-01,Harlingen-2021X005,"0,67"
Hattem,0.17600000000000002,0.62,1.09,0.027000000000000003,0.048,2021X005,2021-01-01,Hattem-2021X005,"0,9"
Heerenveen,0.259,0.466,1.1840000000000002,0.122,0.059000000000000004,2021X005,2021-01-01,Heerenveen-2021X005,"0,468"
Heerlen,0.096,0.7609999999999999,0.9740000000000001,0.021,0.016,2021X005,2021-01-01,Heerlen-2021X005,"0,754"
Helmond,0.517,0.17300000000000001,0.963,0.318,0.046,2021X005,2021-01-01,Helmond-2021X005,"0,221"
Hendrik-Ido-Ambacht,0.29,0.96,1.07,0.71,0.006999999999999999,2021X005,2021-01-01,Hendrik-Ido-Ambacht-2021X005,1
Hengelo,0.133,0.684,0.935,0.18899999999999997,0.024,2021X005,2021-01-01,Hengelo-2021X005,"1,565"
Het Hogeland,0.23,0.39,1.03,-0.01,0.047,2021X005,2021-01-01,Het Hogeland-2021X005,"0,46"
Heumen,0.22,0.32,1.08,0.023,-0.006,2021X005,2021-01-01,Heumen-2021X005,"0,5"
Heusden,0.264,0.763,0.93,0.43,0.039,2021X005,2021-01-01,Heusden-2021X005,"0,081"
Hillegom,0.682,0.037000000000000005,1.0759999999999998,0.07,-0.024,2021X005,2021-01-01,Hillegom-2021X005,"0,182"
Hilvarenbeek,0.27,0.46,0.97,0.1,0.03,2021X005,2021-01-01,Hilvarenbeek-2021X005,"0,51"
Hilversum,0.22,0.67,1.02,0.02,0.008,2021X005,2021-01-01,Hilversum-2021X005,"0,74"
Hoogeveen,0.16,0.56,0.97,0.069,0.055999999999999994,2021X005,2021-01-01,Hoogeveen-2021X005,"0,987"
Hoorn,0.27,0.36,0.86,-0.03,0.05,2021X005,2021-01-01,Hoorn-2021X005,"0,55"
Horst aan de Maas,0.26,0.41,1.03,0.01,0.08,2021X005,2021-01-01,Horst aan de Maas-2021X005,"0,48"
Houten,0.35,0.55,1.05,0.12,0.001,2021X005,2021-01-01,Houten-2021X005,"0,57"
Hulst,0.32,0.405,1.0490000000000002,0.024,0.049,2021X005,2021-01-01,Hulst-2021X005,"0,412"
IJsselstein,0.282,0.184,1.165,-0.006,0.046,2021X005,2021-01-01,IJsselstein-2021X005,"0,333"
Kaag en Braassem,0.34,0.59,1.18,0.11,0.09,2021X005,2021-01-01,Kaag en Braassem-2021X005,"0,7"
Kampen,0.28300000000000003,0.684,0.8370000000000001,0.017,-0.034,2021X005,2021-01-01,Kampen-2021X005,"0,622"
Katwijk,0.31,0.8,0.93,0.06,0.002,2021X005,2021-01-01,Katwijk-2021X005,"0,88"
Kerkrade,0.17600000000000002,0.602,1.0959999999999999,-0.004,0.047,2021X005,2021-01-01,Kerkrade-2021X005,"0,745"
Krimpenerwaard,0.33,0.15,1.06,-0.01,0.003,2021X005,2021-01-01,Krimpenerwaard-2021X005,"0,21"
Laarbeek,0.5720000000000001,0.131,0.966,0.264,0.11,2021X005,2021-01-01,Laarbeek-2021X005,"0,131"
Land van Cuijk,0.37,0.489,0.977,0.075,0.044000000000000004,2021X005,2021-01-01,Land van Cuijk-2021X005,"0,517"
Landgraaf,0.406,0.209,1.0759999999999998,0.028999999999999998,0.037000000000000005,2021X005,2021-01-01,Landgraaf-2021X005,"0,289"
Landsmeer,0.17,0.65,1.04,0.03,-0.02,2021X005,2021-01-01,Landsmeer-2021X005,"0,65"
Lansingerland,0.55,0.2,1.19,0.55,-0.02,2021X005,2021-01-01,Lansingerland-2021X005,"0,21"
Laren,0.092,0.53,1.507,0.011000000000000001,-0.025,2021X005,2021-01-01,Laren-2021X005,"0,994"
Leeuwarden,0.158,0.711,0.955,0.251,0.048,2021X005,2021-01-01,Leeuwarden-2021X005,"0,725"
Leiden,0.308,0.995,1.196,0.002,0.063,2021X005,2021-01-01,Leiden-2021X005,"1,03"
Leidschendam-Voorburg,0.6409999999999999,0.14,0.997,0.163,0.017,2021X005,2021-01-01,Leidschendam-Voorburg-2021X005,"0,222"
Lelystad,0.213,0.45899999999999996,0.0,0.247,0.034,2021X005,2021-01-01,Lelystad-2021X005,"0,484"
Lingewaard,0.36,0.32,1.083,0.005,0.05,2021X005,2021-01-01,Lingewaard-2021X005,"0,36"
Lochem,0.54,-0.05,1.15,0.12,0.06,2021X005,2021-01-01,Lochem-2021X005,"0,03"
Loon op Zand,0.294,0.299,1.183,0.006,0.07200000000000001,2021X005,2021-01-01,Loon op Zand-2021X005,"0,41"
Lopik,0.38,0.273,1.35,,0.065,2021X005,2021-01-01,Lopik-2021X005,"0,31"
Losser,0.355,0.42100000000000004,1.08,0.003,-0.003,2021X005,2021-01-01,Losser-2021X005,"0,419"
Maasgouw,0.45799999999999996,0.36700000000000005,0.9059999999999999,0.004,0.031,2021X005,2021-01-01,Maasgouw-2021X005,"0,47"
Maashorst,0.431,0.294,0.9279999999999999,0.15,0.059000000000000004,2021X005,2021-01-01,Maashorst-2021X005,"0,326"
Maassluis,0.36700000000000005,0.426,1.09,0.024,-0.015,2021X005,2021-01-01,Maassluis-2021X005,"0,452"
Maastricht,0.26,0.55,1.05,0.02,0.05,2021X005,2021-01-01,Maastricht-2021X005,"0,7"
Medemblik,0.38,0.11,0.99,0.03,0.03,2021X005,2021-01-01,Medemblik-2021X005,"0,15"
Meierijstad,0.376,0.479,0.945,0.35700000000000004,0.045,2021X005,2021-01-01,Meierijstad-2021X005,"0,507"
Meppel,0.1,0.8,0.89,0.24,0.008,2021X005,2021-01-01,Meppel-2021X005,"0,88"
Midden-Delfland,0.387,1.171,1.274,0.115,0.10800000000000001,2021X005,2021-01-01,Midden-Delfland-2021X005,"1,198"
Midden-Drenthe,0.4,0.47,0.86,0.04,0.046,2021X005,2021-01-01,Midden-Drenthe-2021X005,"0,4"
Midden-Groningen,0.113,0.593,1.036,0.013000000000000001,0.037000000000000005,2021X005,2021-01-01,Midden-Groningen-2021X005,"0,626"
Moerdijk,0.56,-0.08,0.96,0.14,-0.05,2021X005,2021-01-01,Moerdijk-2021X005,"0,02"
Molenlanden,0.609,-0.081,1.0290000000000001,0.024,0.037000000000000005,2021X005,2021-01-01,Molenlanden-2021X005,"-0,016"
Montfoort,0.113,0.48,1.247,-0.002,0.008,2021X005,2021-01-01,Montfoort-2021X005,"0,485"
Neder-Betuwe,0.44,0.33,1.14,0.11,0.03,2021X005,2021-01-01,Neder-Betuwe-2021X005,"0,34"
Nieuwegein,0.31,0.64,0.95,0.034,0.002,2021X005,2021-01-01,Nieuwegein-2021X005,"0,58"
Nieuwkoop,0.479,0.142,1.193,0.441,0.03,2021X005,2021-01-01,Nieuwkoop-2021X005,"0,199"
Nijkerk,0.41,0.51,0.82,0.23,-0.006,2021X005,2021-01-01,Nijkerk-2021X005,"0,49"
Nijmegen,0.2,0.58,1.03,0.29,-0.016,2021X005,2021-01-01,Nijmegen-2021X005,"0,64"
Nissewaard,0.297,0.506,0.96,0.11,-0.084,2021X005,2021-01-01,Nissewaard-2021X005,"0,557"
Noord-Beveland,0.562,0.132,0.9209999999999999,0.04,0.08199999999999999,2021X005,2021-01-01,Noord-Beveland-2021X005,"0,168"
Noordoostpolder,0.75,-0.27,0.9420000000000001,0.009000000000000001,0.032,2021X005,2021-01-01,Noordoostpolder-2021X005,"-0,25"
Noordwijk,0.575,0.23600000000000002,1.122,0.129,0.067,2021X005,2021-01-01,Noordwijk-2021X005,"0,353"
"Nuenen, Gerwen en Nederwetten",0.3,1.07,1.18,1.17,0.03,2021X005,2021-01-01,"Nuenen, Gerwen en Nederwetten-2021X005","1,12"
Nunspeet,0.654,0.115,0.614,0.145,0.07400000000000001,2021X005,2021-01-01,Nunspeet-2021X005,"0,115"
Oegstgeest,0.276,0.6940000000000001,1.41,-0.051,0.03,2021X005,2021-01-01,Oegstgeest-2021X005,"0,741"
Oisterwijk,0.25,0.47,1.08,0.06,0.054000000000000006,2021X005,2021-01-01,Oisterwijk-2021X005,"0,49"
Oldambt,0.359,0.19399999999999998,1.032,0.005,0.054000000000000006,2021X005,2021-01-01,Oldambt-2021X005,"0,256"
Olst-Wijhe,0.262,0.41,1.1740000000000002,0.04,-0.012,2021X005,2021-01-01,Olst-Wijhe-2021X005,"0,556"
Oosterhout,0.596,0.35600000000000004,0.94,0.054000000000000006,0.001,2021X005,2021-01-01,Oosterhout-2021X005,"0,341"
Ooststellingwerf,0.41,0.24,0.9,0.03,0.04,2021X005,2021-01-01,Ooststellingwerf-2021X005,"0,3"
Opmeer,0.66,0.27,1.26,0.06,0.09,2021X005,2021-01-01,Opmeer-2021X005,"0,28"
Opsterland,0.307,0.198,0.9309999999999999,0.021,0.105,2021X005,2021-01-01,Opsterland-2021X005,"0,198"
Oude IJsselstreek,0.196,0.83,0.972,0.07,0.013999999999999999,2021X005,2021-01-01,Oude IJsselstreek-2021X005,"0,922"
Oudewater,0.16,0.63,1.2,0.045,0.11,2021X005,2021-01-01,Oudewater-2021X005,"0,64"
Overbetuwe,0.23,0.816,0.8240000000000001,0.018000000000000002,0.051,2021X005,2021-01-01,Overbetuwe-2021X005,"0,816"
Papendrecht,0.43700000000000006,0.41200000000000003,0.98,-0.026000000000000002,0.059000000000000004,2021X005,2021-01-01,Papendrecht-2021X005,"0,587"
Pekela,0.52,0.036000000000000004,1.07,0.08,0.07400000000000001,2021X005,2021-01-01,Pekela-2021X005,"0,041"
Pijnacker-Nootdorp,0.5760000000000001,-0.04,1.16,0.028999999999999998,0.017,2021X005,2021-01-01,Pijnacker-Nootdorp-2021X005,"-0,04"
Purmerend,0.218,0.767,1.1840000000000002,0.066,0.05,2021X005,2021-01-01,Purmerend-2021X005,"0,816"
Putten,0.621,-0.309,0.852,-0.001,0.076,2021X005,2021-01-01,Putten-2021X005,"-0,162"
Reimerswaal,0.49,0.32,1.02,-0.06,0.03,2021X005,2021-01-01,Reimerswaal-2021X005,"0,35"
Renswoude,0.4,1.2,1.19,0.18,0.042,2021X005,2021-01-01,Renswoude-2021X005,"1,1"
Rheden,0.19,0.62,0.9,0.002,0.018000000000000002,2021X005,2021-01-01,Rheden-2021X005,"0,66"
Rhenen,0.35,0.56,1.12,0.001,0.055999999999999994,2021X005,2021-01-01,Rhenen-2021X005,"0,67"
Ridderkerk,0.586,-0.009000000000000001,0.968,-0.03,0.016,2021X005,2021-01-01,Ridderkerk-2021X005,"0,003"
Rijssen-Holten,0.49,0.37,0.792,0.04,0.011000000000000001,2021X005,2021-01-01,Rijssen-Holten-2021X005,"0,42"
Rijswijk,0.23600000000000002,1.044,1.117,0.002,0.053,2021X005,2021-01-01,Rijswijk-2021X005,"1,11"
Roerdalen,0.452,0.14,1.042,-0.011000000000000001,0.019,2021X005,2021-01-01,Roerdalen-2021X005,"0,156"
Rotterdam,0.56,0.209,1.02,-0.027000000000000003,0.055999999999999994,2021X005,2021-01-01,Rotterdam-2021X005,"0,237"
Rozendaal,0.79,-1.0,1.23,-0.12,0.05,2021X005,2021-01-01,Rozendaal-2021X005,-1
Rucphen,0.493,0.385,0.988,0.132,0.022000000000000002,2021X005,2021-01-01,Rucphen-2021X005,"0,39"
Scherpenzeel,0.47,0.13,1.08,0.022000000000000002,0.028999999999999998,2021X005,2021-01-01,Scherpenzeel-2021X005,"0,28"
Schiermonnikoog,0.29,0.52,0.97,0.06,0.016,2021X005,2021-01-01,Schiermonnikoog-2021X005,"0,58"
Schouwen-Duiveland,0.242,0.506,1.1909999999999998,0.034,0.013999999999999999,2021X005,2021-01-01,Schouwen-Duiveland-2021X005,"0,55"
Sint-Michielsgestel,0.42,-0.047,1.074,0.065,-0.04,2021X005,2021-01-01,Sint-Michielsgestel-2021X005,"-0,021"
Sittard-Geleen,0.13699999999999998,0.895,1.147,0.016,0.006,2021X005,2021-01-01,Sittard-Geleen-2021X005,"0,921"
Sliedrecht,0.49,0.26,0.92,0.03,0.027999999999999997,2021X005,2021-01-01,Sliedrecht-2021X005,"0,28"
Sluis,0.28,0.6,1.0070000000000001,0.012,0.048,2021X005,2021-01-01,Sluis-2021X005,"0,6"
Soest,0.38,0.21,0.97,0.01,0.013999999999999999,2021X005,2021-01-01,Soest-2021X005,"0,21"
Someren,0.65,0.01,0.87,-0.04,0.099,2021X005,2021-01-01,Someren-2021X005,"-0,37"
Son en Breugel,0.72,0.08,1.01,-0.19,0.03,2021X005,2021-01-01,Son en Breugel-2021X005,"0,11"
Stadskanaal,0.358,0.354,0.91,0.001,0.025,2021X005,2021-01-01,Stadskanaal-2021X005,"0,394"
Steenbergen,0.531,-0.038,0.981,-0.10099999999999999,0.004,2021X005,2021-01-01,Steenbergen-2021X005,"0,092"
Steenwijkerland,0.331,0.37200000000000005,0.8320000000000001,0.447,0.047,2021X005,2021-01-01,Steenwijkerland-2021X005,"0,438"
Stichtse Vecht,0.24,0.63,1.1440000000000001,0.003,0.017,2021X005,2021-01-01,Stichtse Vecht-2021X005,"0,64"
Súdwest-Fryslân,0.217,0.42,0.92,0.002,0.043,2021X005,2021-01-01,Súdwest-Fryslân-2021X005,"0,506"
Terneuzen,0.26899999999999996,0.6990000000000001,0.965,0.032,0.043,2021X005,2021-01-01,Terneuzen-2021X005,"0,707"
Terschelling,0.32,0.34,0.94,0.02,0.09,2021X005,2021-01-01,Terschelling-2021X005,"0,37"
Texel,0.31,0.47,0.94,0.02,0.06,2021X005,2021-01-01,Texel-2021X005,"0,5"
Teylingen,0.526,-0.114,0.7909999999999999,0.025,0.008,2021X005,2021-01-01,Teylingen-2021X005,"0,313"
Tholen,0.25,0.44,0.94,0.04,0.039,2021X005,2021-01-01,Tholen-2021X005,"0,49"
Tiel,0.21,0.72,1.08,0.01,0.012,2021X005,2021-01-01,Tiel-2021X005,"0,74"
Tilburg,0.67,0.19,0.73,0.03,0.001,2021X005,2021-01-01,Tilburg-2021X005,"0,23"
Twenterand,0.354,0.21899999999999997,0.9590000000000001,0.036000000000000004,-0.006,2021X005,2021-01-01,Twenterand-2021X005,"0,342"
Tynaarlo,0.45,0.53,0.8,0.12,0.039,2021X005,2021-01-01,Tynaarlo-2021X005,"0,59"
Tytsjerksteradiel,0.431,0.166,1.084,0.047,0.013999999999999999,2021X005,2021-01-01,Tytsjerksteradiel-2021X005,"0,196"
Uitgeest,0.353,0.27399999999999997,1.057,0.01,0.07,2021X005,2021-01-01,Uitgeest-2021X005,"0,305"
Uithoorn,0.52,0.37,1.06,-0.01,0.05,2021X005,2021-01-01,Uithoorn-2021X005,"0,39"
Urk,0.33,0.81,1.1,0.62,0.033,2021X005,2021-01-01,Urk-2021X005,"0,86"
Utrechtse Heuvelrug,0.091,0.97,1.306,0.051,0.045,2021X005,2021-01-01,Utrechtse Heuvelrug-2021X005,"0,987"
Vaals,0.166,0.679,1.004,0.136,0.015,2021X005,2021-01-01,Vaals-2021X005,"0,679"
Veendam,0.596,0.085,0.973,0.159,0.062,2021X005,2021-01-01,Veendam-2021X005,"0,109"
Veenendaal,0.3,0.57,0.81,-0.023,0.004,2021X005,2021-01-01,Veenendaal-2021X005,"0,62"
Veere,0.29,0.44,0.9,0.08,0.036000000000000004,2021X005,2021-01-01,Veere-2021X005,"0,52"
Veldhoven,0.27,1.11,0.92,0.67,0.03,2021X005,2021-01-01,Veldhoven-2021X005,"1,13"
Venlo,0.31,0.3,1.033,0.04,0.068,2021X005,2021-01-01,Venlo-2021X005,"0,37"
Venray,0.32,0.74,1.01,-0.02,0.06,2021X005,2021-01-01,Venray-2021X005,"0,51"
Vlaardingen,0.161,0.7490000000000001,1.03,0.061,0.043,2021X005,2021-01-01,Vlaardingen-2021X005,"0,756"
Vlissingen,-0.15,0.62,1.06,0.04,0.08,2021X005,2021-01-01,Vlissingen-2021X005,"0,62"
Voorne aan Zee,0.467,0.546,1.0490000000000002,0.06,0.042,2021X005,2021-01-01,Voorne aan Zee-2021X005,"0,605"
Voorschoten,0.43,0.26,1.4480000000000002,0.05,0.034,2021X005,2021-01-01,Voorschoten-2021X005,"0,31"
Voorst,0.22,0.63,1.03,-0.043,0.002,2021X005,2021-01-01,Voorst-2021X005,"0,63"
Vught,0.39,0.74,1.22,0.06,0.05,2021X005,2021-01-01,Vught-2021X005,"0,75"
Waadhoeke,0.36,0.24,1.06,0.16,0.03,2021X005,2021-01-01,Waadhoeke-2021X005,"0,25"
Waalre,0.191,0.35200000000000004,1.023,0.106,-0.001,2021X005,2021-01-01,Waalre-2021X005,"0,378"
Waddinxveen,0.41,0.54,1.07,0.22,0.003,2021X005,2021-01-01,Waddinxveen-2021X005,"0,55"
Wageningen,0.504,0.225,1.051,-0.006,0.07200000000000001,2021X005,2021-01-01,Wageningen-2021X005,"0,271"
Wassenaar,0.65,-0.57,1.68,,0.034,2021X005,2021-01-01,Wassenaar-2021X005,"-0,5"
Waterland,0.267,0.451,1.067,0.26899999999999996,0.002,2021X005,2021-01-01,Waterland-2021X005,"0,476"
Westerkwartier,0.16899999999999998,0.795,,0.107,,2021X005,2021-01-01,Westerkwartier-2021X005,"0,833"
Westerveld,0.35200000000000004,0.183,0.968,0.027999999999999997,-0.006,2021X005,2021-01-01,Westerveld-2021X005,"0,171"
Westervoort,0.09,0.5,1.05,0.003,0.033,2021X005,2021-01-01,Westervoort-2021X005,"0,55"
Westerwolde,0.5,0.23,1.14,0.02,0.069,2021X005,2021-01-01,Westerwolde-2021X005,"0,18"
Westland,0.364,1.083,1.244,0.606,0.037000000000000005,2021X005,2021-01-01,Westland-2021X005,"1,144"
Weststellingwerf,0.392,0.511,0.924,0.20199999999999999,0.071,2021X005,2021-01-01,Weststellingwerf-2021X005,"0,522"
Wijchen,0.53,-0.12,0.93,0.01,0.036000000000000004,2021X005,2021-01-01,Wijchen-2021X005,"0,04"
Wijk bij Duurstede,0.26899999999999996,0.402,1.196,0.003,-0.008,2021X005,2021-01-01,Wijk bij Duurstede-2021X005,"0,468"
Winterswijk,0.35,0.741,0.99,0.043,0.026000000000000002,2021X005,2021-01-01,Winterswijk-2021X005,"0,799"
Woensdrecht,0.405,0.019,0.971,-0.022000000000000002,0.047,2021X005,2021-01-01,Woensdrecht-2021X005,"0,061"
Woerden,0.23,1.27,1.05,-0.038,0.024,2021X005,2021-01-01,Woerden-2021X005,"1,27"
Woudenberg,0.264,0.22899999999999998,1.149,0.086,0.003,2021X005,2021-01-01,Woudenberg-2021X005,"0,224"
Zaanstad,0.192,1.18,1.104,0.086,0.038,2021X005,2021-01-01,Zaanstad-2021X005,"1,24"
Zaltbommel,0.49,0.3,1.09,0.04,0.1,2021X005,2021-01-01,Zaltbommel-2021X005,"0,3"
Zevenaar,0.29600000000000004,0.772,0.99,0.14800000000000002,0.043,2021X005,2021-01-01,Zevenaar-2021X005,"0,845"
Zoetermeer,0.6509999999999999,-0.01,0.977,0.079,0.05,2021X005,2021-01-01,Zoetermeer-2021X005,"-0,001"
Zuidplas,0.28300000000000003,0.6509999999999999,1.081,0.038,0.018000000000000002,2021X005,2021-01-01,Zuidplas-2021X005,"0,651"
Zundert,0.023,0.3,1.11,0.03,0.011000000000000001,2021X005,2021-01-01,Zundert-2021X005,"0,29"
Zwartewaterland,0.293,0.604,0.993,0.09699999999999999,0.002,2021X005,2021-01-01,Zwartewaterland-2021X005,"0,774"
Zwijndrecht,0.34,0.82,1.18,0.03,0.006,2021X005,2021-01-01,Zwijndrecht-2021X005,"0,85"
Zwolle,0.37,0.44,0.9,0.14,,2021X005,2021-01-01,Zwolle-2021X005,"0,47"
Aalsmeer,0.49,0.32,1.16,0.13,0.009000000000000001,2021X000,2021-01-01,Aalsmeer-2021X000,"0,33"
Aalten,0.281,0.392,0.738,0.006,0.036000000000000004,2021X000,2021-01-01,Aalten-2021X000,"0,425"
Achtkarspelen,0.23,0.551,1.075,0.015,-0.005,2021X000,2021-01-01,Achtkarspelen-2021X000,"0,623"
Alblasserdam,0.35,0.83,1.026,0.01,-0.033,2021X000,2021-01-01,Alblasserdam-2021X000,"0,87"
Albrandswaard,0.35,0.58,1.37,0.07,-0.015,2021X000,2021-01-01,Albrandswaard-2021X000,"0,64"
Alkmaar,0.225,0.8759999999999999,0.843,-0.018000000000000002,0.04,2021X000,2021-01-01,Alkmaar-2021X000,"0,895"
Almelo,0.19,2.34,1.09,0.12,0.04,2021X000,2021-01-01,Almelo-2021X000,"2,58"
Almere,0.4,,1.09,0.22,-0.018000000000000002,2021X000,2021-01-01,Almere-2021X000,"0,52"
Alphen aan den Rijn,0.469,0.522,1.001,0.019,0.004,2021X000,2021-01-01,Alphen aan den Rijn-2021X000,"0,602"
Alphen-Chaam,0.36,0.6,1.21,0.12,0.03,2021X000,2021-01-01,Alphen-Chaam-2021X000,"0,56"
Altena,0.28300000000000003,0.848,1.02,0.003,-0.03,2021X000,2021-01-01,Altena-2021X000,"0,901"
Ameland,0.316,1.169,0.851,0.13,-0.019,2021X000,2021-01-01,Ameland-2021X000,"1,169"
Amersfoort,0.179,0.54,1.104,0.11599999999999999,0.009000000000000001,2021X000,2021-01-01,Amersfoort-2021X000,"0,646"
Amsterdam,0.49,0.97,0.94,-0.063,-0.05,2021X000,2021-01-01,Amsterdam-2021X000,"1,02"
Apeldoorn,0.17800000000000002,0.8759999999999999,1.025,0.013999999999999999,0.005,2021X000,2021-01-01,Apeldoorn-2021X000,"0,942"
Arnhem,0.12,0.98,0.98,0.07,-0.03,2021X000,2021-01-01,Arnhem-2021X000,"1,07"
Assen,0.24,1.06,0.92,0.07,-0.016,2021X000,2021-01-01,Assen-2021X000,"1,08"
Asten,0.45,0.11,0.98,0.03,-0.006999999999999999,2021X000,2021-01-01,Asten-2021X000,"0,19"
Barendrecht,0.237,1.013,1.136,0.031,-0.03,2021X000,2021-01-01,Barendrecht-2021X000,"1,019"
Bergen (L.),0.19,0.74,0.92,0.04,0.011000000000000001,2021X000,2021-01-01,Bergen (L.)-2021X000,"0,74"
Bergen op Zoom,0.122,1.037,1.032,0.10099999999999999,0.011000000000000001,2021X000,2021-01-01,Bergen op Zoom-2021X000,"1,071"
Berkelland,0.406,0.542,1.09,0.012,-0.006,2021X000,2021-01-01,Berkelland-2021X000,"0,634"
Bernheze,0.359,0.139,0.975,0.11699999999999999,0.006,2021X000,2021-01-01,Bernheze-2021X000,"0,189"
Best,0.768,-0.023,0.951,0.376,0.04,2021X000,2021-01-01,Best-2021X000,"0,039"
Beuningen,0.11800000000000001,0.67,1.38,0.26,0.049,2021X000,2021-01-01,Beuningen-2021X000,"0,76"
Bladel,0.25,0.71,0.96,0.04,0.027000000000000003,2021X000,2021-01-01,Bladel-2021X000,"0,74"
Blaricum,0.777,-1.13,1.484,-0.276,0.006,2021X000,2021-01-01,Blaricum-2021X000,"-1,102"
Bodegraven-Reeuwijk,0.08800000000000001,1.568,1.3459999999999999,0.018000000000000002,0.008,2021X000,2021-01-01,Bodegraven-Reeuwijk-2021X000,"1,586"
Boekel,0.18,0.89,1.12,0.5,0.05,2021X000,2021-01-01,Boekel-2021X000,"0,9"
Borne,0.24,1.22,1.04,0.95,-0.07,2021X000,2021-01-01,Borne-2021X000,"1,22"
Boxtel,0.23,0.368,0.972,0.008,0.055,2021X000,2021-01-01,Boxtel-2021X000,"0,427"
Brummen,0.037000000000000005,1.261,1.13,0.129,-0.004,2021X000,2021-01-01,Brummen-2021X000,"1,179"
Bunnik,0.444,0.541,1.431,-0.02,-0.03,2021X000,2021-01-01,Bunnik-2021X000,"0,541"
Buren,0.25,0.31,1.15,0.13,0.027000000000000003,2021X000,2021-01-01,Buren-2021X000,"0,3"
Castricum,0.35,0.35,1.02,0.06,-0.01,2021X000,2021-01-01,Castricum-2021X000,"0,39"
Cranendonck,0.251,0.55,1.0659999999999998,-0.013000000000000001,-0.011000000000000001,2021X000,2021-01-01,Cranendonck-2021X000,"0,56"
Culemborg,0.26,0.63,1.08,0.067,0.017,2021X000,2021-01-01,Culemborg-2021X000,"0,88"
Dalfsen,0.54,0.11,0.96,0.11,-0.038,2021X000,2021-01-01,Dalfsen-2021X000,"0,18"
De Bilt,0.157,0.787,1.275,-0.023,-0.006,2021X000,2021-01-01,De Bilt-2021X000,"0,787"
De Fryske Marren,0.233,0.61,0.894,0.168,0.022000000000000002,2021X000,2021-01-01,De Fryske Marren-2021X000,"0,659"
De Ronde Venen,0.25,0.59,1.01,-0.01,0.005,2021X000,2021-01-01,De Ronde Venen-2021X000,"0,62"
De Wolden,0.43,0.52,0.95,0.01,0.021,2021X000,2021-01-01,De Wolden-2021X000,"0,7"
Delft,0.359,0.43,1.062,-0.019,-0.023,2021X000,2021-01-01,Delft-2021X000,"0,628"
Den Haag,0.36,0.33,0.85,0.07,-0.05,2021X000,2021-01-01,Den Haag-2021X000,"0,39"
Deurne,0.23,0.61,1.16,-0.02,0.002,2021X000,2021-01-01,Deurne-2021X000,"0,63"
Deventer,0.21,0.57,1.0,0.13,0.005,2021X000,2021-01-01,Deventer-2021X000,"0,66"
Diemen,0.15,0.85,1.04,-0.19,0.006999999999999999,2021X000,2021-01-01,Diemen-2021X000,"0,87"
Doesburg,0.716,0.16899999999999998,1.026,0.042,0.032,2021X000,2021-01-01,Doesburg-2021X000,"0,29"
Doetinchem,0.13,0.94,1.03,0.2,0.011000000000000001,2021X000,2021-01-01,Doetinchem-2021X000,"1,02"
Dongen,0.11,0.97,1.13,0.146,0.015,2021X000,2021-01-01,Dongen-2021X000,"1,04"
Dordrecht,0.7,-0.04,0.94,0.06,0.006,2021X000,2021-01-01,Dordrecht-2021X000,"0,02"
Drechterland,0.44,0.26,1.04,-0.04,-0.02,2021X000,2021-01-01,Drechterland-2021X000,"0,37"
Dronten,0.75,-0.02,0.88,-0.14,-0.012,2021X000,2021-01-01,Dronten-2021X000,"-0,06"
Duiven,0.253,0.45799999999999996,1.057,0.495,-0.017,2021X000,2021-01-01,Duiven-2021X000,"0,607"
Echt-Susteren,0.34,0.737,1.014,-0.004,0.003,2021X000,2021-01-01,Echt-Susteren-2021X000,"0,624"
Edam-Volendam,0.439,0.509,0.9840000000000001,-0.048,-0.024,2021X000,2021-01-01,Edam-Volendam-2021X000,"0,636"
Ede,0.2,0.54,0.91,0.28,-0.01,2021X000,2021-01-01,Ede-2021X000,"0,75"
Eemsdelta,0.162,0.738,1.138,0.004,0.026000000000000002,2021X000,2021-01-01,Eemsdelta-2021X000,"0,735"
Emmen,0.052000000000000005,1.224,1.014,0.08199999999999999,0.013999999999999999,2021X000,2021-01-01,Emmen-2021X000,"1,428"
Enschede,0.23,0.41,1.1,0.04,-0.009000000000000001,2021X000,2021-01-01,Enschede-2021X000,"0,47"
Epe,0.74,-0.077,0.94,-0.005,0.019,2021X000,2021-01-01,Epe-2021X000,"-0,019"
Ermelo,0.276,0.7829999999999999,1.86,0.36,-0.034,2021X000,2021-01-01,Ermelo-2021X000,"0,783"
Etten-Leur,0.19,0.68,1.01,0.09,0.03,2021X000,2021-01-01,Etten-Leur-2021X000,"0,7"
Geertruidenberg,0.18,0.45399999999999996,1.0,-0.005,0.008,2021X000,2021-01-01,Geertruidenberg-2021X000,"0,497"
Gilze en Rijen,0.21,0.4,0.8,0.17,0.03,2021X000,2021-01-01,Gilze en Rijen-2021X000,"0,45"
Goeree-Overflakkee,0.44299999999999995,0.22399999999999998,1.003,-0.021,-0.009000000000000001,2021X000,2021-01-01,Goeree-Overflakkee-2021X000,"0,31"
Goirle,0.293,0.561,1.067,-0.039,-0.055,2021X000,2021-01-01,Goirle-2021X000,"0,556"
Gooise Meren,0.172,0.983,1.082,0.055999999999999994,0.008,2021X000,2021-01-01,Gooise Meren-2021X000,"0,983"
Gorinchem,0.29600000000000004,1.053,1.026,0.287,-0.004,2021X000,2021-01-01,Gorinchem-2021X000,"1,048"
Gouda,0.114,1.0,1.422,0.043,-0.043,2021X000,2021-01-01,Gouda-2021X000,"1,005"
Gulpen-Wittem,0.14,0.87,1.107,0.01,0.06,2021X000,2021-01-01,Gulpen-Wittem-2021X000,1
Haaksbergen,0.015,0.71,1.2,0.086,0.008,2021X000,2021-01-01,Haaksbergen-2021X000,"0,82"
Halderberge,0.17600000000000002,0.86,1.025,0.076,0.005,2021X000,2021-01-01,Halderberge-2021X000,"0,897"
Harderwijk,0.27,0.81,0.85,0.43,-0.011000000000000001,2021X000,2021-01-01,Harderwijk-2021X000,"0,81"
Hardinxveld-Giessendam,0.54,0.39899999999999997,1.06,-0.016,-0.028999999999999998,2021X000,2021-01-01,Hardinxveld-Giessendam-2021X000,"0,401"
Harlingen,0.305,0.862,0.8759999999999999,0.027000000000000003,0.006999999999999999,2021X000,2021-01-01,Harlingen-2021X000,"0,849"
Hattem,0.14300000000000002,0.9790000000000001,1.075,-0.002,0.004,2021X000,2021-01-01,Hattem-2021X000,"1,296"
Heerenveen,0.207,0.589,1.069,0.08900000000000001,-0.031,2021X000,2021-01-01,Heerenveen-2021X000,"0,589"
Hellendoorn,0.105,0.972,1.123,0.033,0.001,2021X000,2021-01-01,Hellendoorn-2021X000,"1,025"
Helmond,0.41100000000000003,0.474,1.005,0.251,0.016,2021X000,2021-01-01,Helmond-2021X000,"0,474"
Hendrik-Ido-Ambacht,0.25,1.39,1.11,0.95,-0.009000000000000001,2021X000,2021-01-01,Hendrik-Ido-Ambacht-2021X000,"1,44"
Hengelo,0.08199999999999999,0.6940000000000001,0.963,0.207,0.006999999999999999,2021X000,2021-01-01,Hengelo-2021X000,"1,6"
Heumen,0.35,0.18,1.12,0.003,0.016,2021X000,2021-01-01,Heumen-2021X000,"0,45"
Heusden,0.209,0.95,0.93,0.47,0.013000000000000001,2021X000,2021-01-01,Heusden-2021X000,"1,06"
Hillegom,0.061,0.257,1.099,-0.004,0.032,2021X000,2021-01-01,Hillegom-2021X000,"0,431"
Hilvarenbeek,0.31,0.67,1.08,0.1,0.03,2021X000,2021-01-01,Hilvarenbeek-2021X000,"0,78"
Hoeksche Waard,0.6,0.36,0.85,0.01,-0.02,2021X000,2021-01-01,Hoeksche Waard-2021X000,"0,41"
Hof van Twente,0.5,0.7020000000000001,1.115,0.156,-0.011000000000000001,2021X000,2021-01-01,Hof van Twente-2021X000,"0,751"
Hoogeveen,0.092,0.81,0.97,0.059000000000000004,0.006999999999999999,2021X000,2021-01-01,Hoogeveen-2021X000,"0,84"
Hoorn,0.22,0.49,0.92,-0.01,0.011000000000000001,2021X000,2021-01-01,Hoorn-2021X000,"0,69"
Horst aan de Maas,0.16,0.82,1.04,0.02,0.013000000000000001,2021X000,2021-01-01,Horst aan de Maas-2021X000,"0,9"
Houten,0.28,0.67,1.06,0.11,0.005,2021X000,2021-01-01,Houten-2021X000,"0,69"
Huizen,0.73,-0.74,0.93,0.02,-0.038,2021X000,2021-01-01,Huizen-2021X000,"-0,16"
Hulst,0.19,0.6459999999999999,1.08,0.023,0.001,2021X000,2021-01-01,Hulst-2021X000,"0,744"
IJsselstein,0.21899999999999997,0.337,1.188,-0.001,-0.01,2021X000,2021-01-01,IJsselstein-2021X000,"0,565"
Katwijk,0.28,1.05,0.94,0.05,0.009000000000000001,2021X000,2021-01-01,Katwijk-2021X000,"1,15"
Kerkrade,0.102,0.907,1.124,-0.2,0.04,2021X000,2021-01-01,Kerkrade-2021X000,"1,086"
Koggenland,0.496,0.203,0.858,0.06,0.172,2021X000,2021-01-01,Koggenland-2021X000,"0,203"
Krimpen aan den IJssel,0.426,0.267,1.275,0.07200000000000001,0.002,2021X000,2021-01-01,Krimpen aan den IJssel-2021X000,"0,457"
Laarbeek,0.638,0.262,1.0090000000000001,0.11900000000000001,0.006999999999999999,2021X000,2021-01-01,Laarbeek-2021X000,"0,261"
Landgraaf,0.319,0.392,1.075,0.028999999999999998,0.002,2021X000,2021-01-01,Landgraaf-2021X000,"0,48"
Landsmeer,0.06,0.78,1.19,0.05,-0.04,2021X000,2021-01-01,Landsmeer-2021X000,"0,78"
Lansingerland,0.56,0.35,1.19,0.13,-0.03,2021X000,2021-01-01,Lansingerland-2021X000,"0,35"
Leeuwarden,0.084,,0.955,0.258,0.005,2021X000,2021-01-01,Leeuwarden-2021X000,"0,843"
Leiden,0.24600000000000002,1.226,1.208,0.001,-0.008,2021X000,2021-01-01,Leiden-2021X000,"1,24"
Leidschendam-Voorburg,0.633,0.35700000000000004,1.041,-0.018000000000000002,0.131,2021X000,2021-01-01,Leidschendam-Voorburg-2021X000,"0,382"
Lelystad,0.18,0.46,,0.21,0.009000000000000001,2021X000,2021-01-01,Lelystad-2021X000,"0,42"
Lingewaard,0.26,0.64,1.083,0.07400000000000001,-0.018000000000000002,2021X000,2021-01-01,Lingewaard-2021X000,"0,69"
Loon op Zand,0.17,0.71,1.17,0.18,0.005,2021X000,2021-01-01,Loon op Zand-2021X000,"0,83"
Losser,0.376,0.344,1.13,0.099,0.013999999999999999,2021X000,2021-01-01,Losser-2021X000,"0,429"
Maasdriel,0.22699999999999998,0.805,0.996,0.17,0.044000000000000004,2021X000,2021-01-01,Maasdriel-2021X000,"0,851"
Maashorst,0.34299999999999997,0.755,0.9420000000000001,0.271,0.002,2021X000,2021-01-01,Maashorst-2021X000,"0,793"
Maassluis,0.325,0.579,1.12,0.016,-0.01,2021X000,2021-01-01,Maassluis-2021X000,"0,636"
Medemblik,0.3,0.48,1.04,0.04,-0.01,2021X000,2021-01-01,Medemblik-2021X000,"0,52"
Meierijstad,0.29,0.55,0.93,0.49,0.001,2021X000,2021-01-01,Meierijstad-2021X000,"0,6"
Meppel,0.08,0.73,0.89,0.18,0.013000000000000001,2021X000,2021-01-01,Meppel-2021X000,"1,03"
Midden-Delfland,0.36200000000000004,1.1520000000000001,1.274,0.083,-0.017,2021X000,2021-01-01,Midden-Delfland-2021X000,"1,183"
Midden-Drenthe,0.25,0.77,0.8590000000000001,0.06,0.016,2021X000,2021-01-01,Midden-Drenthe-2021X000,"0,79"
Midden-Groningen,0.078,0.765,1.014,0.025,0.015,2021X000,2021-01-01,Midden-Groningen-2021X000,"0,793"
Molenlanden,0.618,0.386,1.0859999999999999,0.039,-0.006999999999999999,2021X000,2021-01-01,Molenlanden-2021X000,"0,458"
Neder-Betuwe,0.28,0.74,1.17,0.05,-0.04,2021X000,2021-01-01,Neder-Betuwe-2021X000,"0,75"
Nieuwegein,0.24,0.87,0.95,0.001,0.006,2021X000,2021-01-01,Nieuwegein-2021X000,"0,82"
Nieuwkoop,0.48,0.371,1.199,0.489,0.006999999999999999,2021X000,2021-01-01,Nieuwkoop-2021X000,"0,388"
Nijkerk,0.4,0.63,0.82,0.24,-0.005,2021X000,2021-01-01,Nijkerk-2021X000,"0,63"
Nijmegen,0.11,0.62,0.97,0.002,0.003,2021X000,2021-01-01,Nijmegen-2021X000,"0,67"
Nissewaard,0.244,0.769,0.96,0.113,0.013999999999999999,2021X000,2021-01-01,Nissewaard-2021X000,"0,876"
Noord-Beveland,0.43,0.503,0.925,0.14300000000000002,0.003,2021X000,2021-01-01,Noord-Beveland-2021X000,"0,549"
Noordenveld,0.22,0.65,0.91,-0.02,0.04,2021X000,2021-01-01,Noordenveld-2021X000,"0,66"
Oegstgeest,0.262,0.823,1.3780000000000001,-0.018000000000000002,0.011000000000000001,2021X000,2021-01-01,Oegstgeest-2021X000,"0,831"
Oisterwijk,0.13,0.79,1.14,0.02,0.039,2021X000,2021-01-01,Oisterwijk-2021X000,"0,8"
Oldambt,0.21,0.63,1.085,0.048,-0.009000000000000001,2021X000,2021-01-01,Oldambt-2021X000,"0,712"
Oldenzaal,0.25,0.73,0.96,0.03,-0.02,2021X000,2021-01-01,Oldenzaal-2021X000,"0,78"
Olst-Wijhe,0.161,0.537,1.117,0.047,0.001,2021X000,2021-01-01,Olst-Wijhe-2021X000,"0,687"
Oost Gelre,0.29,0.82,0.78,0.002,0.083,2021X000,2021-01-01,Oost Gelre-2021X000,"0,94"
Opsterland,0.344,0.35,0.9670000000000001,0.026000000000000002,-0.015,2021X000,2021-01-01,Opsterland-2021X000,"0,35"
Oss,0.40700000000000003,0.19,0.9540000000000001,0.06,0.005,2021X000,2021-01-01,Oss-2021X000,"0,264"
Oudewater,0.14,0.99,1.28,0.05,0.006,2021X000,2021-01-01,Oudewater-2021X000,"1,01"
Papendrecht,0.41,0.61,0.92,-0.05,0.008,2021X000,2021-01-01,Papendrecht-2021X000,"0,81"
Peel en Maas,0.24,0.94,0.94,0.07,0.03,2021X000,2021-01-01,Peel en Maas-2021X000,"1,02"
Pekela,0.34700000000000003,0.298,1.04,0.055,0.012,2021X000,2021-01-01,Pekela-2021X000,"0,301"
Pijnacker-Nootdorp,0.62,-0.02,1.13,0.03,0.016,2021X000,2021-01-01,Pijnacker-Nootdorp-2021X000,"-0,02"
Purmerend,0.122,1.037,1.032,0.10099999999999999,0.011000000000000001,2021X000,2021-01-01,Purmerend-2021X000,"1,071"
Putten,0.52,-0.05,0.79,-0.07,0.018000000000000002,2021X000,2021-01-01,Putten-2021X000,"0,09"
Raalte,0.31,0.89,0.94,0.23,0.008,2021X000,2021-01-01,Raalte-2021X000,"0,97"
Renkum,0.18600000000000003,0.377,1.38,0.001,0.005,2021X000,2021-01-01,Renkum-2021X000,"0,429"
Reusel-De Mierden,0.341,0.509,0.9840000000000001,0.29600000000000004,-0.02,2021X000,2021-01-01,Reusel-De Mierden-2021X000,"0,509"
Rhenen,0.3,0.97,1.12,-0.01,0.008,2021X000,2021-01-01,Rhenen-2021X000,"1,1"
Ridderkerk,0.5589999999999999,0.21899999999999997,0.948,-0.025,-0.009000000000000001,2021X000,2021-01-01,Ridderkerk-2021X000,"0,23"
Rijswijk,0.26,1.117,1.15,0.63,0.006,2021X000,2021-01-01,Rijswijk-2021X000,"1,101"
Roerdalen,0.455,0.106,1.024,-0.013999999999999999,-0.001,2021X000,2021-01-01,Roerdalen-2021X000,"0,125"
Roermond,0.122,1.037,1.032,0.10099999999999999,0.011000000000000001,2021X000,2021-01-01,Roermond-2021X000,"1,071"
Rucphen,0.419,0.8140000000000001,0.991,0.10099999999999999,0.006,2021X000,2021-01-01,Rucphen-2021X000,"0,819"
Scherpenzeel,0.44,0.2,1.07,-0.02,0.004,2021X000,2021-01-01,Scherpenzeel-2021X000,"0,38"
Schiedam,0.201,1.119,1.095,0.046,-0.001,2021X000,2021-01-01,Schiedam-2021X000,"1,229"
Schouwen-Duiveland,0.17300000000000001,0.7659999999999999,1.2009999999999998,0.028999999999999998,0.016,2021X000,2021-01-01,Schouwen-Duiveland-2021X000,"0,809"
Sint-Michielsgestel,0.41700000000000004,0.076,1.074,0.011000000000000001,-0.017,2021X000,2021-01-01,Sint-Michielsgestel-2021X000,"0,103"
Sluis,0.22,0.85,1.01,0.016,0.028999999999999998,2021X000,2021-01-01,Sluis-2021X000,"0,85"
Smallingerland,0.17,0.69,1.02,0.001,0.004,2021X000,2021-01-01,Smallingerland-2021X000,"0,71"
Soest,0.28,0.46,0.97,0.01,-0.011000000000000001,2021X000,2021-01-01,Soest-2021X000,"0,46"
Someren,0.67,0.05,0.97,0.06,-0.008,2021X000,2021-01-01,Someren-2021X000,"-0,04"
Stadskanaal,0.23,0.32,0.91,0.002,-0.057,2021X000,2021-01-01,Stadskanaal-2021X000,"0,36"
Steenbergen,0.649,0.12,1.128,-0.018000000000000002,0.032,2021X000,2021-01-01,Steenbergen-2021X000,"0,077"
Stein,0.18,1.1,1.03,,-0.005,2021X000,2021-01-01,Stein-2021X000,"1,15"
Stichtse Vecht,0.22,0.81,1.253,0.021,0.013000000000000001,2021X000,2021-01-01,Stichtse Vecht-2021X000,"0,82"
Súdwest-Fryslân,0.122,0.675,0.9990000000000001,0.009000000000000001,0.006999999999999999,2021X000,2021-01-01,Súdwest-Fryslân-2021X000,"0,777"
Teylingen,0.679,0.092,0.898,-0.002,-0.016,2021X000,2021-01-01,Teylingen-2021X000,"0,219"
Tholen,0.2,0.66,0.95,0.09,0.004,2021X000,2021-01-01,Tholen-2021X000,"0,68"
Tilburg,0.55,0.48,0.73,0.03,-0.006999999999999999,2021X000,2021-01-01,Tilburg-2021X000,"0,52"
Tubbergen,0.39799999999999996,-0.11599999999999999,,0.003,0.001,2021X000,2021-01-01,Tubbergen-2021X000,"-0,133"
Twenterand,0.21100000000000002,0.376,0.9590000000000001,0.128,-0.001,2021X000,2021-01-01,Twenterand-2021X000,"0,535"
Tytsjerksteradiel,0.265,0.415,1.055,0.019,0.013999999999999999,2021X000,2021-01-01,Tytsjerksteradiel-2021X000,"0,498"
Uitgeest,0.217,0.535,1.1,,0.025,2021X000,2021-01-01,Uitgeest-2021X000,"0,568"
Uithoorn,0.52,0.66,1.05,0.03,-0.03,2021X000,2021-01-01,Uithoorn-2021X000,"0,65"
Urk,0.29,1.089,1.15,0.7340000000000001,0.006,2021X000,2021-01-01,Urk-2021X000,"1,139"
Utrecht,0.239,0.8240000000000001,1.073,0.03,0.015,2021X000,2021-01-01,Utrecht-2021X000,"0,849"
Utrechtse Heuvelrug,0.059000000000000004,1.214,1.354,0.062,0.006,2021X000,2021-01-01,Utrechtse Heuvelrug-2021X000,"1,231"
Vaals,0.11800000000000001,0.804,1.034,0.099,0.006999999999999999,2021X000,2021-01-01,Vaals-2021X000,"0,808"
Valkenswaard,0.17,0.69,1.08,0.08,0.004,2021X000,2021-01-01,Valkenswaard-2021X000,"0,69"
Veendam,0.462,0.271,0.9229999999999999,0.14300000000000002,0.003,2021X000,2021-01-01,Veendam-2021X000,"0,313"
Veenendaal,0.24,0.79,0.83,0.672,-0.005,2021X000,2021-01-01,Veenendaal-2021X000,"0,85"
Veere,0.24,0.69,0.9,0.04,0.016,2021X000,2021-01-01,Veere-2021X000,"0,76"
Veldhoven,0.27,1.21,0.95,0.58,-0.01,2021X000,2021-01-01,Veldhoven-2021X000,"1,23"
Velsen,0.12,1.022,1.1,0.01,-0.026000000000000002,2021X000,2021-01-01,Velsen-2021X000,"1,032"
Venlo,0.25,0.45,1.033,0.04,0.003,2021X000,2021-01-01,Venlo-2021X000,"0,54"
Vlaardingen,0.073,1.068,1.063,0.068,-0.039,2021X000,2021-01-01,Vlaardingen-2021X000,"1,077"
Vlissingen,-0.28,0.66,1.12,0.021,-0.04,2021X000,2021-01-01,Vlissingen-2021X000,"0,64"
Voorne aan Zee,0.45299999999999996,0.7490000000000001,1.0590000000000002,0.16399999999999998,-0.006999999999999999,2021X000,2021-01-01,Voorne aan Zee-2021X000,"0,797"
Voorst,0.18,0.81,1.03,0.02,-0.038,2021X000,2021-01-01,Voorst-2021X000,"0,82"
Vught,0.34,0.91,1.22,0.06,0.008,2021X000,2021-01-01,Vught-2021X000,"0,91"
Waalre,0.22,0.226,1.0759999999999998,0.115,0.005,2021X000,2021-01-01,Waalre-2021X000,"0,252"
Waalwijk,0.24,1.4,0.81,0.16,0.11,2021X000,2021-01-01,Waalwijk-2021X000,"1,41"
Waddinxveen,0.38,0.72,1.07,0.27,0.011000000000000001,2021X000,2021-01-01,Waddinxveen-2021X000,"0,72"
Wageningen,0.319,0.489,1.0290000000000001,-0.017,-0.011000000000000001,2021X000,2021-01-01,Wageningen-2021X000,"0,534"
Wassenaar,0.7,-0.36,1.68,,0.009000000000000001,2021X000,2021-01-01,Wassenaar-2021X000,"-0,32"
Waterland,0.483,0.127,1.028,,0.061,2021X000,2021-01-01,Waterland-2021X000,"0,139"
West Betuwe,0.35,0.68,1.35,0.35,0.022000000000000002,2021X000,2021-01-01,West Betuwe-2021X000,"0,72"
Westerkwartier,0.122,1.139,1.137,0.10099999999999999,0.006999999999999999,2021X000,2021-01-01,Westerkwartier-2021X000,"1,139"
Westerveld,0.29600000000000004,0.29600000000000004,0.963,-0.11,0.006,2021X000,2021-01-01,Westerveld-2021X000,"0,309"
Westerwolde,0.45,0.24,1.04,0.06,-0.001,2021X000,2021-01-01,Westerwolde-2021X000,"0,17"
Westland,0.305,1.254,1.229,0.613,0.013000000000000001,2021X000,2021-01-01,Westland-2021X000,"1,318"
Weststellingwerf,0.336,0.6,0.965,0.212,0.021,2021X000,2021-01-01,Weststellingwerf-2021X000,"0,617"
Wierden,0.27,0.389,1.063,0.027999999999999997,0.004,2021X000,2021-01-01,Wierden-2021X000,"0,531"
Woensdrecht,0.298,0.24,0.971,-0.017,0.012,2021X000,2021-01-01,Woensdrecht-2021X000,"0,267"
Woerden,0.2,1.5,1.14,-0.02,-0.003,2021X000,2021-01-01,Woerden-2021X000,"1,52"
Woudenberg,0.382,0.016,1.197,-0.07,-0.04,2021X000,2021-01-01,Woudenberg-2021X000,"0,106"
Zaanstad,0.161,1.18,1.18,0.077,0.006999999999999999,2021X000,2021-01-01,Zaanstad-2021X000,"1,24"
Zaltbommel,0.377,0.585,1.121,0.115,0.008,2021X000,2021-01-01,Zaltbommel-2021X000,"0,62"
Zeewolde,0.68,-0.4,1.05,0.68,-0.01,2021X000,2021-01-01,Zeewolde-2021X000,"-0,32"
Zeist,0.608,0.198,1.077,0.009000000000000001,-0.069,2021X000,2021-01-01,Zeist-2021X000,"0,239"
Zevenaar,0.24100000000000002,0.831,0.99,0.011000000000000001,-0.035,2021X000,2021-01-01,Zevenaar-2021X000,"0,897"
Zuidplas,0.2,1.27,1.07,0.1,-0.04,2021X000,2021-01-01,Zuidplas-2021X000,"1,32"
Zundert,0.16,0.65,1.2,0.03,-0.004,2021X000,2021-01-01,Zundert-2021X000,"0,63"
Zutphen,0.14,0.9,1.0,0.5,-0.01,2021X000,2021-01-01,Zutphen-2021X000,"1,01"
Zwijndrecht,0.326,0.9279999999999999,1.178,0.022000000000000002,-0.003,2021X000,2021-01-01,Zwijndrecht-2021X000,"0,943"
Aalsmeer,0.41,0.74,1.17,0.22,0.001,2020X000,2020-01-01,Aalsmeer-2020X000,"0,75"
Alblasserdam,0.16,1.25,1.01,0.04,-0.019,2020X000,2020-01-01,Alblasserdam-2020X000,"1,27"
Albrandswaard,0.18,0.9,1.21,0.1,-0.006999999999999999,2020X000,2020-01-01,Albrandswaard-2020X000,"0,96"
Alkmaar,0.228,0.882,0.82,0.03,-0.004,2020X000,2020-01-01,Alkmaar-2020X000,"0,906"
Almere,0.304,0.649,1.092,0.31,-0.013999999999999999,2020X000,2020-01-01,Almere-2020X000,"0,702"
Alphen aan den Rijn,0.496,0.457,0.053,0.075,0.001,2020X000,2020-01-01,Alphen aan den Rijn-2020X000,"0,546"
Amersfoort,0.213,0.69,0.998,0.165,0.009000000000000001,2020X000,2020-01-01,Amersfoort-2020X000,"0,697"
Amstelveen,0.65,0.09,1.02,0.05,-0.01,2020X000,2020-01-01,Amstelveen-2020X000,"0,12"
Amsterdam,0.31,1.085,0.514,-0.033,0.019,2020X000,2020-01-01,Amsterdam-2020X000,"1,125"
Apeldoorn,0.141,0.872,0.961,0.024,0.003,2020X000,2020-01-01,Apeldoorn-2020X000,"0,944"
Assen,0.24,1.04,0.92,0.17,-0.028999999999999998,2020X000,2020-01-01,Assen-2020X000,"1,06"
Asten,0.53,0.17,0.96,0.11,-0.016,2020X000,2020-01-01,Asten-2020X000,"0,17"
Baarn,,,,,0.017,2020X000,2020-01-01,Baarn-2020X000,
Barendrecht,0.2,1.2,1.07,0.01,-0.02,2020X000,2020-01-01,Barendrecht-2020X000,"1,21"
Beekdaelen,0.046,0.737,1.17,0.09,0.068,2020X000,2020-01-01,Beekdaelen-2020X000,"0,761"
Bergeijk,0.379,0.523,0.97,0.158,0.015,2020X000,2020-01-01,Bergeijk-2020X000,"0,532"
Bergen (L.),0.302,0.14,0.9179999999999999,0.122,0.012,2020X000,2020-01-01,Bergen (L.)-2020X000,"0,12"
Berkelland,0.539,0.16399999999999998,1.003,0.012,-0.001,2020X000,2020-01-01,Berkelland-2020X000,"0,415"
Bernheze,0.353,0.503,0.973,0.205,-0.04,2020X000,2020-01-01,Bernheze-2020X000,"0,538"
Beuningen,0.055999999999999994,0.91,1.11,0.28,0.017,2020X000,2020-01-01,Beuningen-2020X000,"0,93"
Blaricum,0.63,-0.494,1.581,0.019,0.005,2020X000,2020-01-01,Blaricum-2020X000,"-0,458"
Bodegraven-Reeuwijk,0.11599999999999999,1.535,1.493,0.18899999999999997,-0.004,2020X000,2020-01-01,Bodegraven-Reeuwijk-2020X000,"1,535"
Breda,0.155,0.555,0.991,0.045,-0.003,2020X000,2020-01-01,Breda-2020X000,"0,797"
Brummen,0.07,1.411,1.1059999999999999,0.222,0.009000000000000001,2020X000,2020-01-01,Brummen-2020X000,"1,385"
Brunssum,0.6559999999999999,0.043,1.071,0.04,-0.036000000000000004,2020X000,2020-01-01,Brunssum-2020X000,"0,115"
Bunnik,0.622,0.282,1.355,-0.17600000000000002,-0.025,2020X000,2020-01-01,Bunnik-2020X000,"0,282"
Bunschoten,0.28300000000000003,0.315,0.8340000000000001,0.009000000000000001,0.005,2020X000,2020-01-01,Bunschoten-2020X000,"0,374"
Buren,0.23,0.23,1.01,0.07,0.25,2020X000,2020-01-01,Buren-2020X000,"0,08"
Capelle aan den IJssel,0.27,0.81,0.81,-0.01,0.05,2020X000,2020-01-01,Capelle aan den IJssel-2020X000,"0,81"
Castricum,0.2,0.63,1.04,0.01,-0.01,2020X000,2020-01-01,Castricum-2020X000,"0,68"
Coevorden,0.031,0.6,0.86,0.13,0.2,2020X000,2020-01-01,Coevorden-2020X000,"0,65"
Cranendonck,0.23600000000000002,0.569,1.02,-0.002,-0.02,2020X000,2020-01-01,Cranendonck-2020X000,"0,58"
Dantumadiel,-0.07,0.44,0.98,0.01,-0.08,2020X000,2020-01-01,Dantumadiel-2020X000,"0,43"
De Bilt,0.172,0.7929999999999999,1.2919999999999998,0.091,-0.001,2020X000,2020-01-01,De Bilt-2020X000,"0,796"
De Fryske Marren,0.252,0.5539999999999999,0.941,0.20199999999999999,0.006999999999999999,2020X000,2020-01-01,De Fryske Marren-2020X000,"0,624"
De Ronde Venen,0.24,0.53,0.96,-0.04,-0.026000000000000002,2020X000,2020-01-01,De Ronde Venen-2020X000,"0,55"
Den Haag,0.35,0.28,0.768,0.013000000000000001,-0.01,2020X000,2020-01-01,Den Haag-2020X000,"0,331"
Diemen,0.14,1.25,1.06,0.04,0.005,2020X000,2020-01-01,Diemen-2020X000,"1,27"
Dijk en Waard,0.302,0.929,1.1159999999999999,0.156,0.005,2020X000,2020-01-01,Dijk en Waard-2020X000,"0,955"
Dinkelland,0.337,0.512,,0.054000000000000006,-0.02,2020X000,2020-01-01,Dinkelland-2020X000,"0,454"
Doesburg,0.767,-0.061,1.026,0.06,0.002,2020X000,2020-01-01,Doesburg-2020X000,"0,06"
Doetinchem,0.15,0.94,0.95,0.23,0.018000000000000002,2020X000,2020-01-01,Doetinchem-2020X000,"1,04"
Dongen,0.11800000000000001,1.28,1.1,0.281,0.004,2020X000,2020-01-01,Dongen-2020X000,"1,37"
Dordrecht,0.46,0.54,0.95,0.04,0.001,2020X000,2020-01-01,Dordrecht-2020X000,"0,59"
Drimmelen,0.49,0.44,1.06,-0.01,-0.04,2020X000,2020-01-01,Drimmelen-2020X000,"0,45"
Druten,0.18,0.86,0.96,0.12,1.19,2020X000,2020-01-01,Druten-2020X000,"1,07"
Duiven,,,1.0590000000000002,,-0.031,2020X000,2020-01-01,Duiven-2020X000,
Echt-Susteren,0.308,0.672,1.05,0.001,0.012,2020X000,2020-01-01,Echt-Susteren-2020X000,"0,641"
Edam-Volendam,0.523,0.355,0.9840000000000001,-0.027000000000000003,0.006,2020X000,2020-01-01,Edam-Volendam-2020X000,"0,481"
Ede,0.2,0.54,0.91,0.28,-0.01,2020X000,2020-01-01,Ede-2020X000,"0,75"
Eemnes,0.29,0.992,1.318,-0.015,0.001,2020X000,2020-01-01,Eemnes-2020X000,"1,279"
Eemsdelta,0.6409999999999999,1.4,3.43,0.055,0.062,2020X000,2020-01-01,Eemsdelta-2020X000,"1,39"
Eersel,0.55,-0.009000000000000001,1.02,0.1,0.002,2020X000,2020-01-01,Eersel-2020X000,"-0,008"
Emmen,0.021,1.21,1.048,0.076,0.004,2020X000,2020-01-01,Emmen-2020X000,"1,335"
Epe,0.68,-0.012,0.92,0.001,0.024,2020X000,2020-01-01,Epe-2020X000,"0,061"
Geertruidenberg,0.134,0.363,1.03,-0.015,0.009000000000000001,2020X000,2020-01-01,Geertruidenberg-2020X000,"0,411"
Geldrop-Mierlo,0.31,0.41,0.83,0.1,-0.01,2020X000,2020-01-01,Geldrop-Mierlo-2020X000,"0,52"
Gilze en Rijen,0.23,0.45,0.75,0.27,0.03,2020X000,2020-01-01,Gilze en Rijen-2020X000,"0,54"
Goeree-Overflakkee,0.337,0.52,1.057,0.008,0.006,2020X000,2020-01-01,Goeree-Overflakkee-2020X000,"0,602"
Goirle,0.27399999999999997,0.7190000000000001,1.008,-0.006999999999999999,-0.055,2020X000,2020-01-01,Goirle-2020X000,"0,715"
Gouda,0.152,1.042,1.445,0.07,,2020X000,2020-01-01,Gouda-2020X000,"1,048"
Groningen,0.08,1.24,1.115,0.071,0.002,2020X000,2020-01-01,Groningen-2020X000,"1,59"
Gulpen-Wittem,0.18,0.87,0.0,0.01,0.009000000000000001,2020X000,2020-01-01,Gulpen-Wittem-2020X000,"1,03"
Haaksbergen,-0.03,1.16,1.26,-0.021,0.13,2020X000,2020-01-01,Haaksbergen-2020X000,"1,28"
Haarlemmermeer,0.28600000000000003,1.244,1.0270000000000001,0.374,0.015,2020X000,2020-01-01,Haarlemmermeer-2020X000,"1,346"
Harderwijk,0.33,0.69,0.8640000000000001,0.39,0.021,2020X000,2020-01-01,Harderwijk-2020X000,"0,69"
Hardinxveld-Giessendam,0.37,0.53,1.06,0.14,0.19,2020X000,2020-01-01,Hardinxveld-Giessendam-2020X000,"0,53"
Harlingen,0.34700000000000003,0.618,0.877,0.638,0.026000000000000002,2020X000,2020-01-01,Harlingen-2020X000,"0,637"
Hattem,0.18,0.82,1.16,-0.01,0.021,2020X000,2020-01-01,Hattem-2020X000,"1,14"
Heerlen,0.044000000000000004,0.792,0.99,0.009000000000000001,0.012,2020X000,2020-01-01,Heerlen-2020X000,"0,787"
Heeze-Leende,0.21,0.79,1.19,0.01,0.07,2020X000,2020-01-01,Heeze-Leende-2020X000,"1,06"
Hellendoorn,0.084,1.038,1.101,0.07400000000000001,0.025,2020X000,2020-01-01,Hellendoorn-2020X000,"1,1"
Helmond,0.452,0.447,1.028,0.358,0.012,2020X000,2020-01-01,Helmond-2020X000,"0,447"
Hengelo,0.076,0.866,0.924,0.273,0.001,2020X000,2020-01-01,Hengelo-2020X000,"1,853"
Heusden,0.171,1.28,0.94,0.56,0.011000000000000001,2020X000,2020-01-01,Heusden-2020X000,"1,14"
Hilvarenbeek,0.3,0.68,1.08,0.1,0.04,2020X000,2020-01-01,Hilvarenbeek-2020X000,"0,79"
Hof van Twente,0.547,0.638,1.085,0.09699999999999999,-0.02,2020X000,2020-01-01,Hof van Twente-2020X000,"0,671"
Hoogeveen,0.11,0.76,0.95,0.069,-0.001,2020X000,2020-01-01,Hoogeveen-2020X000,"0,82"
Hoorn,0.24,0.57,0.99,0.01,0.03,2020X000,2020-01-01,Hoorn-2020X000,"0,76"
Houten,0.28,0.78,1.06,0.12,0.09,2020X000,2020-01-01,Houten-2020X000,"0,81"
Huizen,0.78,-0.78,0.94,0.03,-0.02,2020X000,2020-01-01,Huizen-2020X000,"-0,21"
Hulst,0.18,0.6809999999999999,1.055,0.35200000000000004,-0.017,2020X000,2020-01-01,Hulst-2020X000,"0,693"
IJsselstein,0.257,0.38299999999999995,1.157,-0.005,-0.016,2020X000,2020-01-01,IJsselstein-2020X000,"0,618"
Kaag en Braassem,0.24,1.08,1.2,0.14,0.06,2020X000,2020-01-01,Kaag en Braassem-2020X000,"1,18"
Kerkrade,0.09,0.747,1.122,0.001,0.003,2020X000,2020-01-01,Kerkrade-2020X000,"0,905"
Koggenland,,,0.9840000000000001,,-0.011000000000000001,2020X000,2020-01-01,Koggenland-2020X000,
Krimpen aan den IJssel,0.251,0.38799999999999996,1.22,0.018000000000000002,0.001,2020X000,2020-01-01,Krimpen aan den IJssel-2020X000,"0,618"
Laarbeek,0.52,0.435,1.0490000000000002,0.428,-0.003,2020X000,2020-01-01,Laarbeek-2020X000,"0,435"
Land van Cuijk,0.306,0.902,0.993,0.156,-0.002,2020X000,2020-01-01,Land van Cuijk-2020X000,"0,923"
Landgraaf,0.27699999999999997,0.644,1.012,0.032,-0.001,2020X000,2020-01-01,Landgraaf-2020X000,"0,742"
Leeuwarden,0.057999999999999996,,0.961,0.239,0.003,2020X000,2020-01-01,Leeuwarden-2020X000,"0,847"
Leiden,0.26,1.128,1.185,-0.003,-0.015,2020X000,2020-01-01,Leiden-2020X000,"1,142"
Leiderdorp,0.36,0.726,1.3259999999999998,-0.001,0.006999999999999999,2020X000,2020-01-01,Leiderdorp-2020X000,"0,736"
Leidschendam-Voorburg,0.494,0.415,1.07,0.128,-0.01,2020X000,2020-01-01,Leidschendam-Voorburg-2020X000,"0,435"
Lelystad,,,1.06,,0.004,2020X000,2020-01-01,Lelystad-2020X000,
Leudal,0.47,0.4,0.94,-0.08,-0.01,2020X000,2020-01-01,Leudal-2020X000,"0,42"
Lingewaard,0.31,0.5,1.169,0.085,0.013000000000000001,2020X000,2020-01-01,Lingewaard-2020X000,"0,55"
Lopik,0.731,0.004,1.232,,-0.006999999999999999,2020X000,2020-01-01,Lopik-2020X000,"-0,048"
Losser,0.331,0.43,1.125,0.12300000000000001,0.013999999999999999,2020X000,2020-01-01,Losser-2020X000,"0,513"
Maasdriel,,,1.0070000000000001,,0.032,2020X000,2020-01-01,Maasdriel-2020X000,
Maasgouw,0.376,0.792,0.89,0.012,0.009000000000000001,2020X000,2020-01-01,Maasgouw-2020X000,"0,877"
Maashorst,0.409,0.514,0.9570000000000001,0.22399999999999998,-0.009000000000000001,2020X000,2020-01-01,Maashorst-2020X000,"0,558"
Maassluis,0.26,0.75,1.17,0.081,-0.005,2020X000,2020-01-01,Maassluis-2020X000,"0,788"
Maastricht,0.21,0.74,1.0,0.02,-0.02,2020X000,2020-01-01,Maastricht-2020X000,"0,86"
Meierijstad,0.289,0.607,0.997,0.006,0.445,2020X000,2020-01-01,Meierijstad-2020X000,"0,644"
Meppel,0.08,0.99,0.87,0.18,0.013000000000000001,2020X000,2020-01-01,Meppel-2020X000,"1,11"
Middelburg,0.16,1.09,0.98,0.4,-0.02,2020X000,2020-01-01,Middelburg-2020X000,"1,15"
Midden-Delfland,0.374,1.043,1.3880000000000001,-0.012,-0.09300000000000001,2020X000,2020-01-01,Midden-Delfland-2020X000,"1,074"
Midden-Drenthe,0.24,0.86,0.973,0.19,0.009000000000000001,2020X000,2020-01-01,Midden-Drenthe-2020X000,"0,92"
Midden-Groningen,0.109,0.7509999999999999,1.023,0.071,0.001,2020X000,2020-01-01,Midden-Groningen-2020X000,"0,795"
Moerdijk,0.5,0.23,0.97,0.01,0.08,2020X000,2020-01-01,Moerdijk-2020X000,"0,35"
Molenlanden,0.382,-0.096,1.05,0.09699999999999999,0.043,2020X000,2020-01-01,Molenlanden-2020X000,"0,177"
Montferland,0.2,1.12,1.11,0.05,-0.016,2020X000,2020-01-01,Montferland-2020X000,"1,19"
Neder-Betuwe,0.32,0.66,1.13,0.01,0.006,2020X000,2020-01-01,Neder-Betuwe-2020X000,"0,67"
Nieuwegein,0.28,0.9,0.89,0.19,-0.033,2020X000,2020-01-01,Nieuwegein-2020X000,"0,92"
Nieuwkoop,0.48,0.239,1.249,0.669,0.011000000000000001,2020X000,2020-01-01,Nieuwkoop-2020X000,"0,266"
Nijkerk,0.41,0.24,0.79,0.29,-0.001,2020X000,2020-01-01,Nijkerk-2020X000,"0,25"
Nijmegen,0.09,0.64,1.03,0.33,-0.02,2020X000,2020-01-01,Nijmegen-2020X000,"0,83"
Nissewaard,0.14300000000000002,1.092,0.96,0.152,0.06,2020X000,2020-01-01,Nissewaard-2020X000,"1,191"
Noord-Beveland,0.408,0.536,0.9540000000000001,0.11800000000000001,0.008,2020X000,2020-01-01,Noord-Beveland-2020X000,"0,582"
Noordenveld,0.31,0.77,0.97,0.02,0.03,2020X000,2020-01-01,Noordenveld-2020X000,"0,78"
Noordoostpolder,0.74,0.01,0.968,0.21,-0.027000000000000003,2020X000,2020-01-01,Noordoostpolder-2020X000,"0,01"
Noordwijk,0.507,0.616,1.1079999999999999,0.077,0.021,2020X000,2020-01-01,Noordwijk-2020X000,"0,723"
Nunspeet,0.508,0.445,0.745,0.07,-0.026000000000000002,2020X000,2020-01-01,Nunspeet-2020X000,"0,455"
Oisterwijk,0.249,1.03,1.591,0.16,0.011000000000000001,2020X000,2020-01-01,Oisterwijk-2020X000,"1,079"
Oldambt,0.271,0.574,1.104,0.027000000000000003,-0.025,2020X000,2020-01-01,Oldambt-2020X000,"0,641"
Oldebroek,0.44,0.27,0.99,0.03,-0.02,2020X000,2020-01-01,Oldebroek-2020X000,"0,4"
Oldenzaal,,,0.95,,-0.01,2020X000,2020-01-01,Oldenzaal-2020X000,
Olst-Wijhe,0.214,0.638,,0.16399999999999998,-0.013999999999999999,2020X000,2020-01-01,Olst-Wijhe-2020X000,"0,829"
Oost Gelre,0.33,0.77,0.77,0.04,0.003,2020X000,2020-01-01,Oost Gelre-2020X000,"0,89"
Ooststellingwerf,0.31,0.4,0.87,0.04,-0.01,2020X000,2020-01-01,Ooststellingwerf-2020X000,"0,46"
Opsterland,0.315,0.40399999999999997,0.9359999999999999,0.025,-0.013999999999999999,2020X000,2020-01-01,Opsterland-2020X000,"0,404"
Oss,0.359,0.207,0.9540000000000001,0.11,-0.001,2020X000,2020-01-01,Oss-2020X000,"0,278"
Oude IJsselstreek,0.16,1.19,1.02,0.07,-0.013999999999999999,2020X000,2020-01-01,Oude IJsselstreek-2020X000,"1,287"
Ouder-Amstel,0.602,-0.048,1.11,-0.08,0.06,2020X000,2020-01-01,Ouder-Amstel-2020X000,"-0,048"
Oudewater,0.17,0.82,1.16,0.17,0.006,2020X000,2020-01-01,Oudewater-2020X000,"0,83"
Overbetuwe,0.18,1.145,0.836,0.008,0.068,2020X000,2020-01-01,Overbetuwe-2020X000,"1,234"
Papendrecht,0.26,0.81,0.95,-0.03,0.03,2020X000,2020-01-01,Papendrecht-2020X000,1
Pekela,0.278,0.324,1.07,0.051,-0.008,2020X000,2020-01-01,Pekela-2020X000,"0,327"
Pijnacker-Nootdorp,0.42,0.59,1.297,0.17,0.011000000000000001,2020X000,2020-01-01,Pijnacker-Nootdorp-2020X000,"0,59"
Purmerend,0.162,0.8959999999999999,1.143,0.069,-0.08,2020X000,2020-01-01,Purmerend-2020X000,"0,946"
Putten,0.55,0.08,0.81,-0.02,0.004,2020X000,2020-01-01,Putten-2020X000,"0,2"
Raalte,0.27,0.99,0.99,0.2,0.004,2020X000,2020-01-01,Raalte-2020X000,"1,06"
Reimerswaal,0.49,0.38,1.08,-0.01,-0.02,2020X000,2020-01-01,Reimerswaal-2020X000,"0,41"
Reusel-De Mierden,0.341,0.509,0.9840000000000001,0.29600000000000004,-0.02,2020X000,2020-01-01,Reusel-De Mierden-2020X000,"0,509"
Rhenen,0.35,0.79,1.07,-0.01,0.013000000000000001,2020X000,2020-01-01,Rhenen-2020X000,"0,93"
Ridderkerk,0.58,0.05,0.94,-0.01,0.067,2020X000,2020-01-01,Ridderkerk-2020X000,"0,06"
Rijssen-Holten,0.35,0.62,0.826,0.15,0.006999999999999999,2020X000,2020-01-01,Rijssen-Holten-2020X000,"0,69"
Rijswijk,0.17,1.57,0.98,0.73,0.001,2020X000,2020-01-01,Rijswijk-2020X000,"1,54"
Roerdalen,0.429,0.155,1.024,-0.013000000000000001,-0.001,2020X000,2020-01-01,Roerdalen-2020X000,"0,174"
Roermond,0.207,0.72,1.0859999999999999,0.011000000000000001,0.006999999999999999,2020X000,2020-01-01,Roermond-2020X000,"0,72"
Rotterdam,0.569,0.156,1.05,-0.035,0.042,2020X000,2020-01-01,Rotterdam-2020X000,"0,195"
Rucphen,0.46,0.716,1.006,0.14400000000000002,0.013000000000000001,2020X000,2020-01-01,Rucphen-2020X000,"0,708"
Scherpenzeel,0.63,-0.25,1.09,0.01,-0.005,2020X000,2020-01-01,Scherpenzeel-2020X000,"-0,08"
Schiedam,0.11199999999999999,1.5190000000000001,1.095,0.052000000000000005,-0.002,2020X000,2020-01-01,Schiedam-2020X000,"1,559"
Schouwen-Duiveland,0.021,0.8220000000000001,1.222,0.01,-0.008,2020X000,2020-01-01,Schouwen-Duiveland-2020X000,"0,854"
Sint-Michielsgestel,,,1.143,,0.008,2020X000,2020-01-01,Sint-Michielsgestel-2020X000,
Sittard-Geleen,0.1,1.2,1.11,0.04,0.05,2020X000,2020-01-01,Sittard-Geleen-2020X000,"1,2"
Sliedrecht,0.45,0.39,0.87,0.06,0.001,2020X000,2020-01-01,Sliedrecht-2020X000,"0,42"
Sluis,0.18,0.95,1.036,0.043,-0.001,2020X000,2020-01-01,Sluis-2020X000,"0,95"
Soest,0.37,0.42,0.94,0.04,-0.021,2020X000,2020-01-01,Soest-2020X000,"0,42"
Stadskanaal,0.327,0.261,0.9390000000000001,0.002,-0.03,2020X000,2020-01-01,Stadskanaal-2020X000,"0,298"
Steenbergen,0.648,0.078,1.126,0.049,0.008,2020X000,2020-01-01,Steenbergen-2020X000,"0,078"
Steenwijkerland,0.21600000000000003,0.402,0.86,0.083,-0.013999999999999999,2020X000,2020-01-01,Steenwijkerland-2020X000,"0,476"
Stichtse Vecht,0.18,1.04,1.1179999999999999,0.016,0.005,2020X000,2020-01-01,Stichtse Vecht-2020X000,"1,05"
Súdwest-Fryslân,0.10400000000000001,0.72,0.9390000000000001,0.023,-0.008,2020X000,2020-01-01,Súdwest-Fryslân-2020X000,"0,834"
Terneuzen,0.174,1.054,1.018,0.055999999999999994,-0.006999999999999999,2020X000,2020-01-01,Terneuzen-2020X000,"1,059"
Teylingen,0.608,0.017,0.92,0.009000000000000001,-0.009000000000000001,2020X000,2020-01-01,Teylingen-2020X000,"0,384"
Tholen,0.15,0.82,0.97,0.17,0.006999999999999999,2020X000,2020-01-01,Tholen-2020X000,"0,85"
Tiel,0.21,0.84,1.03,0.01,0.008,2020X000,2020-01-01,Tiel-2020X000,"0,9"
Tilburg,0.542,0.617,0.93,0.075,-0.066,2020X000,2020-01-01,Tilburg-2020X000,"0,657"
Tubbergen,0.336,-0.084,,-0.016,-0.011000000000000001,2020X000,2020-01-01,Tubbergen-2020X000,"-0,101"
Twenterand,0.22699999999999998,0.42700000000000005,0.978,0.071,-0.02,2020X000,2020-01-01,Twenterand-2020X000,"0,559"
Tytsjerksteradiel,0.121,0.486,1.014,0.047,0.006999999999999999,2020X000,2020-01-01,Tytsjerksteradiel-2020X000,"0,521"
Utrecht,0.239,0.85,0.996,0.045,0.004,2020X000,2020-01-01,Utrecht-2020X000,"0,89"
Utrechtse Heuvelrug,0.055,1.237,1.3259999999999998,0.063,0.001,2020X000,2020-01-01,Utrechtse Heuvelrug-2020X000,"1,278"
Vaals,0.122,0.941,1.1059999999999999,0.11699999999999999,-0.013000000000000001,2020X000,2020-01-01,Vaals-2020X000,"0,944"
Veendam,0.513,0.057999999999999996,0.9490000000000001,0.004,0.002,2020X000,2020-01-01,Veendam-2020X000,"0,071"
Veere,0.25,0.72,0.89,0.001,0.001,2020X000,2020-01-01,Veere-2020X000,"0,77"
Veldhoven,,,0.95,,-0.01,2020X000,2020-01-01,Veldhoven-2020X000,
Velsen,0.16899999999999998,0.956,1.091,0.02,0.008,2020X000,2020-01-01,Velsen-2020X000,"0,972"
Venlo,0.21,0.57,1.088,0.03,0.016,2020X000,2020-01-01,Venlo-2020X000,"0,65"
Venray,0.26,0.58,0.96,0.01,0.05,2020X000,2020-01-01,Venray-2020X000,"0,9"
Vijfheerenlanden,0.21600000000000003,0.998,1.155,0.166,,2020X000,2020-01-01,Vijfheerenlanden-2020X000,"1,127"
Vlaardingen,0.18100000000000002,0.983,1.063,0.057,-0.08,2020X000,2020-01-01,Vlaardingen-2020X000,"1,005"
Vlissingen,-0.61,0.87,1.16,0.015,0.045,2020X000,2020-01-01,Vlissingen-2020X000,"0,86"
Voorne aan Zee,0.382,0.847,1.014,0.081,0.004,2020X000,2020-01-01,Voorne aan Zee-2020X000,"0,878"
Voorschoten,0.36,0.6,0.48,0.11,0.017,2020X000,2020-01-01,Voorschoten-2020X000,"0,62"
Voorst,0.22,0.6,1.02,0.04,-0.016,2020X000,2020-01-01,Voorst-2020X000,"0,63"
Vught,0.297,1.344,1.7080000000000002,0.006999999999999999,-0.04,2020X000,2020-01-01,Vught-2020X000,"1,396"
Waalre,0.20199999999999999,0.19699999999999998,1.069,0.08199999999999999,0.006999999999999999,2020X000,2020-01-01,Waalre-2020X000,"0,23"
Wageningen,0.33299999999999996,0.524,1.0979999999999999,0.008,-0.004,2020X000,2020-01-01,Wageningen-2020X000,"0,563"
Wassenaar,0.71,-0.55,1.63,,0.011000000000000001,2020X000,2020-01-01,Wassenaar-2020X000,"-0,5"
Waterland,0.326,0.316,1.038,,0.011000000000000001,2020X000,2020-01-01,Waterland-2020X000,"0,33"
Weert,0.32,0.6890000000000001,0.996,0.165,-0.015,2020X000,2020-01-01,Weert-2020X000,"0,799"
West Betuwe,0.31,0.87,1.3,0.39,0.03,2020X000,2020-01-01,West Betuwe-2020X000,"0,91"
Westerkwartier,0.1,1.088,1.124,0.017,-0.016,2020X000,2020-01-01,Westerkwartier-2020X000,"1,088"
Westerveld,0.33299999999999996,0.325,0.885,0.021,0.023,2020X000,2020-01-01,Westerveld-2020X000,"0,322"
Westervoort,0.18,0.56,1.06,0.01,-0.001,2020X000,2020-01-01,Westervoort-2020X000,"0,59"
Westerwolde,0.39,0.33,0.83,-0.01,0.07,2020X000,2020-01-01,Westerwolde-2020X000,"0,24"
Westland,0.316,1.345,1.127,0.634,0.009000000000000001,2020X000,2020-01-01,Westland-2020X000,"1,414"
Weststellingwerf,0.201,0.6990000000000001,0.935,0.255,-0.004,2020X000,2020-01-01,Weststellingwerf-2020X000,"0,723"
Wierden,0.242,0.43799999999999994,1.045,0.12,-0.002,2020X000,2020-01-01,Wierden-2020X000,"0,435"
Wijchen,0.32,0.09,0.98,0.01,-0.01,2020X000,2020-01-01,Wijchen-2020X000,"0,26"
Wijk bij Duurstede,0.22699999999999998,0.507,1.1,0.1,-0.009000000000000001,2020X000,2020-01-01,Wijk bij Duurstede-2020X000,"0,56"
Winterswijk,0.4,0.585,1.04,0.07200000000000001,0.021,2020X000,2020-01-01,Winterswijk-2020X000,"0,647"
Woensdrecht,0.311,0.21,0.958,-0.005,0.016,2020X000,2020-01-01,Woensdrecht-2020X000,"0,243"
Woudenberg,0.3,0.257,1.177,0.17800000000000002,-0.001,2020X000,2020-01-01,Woudenberg-2020X000,"0,257"
Zaanstad,0.175,1.2,1.18,0.07,0.077,2020X000,2020-01-01,Zaanstad-2020X000,"1,28"
Zaltbommel,,,1.122,,,2020X000,2020-01-01,Zaltbommel-2020X000,
Zeewolde,0.64,-0.21,1.01,0.87,0.002,2020X000,2020-01-01,Zeewolde-2020X000,"-0,14"
Zeist,0.6409999999999999,0.131,1.011,0.036000000000000004,-0.011000000000000001,2020X000,2020-01-01,Zeist-2020X000,"0,184"
Zevenaar,0.22,0.95,1.023,0.11,-0.07,2020X000,2020-01-01,Zevenaar-2020X000,"1,02"
Zoetermeer,0.47700000000000004,0.322,1.035,0.048,0.006,2020X000,2020-01-01,Zoetermeer-2020X000,"0,343"
Zoeterwoude,0.37799999999999995,0.5589999999999999,1.094,-0.035,0.012,2020X000,2020-01-01,Zoeterwoude-2020X000,"0,574"
Zuidplas,0.25,0.99,1.16,0.09,0.066,2020X000,2020-01-01,Zuidplas-2020X000,"0,099"
Zundert,0.2,0.42,1.0,0.04,-0.03,2020X000,2020-01-01,Zundert-2020X000,"0,4"
Zwartewaterland,0.248,1.0270000000000001,1.014,0.149,-0.068,2020X000,2020-01-01,Zwartewaterland-2020X000,"1,089"
Zwijndrecht,0.14,1.31,1.23,0.08,-0.031,2020X000,2020-01-01,Zwijndrecht-2020X000,"1,36"
Aa en Hunze,0.48,0.13,0.86,0.1,-0.05,2020X005,2020-01-01,Aa en Hunze-2020X005,"0,18"
Aalten,0.311,0.268,0.774,0.02,0.001,2020X005,2020-01-01,Aalten-2020X005,"0,41"
Alblasserdam,0.39,0.37,1.01,0.01,-0.036000000000000004,2020X005,2020-01-01,Alblasserdam-2020X005,"0,41"
Albrandswaard,0.33,0.37,1.232,0.06,0.009000000000000001,2020X005,2020-01-01,Albrandswaard-2020X005,"0,41"
Alkmaar,0.237,0.6579999999999999,0.802,0.034,0.015,2020X005,2020-01-01,Alkmaar-2020X005,"0,684"
Almelo,0.12,1.46,2.2,0.29,-0.05,2020X005,2020-01-01,Almelo-2020X005,"1,63"
Almere,0.419,0.45399999999999996,1.085,0.25,-0.018000000000000002,2020X005,2020-01-01,Almere-2020X005,"0,478"
Alphen aan den Rijn,0.519,0.302,0.038,0.132,0.025,2020X005,2020-01-01,Alphen aan den Rijn-2020X005,"0,37"
Altena,0.319,0.626,0.0,0.126,0.021,2020X005,2020-01-01,Altena-2020X005,"0,676"
Ameland,0.408,0.615,0.8759999999999999,0.12,0.069,2020X005,2020-01-01,Ameland-2020X005,"0,615"
Amstelveen,0.67,-0.14,1.02,-0.01,0.05,2020X005,2020-01-01,Amstelveen-2020X005,"-0,14"
Amsterdam,0.364,0.792,0.515,-0.03,0.031,2020X005,2020-01-01,Amsterdam-2020X005,"0,829"
Apeldoorn,0.217,0.691,1.025,0.028999999999999998,0.024,2020X005,2020-01-01,Apeldoorn-2020X005,"0,758"
Assen,0.315,0.79,0.92,0.064,-0.015,2020X005,2020-01-01,Assen-2020X005,"0,81"
Asten,0.52,-0.26,0.95,0.03,-0.02,2020X005,2020-01-01,Asten-2020X005,"-0,26"
Barendrecht,0.26899999999999996,0.789,1.075,0.077,-0.02,2020X005,2020-01-01,Barendrecht-2020X005,"0,794"
Beekdaelen,0.647,-0.046,1.115,0.027000000000000003,0.049,2020X005,2020-01-01,Beekdaelen-2020X005,"-0,018"
Beesel,0.5,-0.03,0.77,0.03,-0.12,2020X005,2020-01-01,Beesel-2020X005,"0,01"
Berg en Dal,0.44,0.29,0.96,0.02,-0.025,2020X005,2020-01-01,Berg en Dal-2020X005,"0,4"
Bergeijk,0.377,0.358,0.92,0.196,0.023,2020X005,2020-01-01,Bergeijk-2020X005,"0,363"
Bergen (L.),0.21,0.79,0.82,0.387,0.34299999999999997,2020X005,2020-01-01,Bergen (L.)-2020X005,"0,78"
Berkelland,0.502,0.095,1.1440000000000001,0.03,0.004,2020X005,2020-01-01,Berkelland-2020X005,"0,419"
Bernheze,0.36200000000000004,0.344,0.96,0.124,0.011000000000000001,2020X005,2020-01-01,Bernheze-2020X005,"0,374"
Best,0.726,-0.16399999999999998,0.956,0.4,0.013000000000000001,2020X005,2020-01-01,Best-2020X005,"-0,098"
Beuningen,0.092,0.63,1.05,0.27,0.008,2020X005,2020-01-01,Beuningen-2020X005,"0,7"
Beverwijk,0.28,0.36,0.99,0.06,0.04,2020X005,2020-01-01,Beverwijk-2020X005,"0,49"
Bladel,0.25,0.66,0.96,0.03,0.04,2020X005,2020-01-01,Bladel-2020X005,"0,69"
Blaricum,0.608,-0.853,1.526,-0.13,0.051,2020X005,2020-01-01,Blaricum-2020X005,"-0,83"
Bloemendaal,0.523,0.21,1.879,0.001,0.009000000000000001,2020X005,2020-01-01,Bloemendaal-2020X005,"0,221"
Bodegraven-Reeuwijk,0.091,1.514,1.431,0.07,-0.018000000000000002,2020X005,2020-01-01,Bodegraven-Reeuwijk-2020X005,"1,579"
Boekel,0.306,0.53,1.121,0.05,0.21,2020X005,2020-01-01,Boekel-2020X005,"0,532"
Borne,0.19,1.35,1.04,1.03,-0.11,2020X005,2020-01-01,Borne-2020X005,"1,35"
Borsele,0.535,0.055,1.034,-0.022000000000000002,0.139,2020X005,2020-01-01,Borsele-2020X005,"0,132"
Boxtel,0.185,0.32299999999999995,0.965,0.040999999999999995,0.05,2020X005,2020-01-01,Boxtel-2020X005,"0,391"
Breda,0.184,0.39899999999999997,0.991,0.051,-0.025,2020X005,2020-01-01,Breda-2020X005,"0,615"
Bronckhorst,0.605,-0.087,1.08,0.008,0.004,2020X005,2020-01-01,Bronckhorst-2020X005,"0,018"
Brummen,0.049,1.1159999999999999,1.1059999999999999,0.19,0.018000000000000002,2020X005,2020-01-01,Brummen-2020X005,"1,033"
Bunnik,0.608,0.11,1.382,-0.024,-0.015,2020X005,2020-01-01,Bunnik-2020X005,"0,11"
Bunschoten,0.28800000000000003,3.83,0.8109999999999999,0.09699999999999999,0.001,2020X005,2020-01-01,Bunschoten-2020X005,"0,43"
Buren,0.304,0.13,1.37,0.03,0.008,2020X005,2020-01-01,Buren-2020X005,"0,13"
Capelle aan den IJssel,0.624,0.114,0.8079999999999999,0.036000000000000004,0.021,2020X005,2020-01-01,Capelle aan den IJssel-2020X005,"0,116"
Cranendonck,0.318,0.455,1.04,-0.016,0.085,2020X005,2020-01-01,Cranendonck-2020X005,"0,486"
Culemborg,0.316,0.47,1.08,0.10800000000000001,0.005,2020X005,2020-01-01,Culemborg-2020X005,"0,79"
Dantumadiel,0.15,0.42,1.06,0.02,0.1,2020X005,2020-01-01,Dantumadiel-2020X005,"0,44"
De Bilt,0.195,0.728,1.278,0.04,-0.002,2020X005,2020-01-01,De Bilt-2020X005,"0,736"
De Fryske Marren,0.254,0.447,0.934,0.127,-0.006999999999999999,2020X005,2020-01-01,De Fryske Marren-2020X005,"0,489"
De Ronde Venen,0.26,0.43,0.09699999999999999,-0.002,-0.002,2020X005,2020-01-01,De Ronde Venen-2020X005,"0,45"
Delft,0.392,0.28600000000000003,1.1540000000000001,0.005,-0.001,2020X005,2020-01-01,Delft-2020X005,"0,445"
Den Haag,0.387,0.21100000000000002,0.815,0.006,0.002,2020X005,2020-01-01,Den Haag-2020X005,"0,262"
Den Helder,0.25,0.35,1.04,0.05,-0.02,2020X005,2020-01-01,Den Helder-2020X005,"0,59"
Deurne,0.3,0.4,1.13,0.08,0.006,2020X005,2020-01-01,Deurne-2020X005,"0,4"
Deventer,0.21,0.55,0.95,0.12,0.048,2020X005,2020-01-01,Deventer-2020X005,"0,65"
Diemen,0.18,0.34,1.06,-0.02,0.022000000000000002,2020X005,2020-01-01,Diemen-2020X005,"0,36"
Dijk en Waard,0.306,0.569,1.19,0.099,0.019,2020X005,2020-01-01,Dijk en Waard-2020X005,"0,592"
Dinkelland,0.439,0.29100000000000004,0.996,0.055999999999999994,0.024,2020X005,2020-01-01,Dinkelland-2020X005,"0,232"
Doesburg,0.674,0.136,1.072,0.003,0.099,2020X005,2020-01-01,Doesburg-2020X005,"0,01"
Doetinchem,0.2,0.66,0.95,0.16,0.033,2020X005,2020-01-01,Doetinchem-2020X005,"0,71"
Dongen,0.369,0.4,1.0,0.124,0.032,2020X005,2020-01-01,Dongen-2020X005,"0,44"
Dordrecht,0.68,-0.08,0.95,0.05,0.018000000000000002,2020X005,2020-01-01,Dordrecht-2020X005,"-0,06"
Drechterland,0.46,0.14,1.06,0.13,-0.01,2020X005,2020-01-01,Drechterland-2020X005,"0,26"
Dronten,0.58,-0.18,0.9,0.11,0.12,2020X005,2020-01-01,Dronten-2020X005,"-0,13"
Druten,0.25,0.58,0.96,0.08,0.011000000000000001,2020X005,2020-01-01,Druten-2020X005,"0,75"
Duiven,0.303,0.33299999999999996,0.991,0.336,-0.003,2020X005,2020-01-01,Duiven-2020X005,"0,423"
Echt-Susteren,0.353,0.505,0.991,0.012,0.024,2020X005,2020-01-01,Echt-Susteren-2020X005,"0,407"
Edam-Volendam,0.539,0.265,0.956,-0.094,0.046,2020X005,2020-01-01,Edam-Volendam-2020X005,"0,391"
Eemnes,0.192,1.23,1.31,0.048,-0.079,2020X005,2020-01-01,Eemnes-2020X005,"1,583"
Eersel,0.56,-0.34600000000000003,1.02,0.032,-0.016,2020X005,2020-01-01,Eersel-2020X005,"-0,343"
Eindhoven,0.376,0.414,0.98,0.087,0.09,2020X005,2020-01-01,Eindhoven-2020X005,"0,432"
Elburg,0.59,0.09,0.89,0.04,0.04,2020X005,2020-01-01,Elburg-2020X005,"0,162"
Emmen,0.055999999999999994,1.046,1.02,0.075,0.049,2020X005,2020-01-01,Emmen-2020X005,"1,217"
Enschede,0.26,0.34,1.07,0.02,0.049,2020X005,2020-01-01,Enschede-2020X005,"0,39"
Epe,0.76,-0.128,0.89,-0.006999999999999999,0.062,2020X005,2020-01-01,Epe-2020X005,"-0,067"
Ermelo,0.397,0.002,1.1179999999999999,0.001,0.042,2020X005,2020-01-01,Ermelo-2020X005,"0,017"
Geertruidenberg,0.19399999999999998,0.499,1.03,-0.024,-0.003,2020X005,2020-01-01,Geertruidenberg-2020X005,"0,539"
Gemert-Bakel,0.102,0.65,1.14,0.25,0.04,2020X005,2020-01-01,Gemert-Bakel-2020X005,"0,94"
Gennep,0.314,0.36200000000000004,0.943,0.012,0.023,2020X005,2020-01-01,Gennep-2020X005,"0,223"
Gilze en Rijen,0.23,0.46,0.77,0.2,0.03,2020X005,2020-01-01,Gilze en Rijen-2020X005,"0,51"
Goeree-Overflakkee,0.442,0.1,1.065,-0.011000000000000001,0.015,2020X005,2020-01-01,Goeree-Overflakkee-2020X005,"0,166"
Goirle,0.31,0.495,1.067,-0.043,-0.026000000000000002,2020X005,2020-01-01,Goirle-2020X005,"0,491"
Gooise Meren,,,1.077,,0.009000000000000001,2020X005,2020-01-01,Gooise Meren-2020X005,
Gorinchem,0.32899999999999996,0.611,1.062,0.36700000000000005,0.03,2020X005,2020-01-01,Gorinchem-2020X005,"0,615"
Gouda,0.17600000000000002,0.8390000000000001,1.229,0.055999999999999994,0.062,2020X005,2020-01-01,Gouda-2020X005,"0,842"
Groningen,0.08,1.06,1.162,0.054000000000000006,0.035,2020X005,2020-01-01,Groningen-2020X005,"1,42"
Gulpen-Wittem,0.14,0.81,0.92,0.01,0.1,2020X005,2020-01-01,Gulpen-Wittem-2020X005,"0,81"
Haaksbergen,0.013000000000000001,0.72,1.16,0.078,0.026000000000000002,2020X005,2020-01-01,Haaksbergen-2020X005,"0,81"
Haarlemmermeer,0.33399999999999996,0.823,1.026,0.22899999999999998,0.024,2020X005,2020-01-01,Haarlemmermeer-2020X005,"0,898"
Halderberge,0.16,0.708,1.062,0.057,0.009000000000000001,2020X005,2020-01-01,Halderberge-2020X005,"0,741"
Hardinxveld-Giessendam,0.483,0.20199999999999999,1.0979999999999999,0.13699999999999998,-0.011000000000000001,2020X005,2020-01-01,Hardinxveld-Giessendam-2020X005,"0,217"
Harlingen,0.344,0.575,0.84,0.023,-0.006999999999999999,2020X005,2020-01-01,Harlingen-2020X005,"0,584"
Hattem,0.18100000000000002,0.52,1.1,-0.022000000000000002,0.053,2020X005,2020-01-01,Hattem-2020X005,"0,78"
Heemskerk,0.5589999999999999,0.20800000000000002,1.032,-0.006999999999999999,-0.012,2020X005,2020-01-01,Heemskerk-2020X005,"0,231"
Heerenveen,0.21,0.545,1.075,0.10300000000000001,-0.015,2020X005,2020-01-01,Heerenveen-2020X005,"0,547"
Heerlen,0.069,0.703,0.9740000000000001,0.013000000000000001,0.009000000000000001,2020X005,2020-01-01,Heerlen-2020X005,"0,695"
Heeze-Leende,0.27,0.33,1.11,0.01,0.03,2020X005,2020-01-01,Heeze-Leende-2020X005,"0,57"
Heiloo,0.28,0.5,1.06,0.16,0.03,2020X005,2020-01-01,Heiloo-2020X005,"0,5"
Hellendoorn,0.109,0.9940000000000001,1.102,0.063,0.021,2020X005,2020-01-01,Hellendoorn-2020X005,"1,046"
Helmond,0.491,0.253,0.982,0.345,0.035,2020X005,2020-01-01,Helmond-2020X005,"0,305"
Hengelo,0.102,0.745,0.924,0.248,0.027000000000000003,2020X005,2020-01-01,Hengelo-2020X005,"1,705"
Heumen,0.22,0.32,1.03,0.023,-0.006,2020X005,2020-01-01,Heumen-2020X005,"0,5"
Heusden,0.184,0.758,0.94,0.41,0.025,2020X005,2020-01-01,Heusden-2020X005,"0,812"
Hillegom,0.7170000000000001,-0.028999999999999998,1.122,0.11199999999999999,0.015,2020X005,2020-01-01,Hillegom-2020X005,"0,125"
Hilvarenbeek,0.26,0.49,1.0,0.1,-0.02,2020X005,2020-01-01,Hilvarenbeek-2020X005,"0,55"
Hilversum,0.23,0.61,1.01,0.02,-0.025,2020X005,2020-01-01,Hilversum-2020X005,"0,67"
Hoogeveen,0.09,0.69,0.95,0.068,0.001,2020X005,2020-01-01,Hoogeveen-2020X005,"0,71"
Horst aan de Maas,0.24,0.39,1.05,0.01,0.03,2020X005,2020-01-01,Horst aan de Maas-2020X005,"0,46"
Houten,0.3,0.67,1.0,0.2,0.009000000000000001,2020X005,2020-01-01,Houten-2020X005,"0,7"
Huizen,0.65,-0.58,0.95,0.01,-0.05,2020X005,2020-01-01,Huizen-2020X005,"-0,13"
Hulst,0.27,0.45799999999999996,1.092,0.045,0.21600000000000003,2020X005,2020-01-01,Hulst-2020X005,"0,466"
IJsselstein,0.27699999999999997,0.218,1.115,-0.008,0.016,2020X005,2020-01-01,IJsselstein-2020X005,"0,451"
Kaag en Braassem,0.3,0.61,1.15,0.13,0.09,2020X005,2020-01-01,Kaag en Braassem-2020X005,"0,69"
Kampen,0.196,0.647,0.8690000000000001,0.125,0.013999999999999999,2020X005,2020-01-01,Kampen-2020X005,"0,633"
Katwijk,0.3,0.77,0.94,0.06,0.04,2020X005,2020-01-01,Katwijk-2020X005,"0,85"
Kerkrade,0.158,0.585,1.128,-0.005,0.028999999999999998,2020X005,2020-01-01,Kerkrade-2020X005,"0,735"
Koggenland,0.602,-0.017,,-0.015,,2020X005,2020-01-01,Koggenland-2020X005,"0,03"
Krimpen aan den IJssel,0.39899999999999997,0.121,1.1640000000000001,0.028999999999999998,-0.006,2020X005,2020-01-01,Krimpen aan den IJssel-2020X005,"0,259"
Krimpenerwaard,0.43,0.11,1.08,0.01,0.004,2020X005,2020-01-01,Krimpenerwaard-2020X005,"0,15"
Laarbeek,0.512,0.273,1.0,0.315,0.009000000000000001,2020X005,2020-01-01,Laarbeek-2020X005,"0,272"
Land van Cuijk,0.38299999999999995,0.529,0.98,0.102,0.046,2020X005,2020-01-01,Land van Cuijk-2020X005,"0,537"
Laren,0.126,0.405,1.5190000000000001,0.006999999999999999,-0.034,2020X005,2020-01-01,Laren-2020X005,"0,814"
Leeuwarden,0.11699999999999999,0.7340000000000001,0.961,0.23399999999999999,0.05,2020X005,2020-01-01,Leeuwarden-2020X005,"0,761"
Leiden,0.321,0.953,1.185,0.022000000000000002,0.046,2020X005,2020-01-01,Leiden-2020X005,"0,966"
Leidschendam-Voorburg,0.675,0.064,1.0190000000000001,0.10800000000000001,0.011000000000000001,2020X005,2020-01-01,Leidschendam-Voorburg-2020X005,"0,079"
Lelystad,0.2,0.47,0.0,0.25,0.03,2020X005,2020-01-01,Lelystad-2020X005,"0,43"
Lingewaard,0.33,0.45,1.139,0.077,-0.004,2020X005,2020-01-01,Lingewaard-2020X005,"0,5"
Lochem,0.51,0.06,1.18,0.13,0.05,2020X005,2020-01-01,Lochem-2020X005,"0,11"
Loon op Zand,0.252,0.275,1.209,0.017,0.057,2020X005,2020-01-01,Loon op Zand-2020X005,"0,383"
Lopik,0.514,0.16899999999999998,1.27,,-0.16699999999999998,2020X005,2020-01-01,Lopik-2020X005,"0,133"
Losser,0.344,0.479,1.125,0.114,0.03,2020X005,2020-01-01,Losser-2020X005,"0,55"
Maasdriel,0.29600000000000004,0.473,,0.11599999999999999,,2020X005,2020-01-01,Maasdriel-2020X005,"0,505"
Maasgouw,0.46799999999999997,0.39299999999999996,0.907,0.004,0.019,2020X005,2020-01-01,Maasgouw-2020X005,"0,505"
Maashorst,0.44799999999999995,0.285,0.958,0.19699999999999998,0.022000000000000002,2020X005,2020-01-01,Maashorst-2020X005,"0,327"
Maassluis,0.35,0.46,1.23,0.025,0.004,2020X005,2020-01-01,Maassluis-2020X005,"0,5"
Medemblik,0.37,0.14,0.98,0.05,-0.01,2020X005,2020-01-01,Medemblik-2020X005,"0,18"
Meierijstad,0.342,0.5770000000000001,0.937,0.522,-0.018000000000000002,2020X005,2020-01-01,Meierijstad-2020X005,"0,614"
Meppel,0.08,0.93,0.88,0.18,-0.02,2020X005,2020-01-01,Meppel-2020X005,"1,03"
Midden-Delfland,0.374,1.166,1.305,-0.027999999999999997,0.154,2020X005,2020-01-01,Midden-Delfland-2020X005,"1,196"
Midden-Drenthe,0.35,0.34,0.9279999999999999,0.12,0.038,2020X005,2020-01-01,Midden-Drenthe-2020X005,"0,35"
Midden-Groningen,0.105,0.617,1.003,0.027999999999999997,0.012,2020X005,2020-01-01,Midden-Groningen-2020X005,"0,651"
Moerdijk,0.58,-0.06,0.94,0.13,0.15,2020X005,2020-01-01,Moerdijk-2020X005,"0,03"
Molenlanden,0.6409999999999999,-0.071,1.033,0.059000000000000004,0.006,2020X005,2020-01-01,Molenlanden-2020X005,"0,121"
Montferland,0.27,0.57,1.06,0.04,0.012,2020X005,2020-01-01,Montferland-2020X005,"0,64"
Montfoort,0.11199999999999999,0.5489999999999999,1.169,0.051,0.004,2020X005,2020-01-01,Montfoort-2020X005,"0,555"
Neder-Betuwe,0.42,0.34,1.15,-0.018000000000000002,0.05,2020X005,2020-01-01,Neder-Betuwe-2020X005,"0,35"
Nieuwegein,0.3,0.67,0.88,0.008,-0.022000000000000002,2020X005,2020-01-01,Nieuwegein-2020X005,"0,57"
Nieuwkoop,0.541,0.10400000000000001,1.2570000000000001,0.49200000000000005,0.002,2020X005,2020-01-01,Nieuwkoop-2020X005,"0,123"
Nijkerk,0.43,0.46,0.8,0.23,-0.011000000000000001,2020X005,2020-01-01,Nijkerk-2020X005,"0,46"
Nijmegen,0.14,0.65,1.07,0.31,0.013000000000000001,2020X005,2020-01-01,Nijmegen-2020X005,"0,72"
Nissewaard,0.297,0.435,0.96,0.115,0.006,2020X005,2020-01-01,Nissewaard-2020X005,"0,476"
Noardeast-Fryslân,0.25,0.28,1.06,0.01,0.12,2020X005,2020-01-01,Noardeast-Fryslân-2020X005,"0,3"
Noord-Beveland,0.48,0.365,0.927,0.13699999999999998,0.026000000000000002,2020X005,2020-01-01,Noord-Beveland-2020X005,"0,406"
Noordoostpolder,0.72,-0.14,0.9840000000000001,-0.011000000000000001,-0.023,2020X005,2020-01-01,Noordoostpolder-2020X005,"-0,11"
Noordwijk,0.5920000000000001,0.212,1.122,0.08900000000000001,0.018000000000000002,2020X005,2020-01-01,Noordwijk-2020X005,"0,297"
Nunspeet,0.626,-0.051,0.614,0.068,0.08,2020X005,2020-01-01,Nunspeet-2020X005,"-0,051"
Oegstgeest,0.35,0.41,1.4,-0.05,0.03,2020X005,2020-01-01,Oegstgeest-2020X005,"0,42"
Oirschot,0.45299999999999996,0.282,1.0270000000000001,0.005,0.054000000000000006,2020X005,2020-01-01,Oirschot-2020X005,"0,297"
Oisterwijk,0.16,0.72,1.1,0.08,0.057,2020X005,2020-01-01,Oisterwijk-2020X005,"0,72"
Oldambt,0.305,0.34700000000000003,1.075,0.038,-0.026000000000000002,2020X005,2020-01-01,Oldambt-2020X005,"0,419"
Oldebroek,0.41,0.16,1.04,0.05,-0.01,2020X005,2020-01-01,Oldebroek-2020X005,"0,23"
Olst-Wijhe,0.23800000000000002,0.45,1.077,0.048,0.053,2020X005,2020-01-01,Olst-Wijhe-2020X005,"0,626"
Oost Gelre,0.33,0.71,0.74,0.05,-0.011000000000000001,2020X005,2020-01-01,Oost Gelre-2020X005,"0,83"
Oosterhout,0.568,0.376,0.981,0.075,0.008,2020X005,2020-01-01,Oosterhout-2020X005,"0,362"
Ooststellingwerf,0.36,0.28,0.91,0.03,0.09,2020X005,2020-01-01,Ooststellingwerf-2020X005,"0,34"
Opmeer,0.64,-0.2,1.13,0.04,0.15,2020X005,2020-01-01,Opmeer-2020X005,"-0,3"
Opsterland,0.261,0.287,0.934,0.031,-0.017,2020X005,2020-01-01,Opsterland-2020X005,"0,287"
Oss,0.441,0.132,0.9540000000000001,0.019,-0.003,2020X005,2020-01-01,Oss-2020X005,"0,204"
Oude IJsselstreek,0.17300000000000001,0.958,0.992,0.065,0.013000000000000001,2020X005,2020-01-01,Oude IJsselstreek-2020X005,"1,046"
Oudewater,0.17,0.59,1.14,0.12,-0.08,2020X005,2020-01-01,Oudewater-2020X005,"0,6"
Overbetuwe,0.20600000000000002,0.79,0.79,0.052000000000000005,-0.019,2020X005,2020-01-01,Overbetuwe-2020X005,"0,862"
Papendrecht,0.39,0.4,0.95,0.2,0.005,2020X005,2020-01-01,Papendrecht-2020X005,"0,54"
Peel en Maas,0.27,0.81,0.96,0.04,0.06,2020X005,2020-01-01,Peel en Maas-2020X005,"0,91"
Pekela,0.439,0.128,1.068,0.059000000000000004,0.013999999999999999,2020X005,2020-01-01,Pekela-2020X005,"0,131"
Pijnacker-Nootdorp,0.59,0.07,1.29,0.11,0.34,2020X005,2020-01-01,Pijnacker-Nootdorp-2020X005,"0,06"
Purmerend,0.242,0.6970000000000001,1.153,0.061,0.011000000000000001,2020X005,2020-01-01,Purmerend-2020X005,"0,744"
Putten,0.565,-0.29,0.87,-0.02,0.036000000000000004,2020X005,2020-01-01,Putten-2020X005,"-0,147"
Raalte,0.42,0.62,0.97,0.16,0.019,2020X005,2020-01-01,Raalte-2020X005,"0,69"
Renswoude,0.41,1.0,1.1,0.05,0.008,2020X005,2020-01-01,Renswoude-2020X005,"0,93"
Rheden,0.19,0.65,0.9,0.003,0.002,2020X005,2020-01-01,Rheden-2020X005,"0,68"
Rhenen,0.36,0.6,1.07,0.003,-0.002,2020X005,2020-01-01,Rhenen-2020X005,"0,72"
Ridderkerk,0.573,-0.004,0.961,0.004,-0.027999999999999997,2020X005,2020-01-01,Ridderkerk-2020X005,"0,011"
Rijssen-Holten,0.46,0.43,0.826,0.08,,2020X005,2020-01-01,Rijssen-Holten-2020X005,"0,5"
Rijswijk,0.21,0.716,1.04,0.009000000000000001,0.043,2020X005,2020-01-01,Rijswijk-2020X005,"0,707"
Roerdalen,0.44299999999999995,0.106,1.036,-0.013000000000000001,-0.01,2020X005,2020-01-01,Roerdalen-2020X005,"0,125"
Rotterdam,0.606,0.11199999999999999,1.05,-0.025,0.052000000000000005,2020X005,2020-01-01,Rotterdam-2020X005,"0,146"
Rozendaal,0.79,-1.09,1.33,-0.07,-0.03,2020X005,2020-01-01,Rozendaal-2020X005,"-1,09"
Rucphen,0.537,0.426,0.988,0.14400000000000002,0.015,2020X005,2020-01-01,Rucphen-2020X005,"0,431"
Schagen,0.44,0.309,,0.026000000000000002,,2020X005,2020-01-01,Schagen-2020X005,"0,339"
Schiedam,0.204,1.113,1.0590000000000002,0.038,-0.002,2020X005,2020-01-01,Schiedam-2020X005,"1,148"
Sint-Michielsgestel,0.37799999999999995,-0.055999999999999994,1.104,0.07200000000000001,-0.012,2020X005,2020-01-01,Sint-Michielsgestel-2020X005,"-0,027"
Sittard-Geleen,0.132,0.9259999999999999,1.139,0.019,0.024,2020X005,2020-01-01,Sittard-Geleen-2020X005,"0,949"
Sliedrecht,0.49,0.17,0.87,0.03,0.012,2020X005,2020-01-01,Sliedrecht-2020X005,"0,19"
Sluis,0.25,0.68,1.01,0.02,0.05,2020X005,2020-01-01,Sluis-2020X005,"0,68"
Soest,0.382,0.233,0.89,0.006,-0.10300000000000001,2020X005,2020-01-01,Soest-2020X005,"0,259"
Someren,0.67,0.01,0.95,0.05,-0.001,2020X005,2020-01-01,Someren-2020X005,"-0,42"
Stadskanaal,0.34700000000000003,0.365,0.9390000000000001,0.002,0.001,2020X005,2020-01-01,Stadskanaal-2020X005,"0,409"
Staphorst,0.85,-0.6,0.9,0.05,0.04,2020X005,2020-01-01,Staphorst-2020X005,"-0,62"
Steenbergen,0.545,-0.045,1.157,-0.039,-0.016,2020X005,2020-01-01,Steenbergen-2020X005,"-0,094"
Steenwijkerland,0.315,0.384,0.82,0.081,0.028999999999999998,2020X005,2020-01-01,Steenwijkerland-2020X005,"0,455"
Stichtse Vecht,0.26,0.55,1.1179999999999999,0.001,0.022000000000000002,2020X005,2020-01-01,Stichtse Vecht-2020X005,"0,56"
Súdwest-Fryslân,0.166,0.51,0.9990000000000001,0.005,0.015,2020X005,2020-01-01,Súdwest-Fryslân-2020X005,"0,609"
Terneuzen,0.235,0.784,0.981,0.051,0.026000000000000002,2020X005,2020-01-01,Terneuzen-2020X005,"0,79"
Terschelling,0.31,0.41,0.91,0.03,0.1,2020X005,2020-01-01,Terschelling-2020X005,"0,45"
Texel,0.26,0.55,0.92,0.03,0.05,2020X005,2020-01-01,Texel-2020X005,"0,58"
Teylingen,0.589,-0.114,0.968,0.009000000000000001,0.028999999999999998,2020X005,2020-01-01,Teylingen-2020X005,"0,308"
Tholen,0.24,0.46,0.97,0.11,0.021,2020X005,2020-01-01,Tholen-2020X005,"0,59"
Tilburg,0.67,0.17,0.78,0.02,0.013999999999999999,2020X005,2020-01-01,Tilburg-2020X005,"0,21"
Tubbergen,0.599,0.008,0.009000000000000001,-0.008,0.024,2020X005,2020-01-01,Tubbergen-2020X005,"-0,026"
Twenterand,0.255,0.35100000000000003,0.9490000000000001,0.075,0.033,2020X005,2020-01-01,Twenterand-2020X005,"0,495"
Tytsjerksteradiel,0.35,0.221,1.083,0.006999999999999999,0.036000000000000004,2020X005,2020-01-01,Tytsjerksteradiel-2020X005,"0,248"
Uitgeest,0.363,0.16699999999999998,1.124,0.004,0.054000000000000006,2020X005,2020-01-01,Uitgeest-2020X005,"0,196"
Urk,0.361,0.6459999999999999,1.18,0.495,0.025,2020X005,2020-01-01,Urk-2020X005,"0,696"
Utrechtse Heuvelrug,0.067,1.024,1.3,0.043,0.023,2020X005,2020-01-01,Utrechtse Heuvelrug-2020X005,"1,07"
Vaals,0.163,0.755,1.0090000000000001,0.15,0.005,2020X005,2020-01-01,Vaals-2020X005,"0,755"
Valkenswaard,0.19,0.7,1.14,0.07,0.08,2020X005,2020-01-01,Valkenswaard-2020X005,"0,7"
Veendam,0.5579999999999999,0.08199999999999999,0.953,0.185,0.001,2020X005,2020-01-01,Veendam-2020X005,"0,09"
Veenendaal,0.28,0.7,0.78,0.016,0.009000000000000001,2020X005,2020-01-01,Veenendaal-2020X005,"0,75"
Veere,0.31,0.48,0.9,0.08,-0.013000000000000001,2020X005,2020-01-01,Veere-2020X005,"0,56"
Veldhoven,0.29,1.0,,0.64,,2020X005,2020-01-01,Veldhoven-2020X005,"1,01"
Velsen,0.16699999999999998,0.775,1.089,0.017,-0.02,2020X005,2020-01-01,Velsen-2020X005,"0,759"
Venlo,0.25,0.38,1.084,0.04,0.040999999999999995,2020X005,2020-01-01,Venlo-2020X005,"0,47"
Vijfheerenlanden,0.20800000000000002,1.002,1.155,0.11,0.033,2020X005,2020-01-01,Vijfheerenlanden-2020X005,"1,11"
Vlaardingen,0.122,0.8059999999999999,1.022,0.046,-0.01,2020X005,2020-01-01,Vlaardingen-2020X005,"0,814"
Voorne aan Zee,0.47,0.345,0.991,0.05,0.063,2020X005,2020-01-01,Voorne aan Zee-2020X005,"0,381"
Voorst,0.192,0.603,1.02,0.005,-0.032,2020X005,2020-01-01,Voorst-2020X005,"0,611"
Vught,0.35,0.75,1.2,,0.036000000000000004,2020X005,2020-01-01,Vught-2020X005,"0,76"
Waalre,0.23399999999999999,0.245,1.055,0.085,0.023,2020X005,2020-01-01,Waalre-2020X005,"0,271"
Waalwijk,0.364,0.7490000000000001,0.7909999999999999,0.07,0.044000000000000004,2020X005,2020-01-01,Waalwijk-2020X005,"0,853"
Waddinxveen,0.34,0.75,1.11,0.37,0.011000000000000001,2020X005,2020-01-01,Waddinxveen-2020X005,"0,76"
Wageningen,0.41100000000000003,0.306,1.0979999999999999,0.005,0.062,2020X005,2020-01-01,Wageningen-2020X005,"0,351"
Wassenaar,0.68,-0.59,1.63,,0.019,2020X005,2020-01-01,Wassenaar-2020X005,"-0,56"
Waterland,0.221,0.451,1.015,,0.005,2020X005,2020-01-01,Waterland-2020X005,"0,463"
Weert,0.32799999999999996,0.583,0.965,0.054000000000000006,-0.019,2020X005,2020-01-01,Weert-2020X005,"0,687"
West Betuwe,0.47,0.31,1.36,0.3,0.03,2020X005,2020-01-01,West Betuwe-2020X005,"0,34"
Westerkwartier,0.132,0.9490000000000001,1.1740000000000002,0.133,0.021,2020X005,2020-01-01,Westerkwartier-2020X005,"0,947"
Westerveld,0.342,0.20800000000000002,0.922,-0.009000000000000001,-0.025,2020X005,2020-01-01,Westerveld-2020X005,"0,219"
Westerwolde,0.44,0.27,1.18,-0.01,0.07,2020X005,2020-01-01,Westerwolde-2020X005,"0,22"
Westland,0.353,1.4340000000000002,1.094,0.586,0.055999999999999994,2020X005,2020-01-01,Westland-2020X005,"1,495"
Weststellingwerf,0.33399999999999996,0.602,0.903,0.226,-0.001,2020X005,2020-01-01,Weststellingwerf-2020X005,"0,619"
Wijchen,0.51,-0.07,0.97,0.02,-0.001,2020X005,2020-01-01,Wijchen-2020X005,"0,08"
Wijdemeren,0.23,0.6,0.31,0.03,-0.01,2020X005,2020-01-01,Wijdemeren-2020X005,"0,58"
Wijk bij Duurstede,0.301,0.369,1.2229999999999999,-0.01,-0.002,2020X005,2020-01-01,Wijk bij Duurstede-2020X005,"0,42"
Winterswijk,0.376,0.634,1.02,0.073,0.013999999999999999,2020X005,2020-01-01,Winterswijk-2020X005,"0,698"
Woensdrecht,0.324,0.125,0.937,0.005,0.003,2020X005,2020-01-01,Woensdrecht-2020X005,"0,162"
Woerden,0.22,1.28,1.0,-0.052000000000000005,0.008,2020X005,2020-01-01,Woerden-2020X005,"1,3"
Woudenberg,0.183,0.461,1.079,0.252,0.001,2020X005,2020-01-01,Woudenberg-2020X005,"0,461"
Zaanstad,0.177,1.06,1.104,0.051,0.03,2020X005,2020-01-01,Zaanstad-2020X005,"1,13"
Zaltbommel,0.44,0.2,1.12,0.03,0.09,2020X005,2020-01-01,Zaltbommel-2020X005,"0,2"
Zeewolde,0.74,-0.5,1.01,0.55,-0.02,2020X005,2020-01-01,Zeewolde-2020X005,"-0,44"
Zeist,0.652,0.08199999999999999,1.043,-0.002,-0.036000000000000004,2020X005,2020-01-01,Zeist-2020X005,"0,123"
Zevenaar,0.257,0.747,1.038,0.133,-0.009000000000000001,2020X005,2020-01-01,Zevenaar-2020X005,"0,811"
Zoeterwoude,0.41,0.21,1.11,-0.03,0.05,2020X005,2020-01-01,Zoeterwoude-2020X005,"0,29"
Zuidplas,0.248,0.8290000000000001,1.1340000000000001,0.10400000000000001,0.025,2020X005,2020-01-01,Zuidplas-2020X005,"0,829"
Zundert,0.18,0.34,1.14,0.04,-0.02,2020X005,2020-01-01,Zundert-2020X005,"0,32"
Zwartewaterland,0.254,0.899,1.014,0.14300000000000002,0.032,2020X005,2020-01-01,Zwartewaterland-2020X005,"0,949"
Zwijndrecht,0.36,0.56,1.17,0.02,-0.003,2020X005,2020-01-01,Zwijndrecht-2020X005,"0,59"
Zwolle,0.34,0.48,0.94,0.13,,2020X005,2020-01-01,Zwolle-2020X005,"0,51"
Aalten,0.255,0.424,0.725,-0.005,-0.022000000000000002,2023X000,2023-01-01,Aalten-2023X000,"0,549"
Achtkarspelen,0.311,0.39399999999999996,1.1420000000000001,0.038,-0.003,2023X000,2023-01-01,Achtkarspelen-2023X000,"0,394"
Albrandswaard,0.32,0.52,1.26,0.04,-0.040999999999999995,2023X000,2023-01-01,Albrandswaard-2023X000,"0,54"
Alkmaar,0.215,0.8370000000000001,0.873,0.086,0.006,2023X000,2023-01-01,Alkmaar-2023X000,"0,856"
Almere,0.4,,,0.18,-0.011000000000000001,2023X000,2023-01-01,Almere-2023X000,"0,41"
Altena,0.24600000000000002,0.919,0.9670000000000001,0.07400000000000001,0.005,2023X000,2023-01-01,Altena-2023X000,"0,891"
Ameland,0.36,1.198,0.858,0.012,0.045,2023X000,2023-01-01,Ameland-2023X000,"1,211"
Amsterdam,0.49,1.01,0.93,-0.053,0.018000000000000002,2023X000,2023-01-01,Amsterdam-2023X000,"1,06"
Apeldoorn,0.254,0.6679999999999999,1.0170000000000001,0.011000000000000001,0.012,2023X000,2023-01-01,Apeldoorn-2023X000,"0,722"
Arnhem,0.18,0.8,1.12,0.02,0.03,2023X000,2023-01-01,Arnhem-2023X000,"0,86"
Assen,0.331,0.747,0.8290000000000001,0.08,-0.01,2023X000,2023-01-01,Assen-2023X000,"0,759"
Asten,0.45,0.26,0.9,0.06,0.003,2023X000,2023-01-01,Asten-2023X000,"0,26"
Barendrecht,0.213,1.036,1.105,0.012,-0.026000000000000002,2023X000,2023-01-01,Barendrecht-2023X000,"1,036"
Barneveld,0.28,1.22,0.99,0.31,0.013999999999999999,2023X000,2023-01-01,Barneveld-2023X000,"1,3"
Beekdaelen,0.057,0.047,1.052,0.001,0.031,2023X000,2023-01-01,Beekdaelen-2023X000,"0,113"
Berg en Dal,0.36,0.54,0.94,1.0,0.001,2023X000,2023-01-01,Berg en Dal-2023X000,"0,66"
Bergen (L.),0.15,1.03,0.92,0.03,0.05,2023X000,2023-01-01,Bergen (L.)-2023X000,"1,01"
Bergen (NH.),0.35,0.85,1.31,-0.02,0.04,2023X000,2023-01-01,Bergen (NH.)-2023X000,"0,88"
Bergen op Zoom,0.168,0.746,1.08,0.11,0.045,2023X000,2023-01-01,Bergen op Zoom-2023X000,"0,756"
Berkelland,0.366,0.508,0.993,0.051,0.001,2023X000,2023-01-01,Berkelland-2023X000,"0,74"
Bernheze,0.5329999999999999,0.013000000000000001,0.8140000000000001,0.048,0.034,2023X000,2023-01-01,Bernheze-2023X000,"0,062"
Best,0.652,0.013000000000000001,0.983,0.11599999999999999,0.037000000000000005,2023X000,2023-01-01,Best-2023X000,"0,127"
Beuningen,0.151,0.68,0.99,0.19,-0.006999999999999999,2023X000,2023-01-01,Beuningen-2023X000,"0,74"
Beverwijk,0.39,0.11,0.87,-0.01,0.03,2023X000,2023-01-01,Beverwijk-2023X000,"0,24"
Bladel,0.3,0.77,0.79,0.04,0.03,2023X000,2023-01-01,Bladel-2023X000,"0,8"
Blaricum,0.884,-1.375,1.645,-0.45399999999999996,0.011000000000000001,2023X000,2023-01-01,Blaricum-2023X000,"-1,341"
Bloemendaal,0.43799999999999994,0.431,2.01,0.004,-0.011000000000000001,2023X000,2023-01-01,Bloemendaal-2023X000,"0,444"
Bodegraven-Reeuwijk,0.21100000000000002,1.43,1.3980000000000001,-0.025,0.035,2023X000,2023-01-01,Bodegraven-Reeuwijk-2023X000,"1,452"
Borger-Odoorn,0.32,0.34,1.03,0.02,0.03,2023X000,2023-01-01,Borger-Odoorn-2023X000,"0,39"
Borsele,0.5,0.18,0.94,0.02,0.05,2023X000,2023-01-01,Borsele-2023X000,"0,24"
Boxtel,0.402,0.256,1.0390000000000001,0.012,0.001,2023X000,2023-01-01,Boxtel-2023X000,"0,305"
Brummen,0.135,1.0490000000000002,1.125,0.139,0.006999999999999999,2023X000,2023-01-01,Brummen-2023X000,"0,977"
Brunssum,0.603,0.039,0.996,0.05,0.022000000000000002,2023X000,2023-01-01,Brunssum-2023X000,"0,124"
Bunschoten,0.344,0.738,0.882,0.319,0.07400000000000001,2023X000,2023-01-01,Bunschoten-2023X000,"0,788"
Buren,0.34700000000000003,-0.006,1.2830000000000001,0.012,0.001,2023X000,2023-01-01,Buren-2023X000,"-0,065"
Capelle aan den IJssel,0.5870000000000001,0.264,0.71,0.019,0.012,2023X000,2023-01-01,Capelle aan den IJssel-2023X000,"0,265"
Cranendonck,0.303,0.584,1.03,0.003,0.015,2023X000,2023-01-01,Cranendonck-2023X000,"0,612"
Culemborg,0.25,0.55,1.18,0.021,-0.040999999999999995,2023X000,2023-01-01,Culemborg-2023X000,"0,65"
Dalfsen,0.56,0.22,0.87,0.1,-0.046,2023X000,2023-01-01,Dalfsen-2023X000,"0,27"
De Bilt,0.135,0.75,,0.013999999999999999,-0.043,2023X000,2023-01-01,De Bilt-2023X000,"0,756"
De Fryske Marren,0.21899999999999997,0.503,0.805,0.032,0.001,2023X000,2023-01-01,De Fryske Marren-2023X000,"0,542"
De Wolden,0.43,0.47,0.93,0.039,0.027999999999999997,2023X000,2023-01-01,De Wolden-2023X000,"0,58"
Delft,0.43799999999999994,0.285,1.1909999999999998,-0.015,0.03,2023X000,2023-01-01,Delft-2023X000,"0,459"
Deurne,0.28,0.52,1.03,0.06,,2023X000,2023-01-01,Deurne-2023X000,"0,54"
Deventer,0.22,0.55,0.95,0.03,0.040999999999999995,2023X000,2023-01-01,Deventer-2023X000,"0,59"
Diemen,0.24,0.62,0.93,-0.16,0.011000000000000001,2023X000,2023-01-01,Diemen-2023X000,"0,63"
Dijk en Waard,0.22,0.59,0.93,0.07,0.04,2023X000,2023-01-01,Dijk en Waard-2023X000,"0,62"
Dinkelland,0.409,0.36200000000000004,,0.027999999999999997,0.009000000000000001,2023X000,2023-01-01,Dinkelland-2023X000,"0,321"
Doesburg,0.473,0.26899999999999996,1.075,0.03,0.03,2023X000,2023-01-01,Doesburg-2023X000,"0,381"
Doetinchem,0.22,0.68,0.91,0.09,0.079,2023X000,2023-01-01,Doetinchem-2023X000,"0,76"
Dongen,0.134,1.23,1.06,0.17600000000000002,0.013000000000000001,2023X000,2023-01-01,Dongen-2023X000,"1,3"
Dordrecht,0.68,0.04,0.88,0.12,0.012,2023X000,2023-01-01,Dordrecht-2023X000,"0,12"
Drechterland,0.52,0.01,1.11,-0.04,-0.05,2023X000,2023-01-01,Drechterland-2023X000,"0,12"
Drimmelen,0.36,0.6,0.79,-0.01,-0.06,2023X000,2023-01-01,Drimmelen-2023X000,"0,63"
Dronten,0.55,-0.12,0.93,0.09,0.011000000000000001,2023X000,2023-01-01,Dronten-2023X000,"-0,08"
Druten,0.2,0.84,0.83,0.02,0.063,2023X000,2023-01-01,Druten-2023X000,"1,01"
Duiven,0.34,0.306,0.878,0.085,0.023,2023X000,2023-01-01,Duiven-2023X000,"0,437"
Echt-Susteren,0.325,0.759,0.995,0.051,-0.003,2023X000,2023-01-01,Echt-Susteren-2023X000,"0,714"
Ede,0.29,0.37,0.86,0.18,0.04,2023X000,2023-01-01,Ede-2023X000,"0,51"
Eemsdelta,0.145,0.486,1.08,0.003,0.019,2023X000,2023-01-01,Eemsdelta-2023X000,"0,474"
Eersel,0.634,-0.196,0.863,0.02,0.035,2023X000,2023-01-01,Eersel-2023X000,"-0,196"
Elburg,0.53,0.35,0.94,0.1,0.04,2023X000,2023-01-01,Elburg-2023X000,"0,39"
Emmen,0.095,1.177,0.899,0.055999999999999994,0.016,2023X000,2023-01-01,Emmen-2023X000,"1,354"
Enschede,0.23,0.43,1.07,0.03,0.004,2023X000,2023-01-01,Enschede-2023X000,"0,48"
Etten-Leur,0.25,0.59,0.85,0.11,0.03,2023X000,2023-01-01,Etten-Leur-2023X000,"0,6"
Geertruidenberg,0.24,0.47600000000000003,0.93,0.046,0.015,2023X000,2023-01-01,Geertruidenberg-2023X000,"0,505"
Geldrop-Mierlo,0.28,0.72,0.75,0.15,0.03,2023X000,2023-01-01,Geldrop-Mierlo-2023X000,"0,74"
Gemert-Bakel,0.22,0.47,1.13,0.14,0.06,2023X000,2023-01-01,Gemert-Bakel-2023X000,"0,66"
Gennep,0.361,0.391,0.9129999999999999,-0.006,0.023,2023X000,2023-01-01,Gennep-2023X000,"0,405"
Gilze en Rijen,0.28,0.3,0.75,0.08,0.04,2023X000,2023-01-01,Gilze en Rijen-2023X000,"0,32"
Goeree-Overflakkee,0.456,0.29100000000000004,0.879,0.013999999999999999,0.009000000000000001,2023X000,2023-01-01,Goeree-Overflakkee-2023X000,"0,372"
Goirle,0.39799999999999996,0.467,0.871,-0.013999999999999999,0.035,2023X000,2023-01-01,Goirle-2023X000,"0,464"
Gooise Meren,0.183,0.878,1.109,0.044000000000000004,0.001,2023X000,2023-01-01,Gooise Meren-2023X000,"0,878"
Gorinchem,0.34,0.96,1.04,0.36,0.012,2023X000,2023-01-01,Gorinchem-2023X000,"0,95"
Gouda,0.21600000000000003,0.838,1.268,0.05,-0.002,2023X000,2023-01-01,Gouda-2023X000,"0,841"
Groningen,0.08800000000000001,1.204,1.246,0.07200000000000001,0.003,2023X000,2023-01-01,Groningen-2023X000,"1,534"
Haarlemmermeer,0.327,0.825,0.92,0.19399999999999998,0.016,2023X000,2023-01-01,Haarlemmermeer-2023X000,"0,896"
Halderberge,0.127,1.133,0.943,0.027000000000000003,0.013999999999999999,2023X000,2023-01-01,Halderberge-2023X000,"1,156"
Hardenberg,0.4,0.7,0.94,0.03,0.06,2023X000,2023-01-01,Hardenberg-2023X000,"0,72"
Harderwijk,0.36,0.46,0.805,0.23,0.004,2023X000,2023-01-01,Harderwijk-2023X000,"0,47"
Hardinxveld-Giessendam,0.40700000000000003,0.688,1.06,0.182,-0.008,2023X000,2023-01-01,Hardinxveld-Giessendam-2023X000,"0,689"
Harlingen,0.255,0.866,0.847,0.027000000000000003,-0.015,2023X000,2023-01-01,Harlingen-2023X000,"0,931"
Heemskerk,0.42200000000000004,0.125,0.97,-0.018000000000000002,0.004,2023X000,2023-01-01,Heemskerk-2023X000,"0,16"
Heerenveen,0.248,0.47600000000000003,0.946,0.077,-0.013999999999999999,2023X000,2023-01-01,Heerenveen-2023X000,"0,477"
Heerlen,0.095,0.86,0.888,0.026000000000000002,-0.006,2023X000,2023-01-01,Heerlen-2023X000,"0,855"
Helmond,0.581,0.28800000000000003,0.894,0.285,0.021,2023X000,2023-01-01,Helmond-2023X000,"0,288"
Hengelo,0.18,0.53,0.86,0.19,-0.005,2023X000,2023-01-01,Hengelo-2023X000,"1,21"
Heusden,0.244,0.715,0.82,0.37,0.016,2023X000,2023-01-01,Heusden-2023X000,"0,757"
Hillegom,0.632,0.223,1.1,-0.107,-0.01,2023X000,2023-01-01,Hillegom-2023X000,"0,417"
Hilversum,0.23,0.66,0.93,0.01,0.034,2023X000,2023-01-01,Hilversum-2023X000,"0,73"
Hof van Twente,0.495,0.376,1.07,0.09699999999999999,0.001,2023X000,2023-01-01,Hof van Twente-2023X000,"0,414"
Hoogeveen,0.18899999999999997,0.4,0.93,0.061,0.031,2023X000,2023-01-01,Hoogeveen-2023X000,"0,42"
Hoorn,0.26,0.64,1.0,-0.04,0.066,2023X000,2023-01-01,Hoorn-2023X000,"0,83"
Horst aan de Maas,0.33,0.45,1.01,0.01,0.013999999999999999,2023X000,2023-01-01,Horst aan de Maas-2023X000,"0,51"
Huizen,0.68,-0.57,0.95,-0.02,0.013999999999999999,2023X000,2023-01-01,Huizen-2023X000,"-0,12"
IJsselstein,0.263,0.303,1.105,-0.012,0.004,2023X000,2023-01-01,IJsselstein-2023X000,"0,438"
Kaag en Braassem,0.315,0.743,0.973,0.061,0.017,2023X000,2023-01-01,Kaag en Braassem-2023X000,"0,859"
Kampen,0.268,0.71,0.7509999999999999,0.006,0.042,2023X000,2023-01-01,Kampen-2023X000,"0,8"
Kapelle,0.27,1.15,0.96,0.03,0.008,2023X000,2023-01-01,Kapelle-2023X000,"1,2"
Koggenland,0.491,0.141,0.855,-0.002,0.184,2023X000,2023-01-01,Koggenland-2023X000,"0,141"
Krimpen aan den IJssel,0.429,0.348,1.179,0.081,0.013999999999999999,2023X000,2023-01-01,Krimpen aan den IJssel-2023X000,"0,458"
Laarbeek,0.5720000000000001,0.193,0.905,0.158,0.018000000000000002,2023X000,2023-01-01,Laarbeek-2023X000,"0,193"
Landgraaf,0.305,0.499,1.0,0.03,0.013000000000000001,2023X000,2023-01-01,Landgraaf-2023X000,"0,603"
Landsmeer,0.1,0.75,1.23,0.03,0.03,2023X000,2023-01-01,Landsmeer-2023X000,"0,75"
Leiden,0.253,1.1159999999999999,1.355,0.011000000000000001,0.001,2023X000,2023-01-01,Leiden-2023X000,"1,147"
Leidschendam-Voorburg,0.621,0.281,0.9690000000000001,0.03,0.17600000000000002,2023X000,2023-01-01,Leidschendam-Voorburg-2023X000,"0,362"
Lelystad,0.34,-0.052000000000000005,,0.04,0.063,2023X000,2023-01-01,Lelystad-2023X000,"-0,001"
Leudal,0.51,0.34,0.89,0.01,0.06,2023X000,2023-01-01,Leudal-2023X000,"0,38"
Leusden,0.52,0.23,0.84,0.01,0.06,2023X000,2023-01-01,Leusden-2023X000,"0,28"
Lingewaard,0.35,0.636,1.023,0.03,0.001,2023X000,2023-01-01,Lingewaard-2023X000,"0,41"
Lochem,0.45,0.27,0.94,0.15,0.04,2023X000,2023-01-01,Lochem-2023X000,"0,34"
Losser,0.376,0.344,1.053,0.099,0.013999999999999999,2023X000,2023-01-01,Losser-2023X000,"0,429"
Maasdriel,0.25,0.81,1.0090000000000001,0.126,0.011000000000000001,2023X000,2023-01-01,Maasdriel-2023X000,"0,842"
Maasgouw,0.39799999999999996,0.578,0.862,0.025,0.019,2023X000,2023-01-01,Maasgouw-2023X000,"0,682"
Maashorst,0.43,0.42200000000000004,0.782,0.151,-0.02,2023X000,2023-01-01,Maashorst-2023X000,"0,436"
Maassluis,0.37200000000000005,0.414,1.02,-0.008,0.011000000000000001,2023X000,2023-01-01,Maassluis-2023X000,"0,481"
Meierijstad,0.31,0.43,0.96,0.13,0.015,2023X000,2023-01-01,Meierijstad-2023X000,"0,45"
Meppel,0.11,0.82,0.85,0.25,0.027999999999999997,2023X000,2023-01-01,Meppel-2023X000,"0,9"
Midden-Drenthe,0.27,0.87,0.792,0.05,0.085,2023X000,2023-01-01,Midden-Drenthe-2023X000,"0,78"
Midden-Groningen,0.08,0.747,1.063,-0.004,0.001,2023X000,2023-01-01,Midden-Groningen-2023X000,"0,779"
Moerdijk,0.51,0.04,0.91,0.02,0.05,2023X000,2023-01-01,Moerdijk-2023X000,"0,14"
Molenlanden,0.46399999999999997,0.254,1.023,0.042,0.008,2023X000,2023-01-01,Molenlanden-2023X000,"0,261"
Montferland,0.33,0.64,0.99,0.01,0.006999999999999999,2023X000,2023-01-01,Montferland-2023X000,"0,74"
Nederweert,0.46,-0.47,0.93,0.07,0.04,2023X000,2023-01-01,Nederweert-2023X000,"-0,46"
Nieuwegein,0.25,0.77,0.97,0.03,0.021,2023X000,2023-01-01,Nieuwegein-2023X000,"0,72"
Nieuwkoop,0.493,0.294,1.15,0.40299999999999997,0.015,2023X000,2023-01-01,Nieuwkoop-2023X000,"0,351"
Nijkerk,0.32,0.75,0.82,0.22,-0.008,2023X000,2023-01-01,Nijkerk-2023X000,"0,75"
Nijmegen,0.18,0.64,1.07,0.2,0.015,2023X000,2023-01-01,Nijmegen-2023X000,"0,68"
Nissewaard,0.237,0.605,0.96,0.065,-0.04,2023X000,2023-01-01,Nissewaard-2023X000,"0,688"
Noardeast-Fryslân,0.23,0.49,0.9,-0.03,0.06,2023X000,2023-01-01,Noardeast-Fryslân-2023X000,"0,46"
Noord-Beveland,0.557,0.187,0.85,0.028999999999999998,0.006999999999999999,2023X000,2023-01-01,Noord-Beveland-2023X000,"0,232"
Noordenveld,0.204,0.698,0.93,0.03,0.06,2023X000,2023-01-01,Noordenveld-2023X000,"0,725"
Noordoostpolder,0.83,0.4,0.961,0.01,0.067,2023X000,2023-01-01,Noordoostpolder-2023X000,"0,38"
Noordwijk,0.451,0.804,1.015,0.114,0.006999999999999999,2023X000,2023-01-01,Noordwijk-2023X000,"0,903"
Oegstgeest,0.217,0.848,1.475,-0.013000000000000001,0.04,2023X000,2023-01-01,Oegstgeest-2023X000,"0,887"
Oisterwijk,0.24,0.61,1.07,0.049,0.009000000000000001,2023X000,2023-01-01,Oisterwijk-2023X000,"0,62"
Oldambt,0.359,0.299,0.9229999999999999,0.006,0.04,2023X000,2023-01-01,Oldambt-2023X000,"0,361"
Oldenzaal,0.36,0.45,0.96,0.3,0.04,2023X000,2023-01-01,Oldenzaal-2023X000,"0,5"
Olst-Wijhe,0.18899999999999997,0.52,1.0590000000000002,0.037000000000000005,0.019,2023X000,2023-01-01,Olst-Wijhe-2023X000,"0,705"
Ommen,0.43,0.24,1.02,0.03,0.03,2023X000,2023-01-01,Ommen-2023X000,"0,3"
Oost Gelre,0.3,0.77,0.72,0.01,0.049,2023X000,2023-01-01,Oost Gelre-2023X000,"0,89"
Oosterhout,0.609,0.29,0.853,0.098,0.003,2023X000,2023-01-01,Oosterhout-2023X000,"0,356"
Ooststellingwerf,0.47,0.15,0.84,0.01,0.06,2023X000,2023-01-01,Ooststellingwerf-2023X000,"0,24"
Opmeer,0.66,-0.12,1.29,0.01,0.03,2023X000,2023-01-01,Opmeer-2023X000,"-0,13"
Oss,0.542,0.009000000000000001,0.883,0.053,0.017,2023X000,2023-01-01,Oss-2023X000,"0,081"
Oudewater,0.05,1.32,1.35,0.1,0.009000000000000001,2023X000,2023-01-01,Oudewater-2023X000,"1,33"
Overbetuwe,0.195,0.8959999999999999,0.7559999999999999,0.07200000000000001,0.001,2023X000,2023-01-01,Overbetuwe-2023X000,"0,964"
Peel en Maas,0.24,0.87,0.93,0.02,0.03,2023X000,2023-01-01,Peel en Maas-2023X000,"0,96"
Pekela,0.56,-0.012,1.06,0.01,0.04,2023X000,2023-01-01,Pekela-2023X000,"-0,009"
Pijnacker-Nootdorp,0.58,0.13,1.08,-0.05,0.055999999999999994,2023X000,2023-01-01,Pijnacker-Nootdorp-2023X000,"0,08"
Purmerend,0.158,0.7390000000000001,0.9,0.042,0.001,2023X000,2023-01-01,Purmerend-2023X000,"0,909"
Putten,0.63,0.08,0.75,0.15,0.07,2023X000,2023-01-01,Putten-2023X000,"0,21"
Raalte,0.37,0.6,0.95,0.08,0.037000000000000005,2023X000,2023-01-01,Raalte-2023X000,"0,65"
Reimerswaal,0.51,0.48,1.02,-0.024,0.07,2023X000,2023-01-01,Reimerswaal-2023X000,"0,49"
Renswoude,0.39,1.38,1.08,0.18,0.048,2023X000,2023-01-01,Renswoude-2023X000,"1,27"
Reusel-De Mierden,0.353,0.573,0.778,0.456,0.002,2023X000,2023-01-01,Reusel-De Mierden-2023X000,"0,572"
Rhenen,0.31,0.8,0.95,-0.006,0.031,2023X000,2023-01-01,Rhenen-2023X000,"0,87"
Ridderkerk,0.373,0.584,0.9840000000000001,-0.01,-0.07400000000000001,2023X000,2023-01-01,Ridderkerk-2023X000,"0,589"
Rijssen-Holten,0.49,0.48,0.777,0.05,0.003,2023X000,2023-01-01,Rijssen-Holten-2023X000,"0,57"
Rijswijk,0.26,0.97,1.11,0.51,0.013000000000000001,2023X000,2023-01-01,Rijswijk-2023X000,"0,96"
Roermond,0.20199999999999999,0.7120000000000001,1.135,0.017,0.017,2023X000,2023-01-01,Roermond-2023X000,"0,712"
Roosendaal,0.19,0.67,0.99,0.11,0.07,2023X000,2023-01-01,Roosendaal-2023X000,"0,67"
Rotterdam,0.551,0.25,1.02,-0.038,-0.040999999999999995,2023X000,2023-01-01,Rotterdam-2023X000,"0,269"
Rucphen,0.413,0.612,0.988,0.021,0.051,2023X000,2023-01-01,Rucphen-2023X000,"0,616"
Schiedam,0.226,1.187,1.008,0.066,0.002,2023X000,2023-01-01,Schiedam-2023X000,"1,231"
Schiermonnikoog,0.25,0.47,1.02,-0.04,0.006999999999999999,2023X000,2023-01-01,Schiermonnikoog-2023X000,"0,47"
Schouwen-Duiveland,0.20199999999999999,0.408,1.092,0.017,0.084,2023X000,2023-01-01,Schouwen-Duiveland-2023X000,"0,472"
Sint-Michielsgestel,0.602,0.005,1.128,0.013999999999999999,0.006999999999999999,2023X000,2023-01-01,Sint-Michielsgestel-2023X000,"0,029"
Sittard-Geleen,0.11199999999999999,1.051,1.07,0.008,0.001,2023X000,2023-01-01,Sittard-Geleen-2023X000,"1,121"
Someren,0.61,0.21,0.9,-0.08,0.006999999999999999,2023X000,2023-01-01,Someren-2023X000,"0,13"
Steenbergen,0.361,0.183,0.955,-0.043,0.013000000000000001,2023X000,2023-01-01,Steenbergen-2023X000,"0,395"
Steenwijkerland,0.22,0.54,0.72,0.044000000000000004,0.026000000000000002,2023X000,2023-01-01,Steenwijkerland-2023X000,"0,59"
Stein,0.23,0.89,1.03,0.02,0.013999999999999999,2023X000,2023-01-01,Stein-2023X000,"0,93"
Stichtse Vecht,0.22,0.77,1.004,-0.004,0.016,2023X000,2023-01-01,Stichtse Vecht-2023X000,"0,78"
Súdwest-Fryslân,0.133,0.615,0.873,0.004,0.001,2023X000,2023-01-01,Súdwest-Fryslân-2023X000,"0,693"
Terneuzen,0.309,0.64,0.9159999999999999,0.026000000000000002,0.011000000000000001,2023X000,2023-01-01,Terneuzen-2023X000,"0,646"
Terschelling,0.41,0.32,0.89,0.08,0.006999999999999999,2023X000,2023-01-01,Terschelling-2023X000,"0,32"
Texel,0.27,0.7,0.95,0.05,0.04,2023X000,2023-01-01,Texel-2023X000,"0,72"
Teylingen,0.618,0.22899999999999998,1.038,0.003,0.003,2023X000,2023-01-01,Teylingen-2023X000,"0,372"
Tholen,0.33,0.61,0.89,0.05,0.033,2023X000,2023-01-01,Tholen-2023X000,"0,65"
Tilburg,0.57,0.35,0.69,0.03,0.016,2023X000,2023-01-01,Tilburg-2023X000,"0,39"
Tubbergen,0.292,-0.021,,-0.003,0.015,2023X000,2023-01-01,Tubbergen-2023X000,"-0,032"
Twenterand,0.21600000000000003,0.48100000000000004,0.9520000000000001,0.013999999999999999,0.022000000000000002,2023X000,2023-01-01,Twenterand-2023X000,"0,634"
Tynaarlo,0.36,0.79,0.8,0.12,0.027000000000000003,2023X000,2023-01-01,Tynaarlo-2023X000,"0,84"
Tytsjerksteradiel,0.39799999999999996,0.161,0.981,0.09,0.015,2023X000,2023-01-01,Tytsjerksteradiel-2023X000,"0,18"
Uitgeest,0.26899999999999996,0.684,1.1059999999999999,-0.009000000000000001,0.009000000000000001,2023X000,2023-01-01,Uitgeest-2023X000,"0,69"
Urk,0.24,1.43,1.0,0.67,0.013000000000000001,2023X000,2023-01-01,Urk-2023X000,"1,47"
Utrecht,0.318,0.7809999999999999,1.104,0.141,0.021,2023X000,2023-01-01,Utrecht-2023X000,"0,8"
Utrechtse Heuvelrug,0.172,0.816,1.162,0.019,0.027000000000000003,2023X000,2023-01-01,Utrechtse Heuvelrug-2023X000,"0,831"
Vaals,0.188,0.48100000000000004,0.946,0.015,0.001,2023X000,2023-01-01,Vaals-2023X000,"0,483"
Valkenswaard,0.34,0.47,0.94,-0.01,0.043,2023X000,2023-01-01,Valkenswaard-2023X000,"0,75"
Veendam,0.581,0.182,0.991,0.121,0.002,2023X000,2023-01-01,Veendam-2023X000,"0,168"
Veenendaal,0.25,0.97,0.83,-0.005,0.057,2023X000,2023-01-01,Veenendaal-2023X000,"1,03"
Venlo,0.35,0.27,0.9620000000000001,0.04,0.005,2023X000,2023-01-01,Venlo-2023X000,"0,33"
Vlissingen,0.02,0.58,1.12,0.025,-0.04,2023X000,2023-01-01,Vlissingen-2023X000,"0,58"
Voorst,0.17,0.88,1.01,-0.02,0.05,2023X000,2023-01-01,Voorst-2023X000,"0,89"
Vught,0.35,0.81,1.09,-0.01,-0.134,2023X000,2023-01-01,Vught-2023X000,"0,82"
Waadhoeke,0.37,0.11,0.92,0.12,0.05,2023X000,2023-01-01,Waadhoeke-2023X000,"0,11"
Waalre,0.153,0.47600000000000003,0.971,0.11900000000000001,0.15,2023X000,2023-01-01,Waalre-2023X000,"0,498"
Waalwijk,0.34,0.81,0.82,0.1,0.012,2023X000,2023-01-01,Waalwijk-2023X000,"0,94"
Waddinxveen,0.35,1.0,1.03,0.19,0.06,2023X000,2023-01-01,Waddinxveen-2023X000,"1,01"
Wageningen,0.395,0.36700000000000005,0.961,-0.006999999999999999,0.046,2023X000,2023-01-01,Wageningen-2023X000,"0,408"
Wassenaar,0.66,0.31,1.73,,0.263,2023X000,2023-01-01,Wassenaar-2023X000,"0,25"
Waterland,0.225,0.733,0.991,0.17800000000000002,0.213,2023X000,2023-01-01,Waterland-2023X000,"0,748"
Weert,0.34299999999999997,0.5710000000000001,0.978,0.068,0.002,2023X000,2023-01-01,Weert-2023X000,"0,649"
West Betuwe,0.37,0.89,1.36,0.28,0.006999999999999999,2023X000,2023-01-01,West Betuwe-2023X000,"0,93"
Westerveld,0.321,0.21100000000000002,0.8759999999999999,-0.001,0.006,2023X000,2023-01-01,Westerveld-2023X000,"0,223"
Westerwolde,0.44,0.29,1.07,0.07,0.009000000000000001,2023X000,2023-01-01,Westerwolde-2023X000,"0,21"
Westland,0.322,0.929,1.072,0.342,0.006999999999999999,2023X000,2023-01-01,Westland-2023X000,"0,975"
Weststellingwerf,0.42,0.36,0.85,0.11,-0.01,2023X000,2023-01-01,Weststellingwerf-2023X000,"0,36"
Wierden,0.282,0.49,0.9690000000000001,0.05,0.002,2023X000,2023-01-01,Wierden-2023X000,"0,595"
Wijdemeren,0.14,0.91,,-0.01,-0.01,2023X000,2023-01-01,Wijdemeren-2023X000,"0,89"
Winterswijk,0.325,0.637,0.99,-0.01,0.069,2023X000,2023-01-01,Winterswijk-2023X000,"0,701"
Woensdrecht,0.36,0.166,1.01,0.032,0.027999999999999997,2023X000,2023-01-01,Woensdrecht-2023X000,"0,207"
Woerden,0.2,1.51,1.13,0.1,0.034,2023X000,2023-01-01,Woerden-2023X000,"1,52"
Woudenberg,0.358,0.08,1.072,0.051,0.036000000000000004,2023X000,2023-01-01,Woudenberg-2023X000,"0,08"
Zaanstad,0.17800000000000002,1.07,1.13,0.077,0.018000000000000002,2023X000,2023-01-01,Zaanstad-2023X000,"1,13"
Zaltbommel,0.408,0.72,1.055,0.162,0.07200000000000001,2023X000,2023-01-01,Zaltbommel-2023X000,"0,745"
Zeist,0.632,0.003,1.042,0.009000000000000001,-0.069,2023X000,2023-01-01,Zeist-2023X000,"0,032"
Zevenaar,0.24600000000000002,0.6890000000000001,0.9229999999999999,-0.001,0.006,2023X000,2023-01-01,Zevenaar-2023X000,"0,794"
Zoetermeer,0.659,0.172,1.02,0.006999999999999999,0.034,2023X000,2023-01-01,Zoetermeer-2023X000,"0,178"
Zoeterwoude,0.498,0.297,1.135,-0.002,0.09300000000000001,2023X000,2023-01-01,Zoeterwoude-2023X000,"0,341"
Zuidplas,0.26,0.96,1.07,0.09,-0.025,2023X000,2023-01-01,Zuidplas-2023X000,1
Zwartewaterland,0.327,0.655,0.838,0.033,0.004,2023X000,2023-01-01,Zwartewaterland-2023X000,"0,702"
Zwijndrecht,0.24,1.25,1.06,0.05,0.004,2023X000,2023-01-01,Zwijndrecht-2023X000,"1,27"
Zwolle,0.428,0.302,0.9129999999999999,0.003,0.016,2023X000,2023-01-01,Zwolle-2023X000,"0,324"
Aa en Hunze,0.52,0.04,0.73,0.03,-0.01,2023X005,2023-01-01,Aa en Hunze-2023X005,"0,05"
Aalsmeer,0.5379999999999999,0.033,1.102,0.06,0.06,2023X005,2023-01-01,Aalsmeer-2023X005,"0,079"
Aalten,0.408,0.162,0.691,0.1,0.009000000000000001,2023X005,2023-01-01,Aalten-2023X005,"0,284"
Achtkarspelen,0.33399999999999996,0.311,0.94,-0.004,-0.019,2023X005,2023-01-01,Achtkarspelen-2023X005,"0,311"
Alblasserdam,0.31,0.62,0.9420000000000001,0.006,0.016,2023X005,2023-01-01,Alblasserdam-2023X005,"0,66"
Albrandswaard,0.41,0.32,1.28,0.04,0.037000000000000005,2023X005,2023-01-01,Albrandswaard-2023X005,"0,33"
Almelo,0.32,0.3,1.09,0.05,0.03,2023X005,2023-01-01,Almelo-2023X005,"0,34"
Almere,0.4,0.41,1.056,0.18,-0.016,2023X005,2023-01-01,Almere-2023X005,"0,41"
Alphen aan den Rijn,0.503,0.29100000000000004,1.17,0.094,0.001,2023X005,2023-01-01,Alphen aan den Rijn-2023X005,"0,394"
Alphen-Chaam,0.31,0.39,1.13,0.04,0.03,2023X005,2023-01-01,Alphen-Chaam-2023X005,"0,4"
Altena,0.313,0.608,0.9329999999999999,0.038,0.025,2023X005,2023-01-01,Altena-2023X005,"0,657"
Amersfoort,0.29,0.261,0.9670000000000001,0.057999999999999996,0.038,2023X005,2023-01-01,Amersfoort-2023X005,"0,316"
Amsterdam,0.49,0.95,0.98,-0.043,0.036000000000000004,2023X005,2023-01-01,Amsterdam-2023X005,"1,01"
Arnhem,0.28,0.55,1.03,0.02,0.04,2023X005,2023-01-01,Arnhem-2023X005,"0,58"
Assen,0.38,0.6,0.85,0.07,-0.022000000000000002,2023X005,2023-01-01,Assen-2023X005,"0,61"
Asten,0.45,0.02,0.9,0.03,0.017,2023X005,2023-01-01,Asten-2023X005,"0,02"
Barendrecht,0.242,0.86,1.058,0.057,-0.033,2023X005,2023-01-01,Barendrecht-2023X005,"0,86"
Barneveld,0.348,0.851,0.96,0.23399999999999999,0.021,2023X005,2023-01-01,Barneveld-2023X005,"0,918"
Beekdaelen,0.648,0.037000000000000005,1.047,0.016,0.04,2023X005,2023-01-01,Beekdaelen-2023X005,"0,03"
Beesel,0.51,-0.17,0.82,-0.01,0.04,2023X005,2023-01-01,Beesel-2023X005,"-0,19"
Bergeijk,0.45399999999999996,0.175,0.84,0.079,0.07400000000000001,2023X005,2023-01-01,Bergeijk-2023X005,"0,183"
Bergen (L.),0.26,0.75,0.86,0.01,0.1,2023X005,2023-01-01,Bergen (L.)-2023X005,"0,74"
Bergen (NH.),0.35,0.36,1.19,0.01,0.08,2023X005,2023-01-01,Bergen (NH.)-2023X005,"0,4"
Bergen op Zoom,0.22,0.5539999999999999,1.063,0.064,0.018000000000000002,2023X005,2023-01-01,Bergen op Zoom-2023X005,"0,551"
Berkelland,0.507,0.154,0.981,0.015,0.006999999999999999,2023X005,2023-01-01,Berkelland-2023X005,"0,372"
Bernheze,0.624,-0.179,0.8109999999999999,0.03,0.048,2023X005,2023-01-01,Bernheze-2023X005,"-0,148"
Best,0.65,-0.252,0.9390000000000001,0.153,0.003,2023X005,2023-01-01,Best-2023X005,"-0,214"
Beuningen,0.28,0.23,0.94,0.14,0.012,2023X005,2023-01-01,Beuningen-2023X005,"0,28"
Beverwijk,0.39,0.06,0.93,-0.02,0.05,2023X005,2023-01-01,Beverwijk-2023X005,"0,19"
Bladel,0.34,0.82,0.78,0.07,0.11,2023X005,2023-01-01,Bladel-2023X005,"0,85"
Bloemendaal,0.56,0.094,2.073,0.066,0.022000000000000002,2023X005,2023-01-01,Bloemendaal-2023X005,"0,104"
Bodegraven-Reeuwijk,0.20800000000000002,1.1909999999999998,1.5390000000000001,-0.02,0.040999999999999995,2023X005,2023-01-01,Bodegraven-Reeuwijk-2023X005,"1,191"
Boekel,0.43,0.3,1.02,0.31,0.06,2023X005,2023-01-01,Boekel-2023X005,"0,3"
Boxtel,0.365,0.032,1.0390000000000001,0.054000000000000006,0.106,2023X005,2023-01-01,Boxtel-2023X005,"0,075"
Breda,0.196,0.402,0.799,0.019,0.04,2023X005,2023-01-01,Breda-2023X005,"0,574"
Bronckhorst,0.63,-0.251,1.12,0.006999999999999999,0.018000000000000002,2023X005,2023-01-01,Bronckhorst-2023X005,"-0,146"
Brummen,0.244,0.5920000000000001,1.125,0.099,0.051,2023X005,2023-01-01,Brummen-2023X005,"0,654"
Brunssum,0.5760000000000001,-0.036000000000000004,0.887,-0.013999999999999999,0.002,2023X005,2023-01-01,Brunssum-2023X005,"0,037"
Buren,0.415,-0.19,1.2830000000000001,-0.003,0.031,2023X005,2023-01-01,Buren-2023X005,"-0,19"
Capelle aan den IJssel,0.589,0.214,0.8290000000000001,0.001,-0.011000000000000001,2023X005,2023-01-01,Capelle aan den IJssel-2023X005,"0,223"
Cranendonck,0.361,0.392,1.02,-0.015,0.017,2023X005,2023-01-01,Cranendonck-2023X005,"0,418"
Dalfsen,0.6,0.05,0.87,0.06,0.059000000000000004,2023X005,2023-01-01,Dalfsen-2023X005,"0,1"
Dantumadiel,0.28,0.2,1.03,0.02,-0.05,2023X005,2023-01-01,Dantumadiel-2023X005,"0,23"
De Bilt,0.215,0.593,1.093,0.013000000000000001,0.040999999999999995,2023X005,2023-01-01,De Bilt-2023X005,"0,607"
De Fryske Marren,0.299,0.34600000000000003,0.8009999999999999,0.035,0.018000000000000002,2023X005,2023-01-01,De Fryske Marren-2023X005,"0,375"
De Wolden,0.53,0.1,0.89,0.016,0.032,2023X005,2023-01-01,De Wolden-2023X005,"0,25"
Delft,0.040999999999999995,0.263,1.146,-0.009000000000000001,0.006,2023X005,2023-01-01,Delft-2023X005,"0,433"
Deurne,0.36,0.27,1.07,0.08,0.03,2023X005,2023-01-01,Deurne-2023X005,"0,29"
Deventer,0.4,0.29,0.97,0.09,0.1,2023X005,2023-01-01,Deventer-2023X005,"0,33"
Diemen,0.38,0.27,1.03,-0.14,0.068,2023X005,2023-01-01,Diemen-2023X005,"0,26"
Dinkelland,0.529,0.055999999999999994,0.905,0.003,0.049,2023X005,2023-01-01,Dinkelland-2023X005,"-0,005"
Doesburg,0.68,-0.49,1.088,0.002,0.043,2023X005,2023-01-01,Doesburg-2023X005,"0,053"
Dongen,0.198,0.61,1.04,0.115,0.055999999999999994,2023X005,2023-01-01,Dongen-2023X005,"0,66"
Dordrecht,0.64,0.07,0.89,0.09,-0.003,2023X005,2023-01-01,Dordrecht-2023X005,"0,19"
Drechterland,0.54,-0.15,1.06,-0.01,0.08,2023X005,2023-01-01,Drechterland-2023X005,"-0,05"
Drimmelen,0.44,0.31,0.82,-0.01,-0.08,2023X005,2023-01-01,Drimmelen-2023X005,"0,35"
Dronten,0.59,-0.35,0.87,0.03,0.032,2023X005,2023-01-01,Dronten-2023X005,"-0,28"
Druten,0.3,0.46,0.92,0.03,0.012,2023X005,2023-01-01,Druten-2023X005,"0,57"
Duiven,0.401,-0.066,0.805,0.028999999999999998,0.016,2023X005,2023-01-01,Duiven-2023X005,"0,009"
Echt-Susteren,0.44299999999999995,0.314,0.877,0.027000000000000003,0.05,2023X005,2023-01-01,Echt-Susteren-2023X005,"0,275"
Edam-Volendam,0.451,0.547,0.8909999999999999,-0.025,-0.068,2023X005,2023-01-01,Edam-Volendam-2023X005,"0,659"
Ede,0.34,0.39,0.84,0.22,0.04,2023X005,2023-01-01,Ede-2023X005,"0,49"
Eemnes,0.192,0.845,1.2590000000000001,0.14400000000000002,0.09,2023X005,2023-01-01,Eemnes-2023X005,"1,042"
Eemsdelta,0.21100000000000002,0.366,0.996,-0.001,0.009000000000000001,2023X005,2023-01-01,Eemsdelta-2023X005,"0,352"
Eersel,0.624,-0.48100000000000004,0.863,0.059000000000000004,0.062,2023X005,2023-01-01,Eersel-2023X005,"-0,481"
Eindhoven,0.43,0.35100000000000003,0.95,0.09,0.04,2023X005,2023-01-01,Eindhoven-2023X005,"0,363"
Elburg,0.65,-0.04,0.86,0.047,0.053,2023X005,2023-01-01,Elburg-2023X005,"0,01"
Emmen,0.195,0.797,0.847,0.054000000000000006,0.055999999999999994,2023X005,2023-01-01,Emmen-2023X005,"0,965"
Enschede,0.34,0.021,1.07,0.01,0.046,2023X005,2023-01-01,Enschede-2023X005,"0,025"
Epe,0.74,-0.23199999999999998,0.95,-0.004,0.048,2023X005,2023-01-01,Epe-2023X005,"-0,169"
Ermelo,0.41,0.24,1.21,0.01,0.03,2023X005,2023-01-01,Ermelo-2023X005,"0,24"
Geertruidenberg,0.297,0.259,0.91,0.040999999999999995,0.002,2023X005,2023-01-01,Geertruidenberg-2023X005,"0,299"
Geldrop-Mierlo,0.27,0.68,0.74,0.17,0.05,2023X005,2023-01-01,Geldrop-Mierlo-2023X005,"0,76"
Gennep,0.45399999999999996,0.075,0.9129999999999999,-0.002,0.009000000000000001,2023X005,2023-01-01,Gennep-2023X005,"0,096"
Goeree-Overflakkee,0.579,-0.02,0.966,0.024,0.08900000000000001,2023X005,2023-01-01,Goeree-Overflakkee-2023X005,"0,067"
Goes,0.3,0.67,1.03,0.03,0.017,2023X005,2023-01-01,Goes-2023X005,"0,73"
Goirle,0.47,0.16,1.0,0.01,0.04,2023X005,2023-01-01,Goirle-2023X005,"0,16"
Gooise Meren,0.21600000000000003,0.602,1.109,0.024,0.046,2023X005,2023-01-01,Gooise Meren-2023X005,"0,604"
Gorinchem,0.4,0.562,0.992,0.40700000000000003,0.021,2023X005,2023-01-01,Gorinchem-2023X005,"0,568"
Gouda,0.24100000000000002,0.711,1.1909999999999998,0.08,0.07,2023X005,2023-01-01,Gouda-2023X005,"0,714"
Groningen,0.10300000000000001,0.953,1.1840000000000002,0.036000000000000004,0.027000000000000003,2023X005,2023-01-01,Groningen-2023X005,"1,248"
Gulpen-Wittem,0.16,1.02,1.06,0.01,0.05,2023X005,2023-01-01,Gulpen-Wittem-2023X005,"1,08"
Haaksbergen,0.28,0.23,1.09,0.01,0.05,2023X005,2023-01-01,Haaksbergen-2023X005,"0,28"
Haarlemmermeer,0.373,0.63,0.92,0.094,0.055,2023X005,2023-01-01,Haarlemmermeer-2023X005,"0,698"
Halderberge,0.204,0.677,0.943,0.03,0.053,2023X005,2023-01-01,Halderberge-2023X005,"0,693"
Hardenberg,0.48,0.36,0.9,0.04,0.04,2023X005,2023-01-01,Hardenberg-2023X005,"0,38"
Harderwijk,0.315,0.53,0.792,0.35200000000000004,-0.002,2023X005,2023-01-01,Harderwijk-2023X005,"0,552"
Harlingen,0.405,0.544,0.847,0.128,0.065,2023X005,2023-01-01,Harlingen-2023X005,"0,551"
Hattem,0.134,0.66,1.13,0.023,0.018000000000000002,2023X005,2023-01-01,Hattem-2023X005,"0,89"
Heerde,0.32,0.41,1.16,0.2,-0.006,2023X005,2023-01-01,Heerde-2023X005,"0,45"
Heerenveen,0.297,0.37200000000000005,0.879,0.004,0.11800000000000001,2023X005,2023-01-01,Heerenveen-2023X005,"0,373"
Heerlen,0.10400000000000001,0.742,0.888,0.011000000000000001,0.037000000000000005,2023X005,2023-01-01,Heerlen-2023X005,"0,738"
Heiloo,0.295,0.318,1.011,0.034,0.011000000000000001,2023X005,2023-01-01,Heiloo-2023X005,"0,329"
Helmond,0.505,0.26,0.894,0.26899999999999996,0.001,2023X005,2023-01-01,Helmond-2023X005,"0,361"
Hendrik-Ido-Ambacht,0.55,0.08,1.12,0.004,-0.002,2023X005,2023-01-01,Hendrik-Ido-Ambacht-2023X005,"0,04"
Hengelo,0.18,0.4,0.86,0.11,0.013000000000000001,2023X005,2023-01-01,Hengelo-2023X005,"1,08"
Het Hogeland,0.34600000000000003,0.27399999999999997,1.02,0.021,0.11,2023X005,2023-01-01,Het Hogeland-2023X005,"0,33"
Heusden,0.295,0.505,0.88,0.28,0.081,2023X005,2023-01-01,Heusden-2023X005,"0,548"
Hillegom,0.73,-0.248,1.1179999999999999,-0.031,0.052000000000000005,2023X005,2023-01-01,Hillegom-2023X005,"-0,065"
Hilvarenbeek,0.26,0.37,0.88,0.06,0.06,2023X005,2023-01-01,Hilvarenbeek-2023X005,"0,44"
Hilversum,0.25,0.53,1.02,0.01,0.037000000000000005,2023X005,2023-01-01,Hilversum-2023X005,"0,59"
Hoeksche Waard,0.631,0.121,0.871,0.04,0.019,2023X005,2023-01-01,Hoeksche Waard-2023X005,"0,202"
Hof van Twente,0.588,0.09300000000000001,1.03,0.055999999999999994,0.047,2023X005,2023-01-01,Hof van Twente-2023X005,"0,144"
Hoogeveen,0.299,0.24,0.93,0.054000000000000006,0.098,2023X005,2023-01-01,Hoogeveen-2023X005,"0,29"
Hoorn,0.28,0.32,0.91,-0.03,0.006999999999999999,2023X005,2023-01-01,Hoorn-2023X005,"0,5"
Houten,0.35700000000000004,0.469,0.9079999999999999,0.053,0.11,2023X005,2023-01-01,Houten-2023X005,"0,485"
Huizen,0.63,-0.65,0.96,0.01,0.03,2023X005,2023-01-01,Huizen-2023X005,"-0,26"
Hulst,0.46,0.257,0.9740000000000001,0.019,0.045,2023X005,2023-01-01,Hulst-2023X005,"0,262"
IJsselstein,0.294,0.051,1.058,0.002,0.011000000000000001,2023X005,2023-01-01,IJsselstein-2023X005,"0,218"
Kaag en Braassem,0.44,0.29,1.14,0.02,0.1,2023X005,2023-01-01,Kaag en Braassem-2023X005,"0,4"
Kampen,0.311,0.44,0.746,0.107,-0.003,2023X005,2023-01-01,Kampen-2023X005,"0,519"
Kerkrade,0.19699999999999998,0.602,0.983,0.002,0.006,2023X005,2023-01-01,Kerkrade-2023X005,"0,737"
Koggenland,0.557,0.003,0.941,0.033,0.079,2023X005,2023-01-01,Koggenland-2023X005,"0,003"
Krimpen aan den IJssel,0.423,0.276,1.22,0.081,0.021,2023X005,2023-01-01,Krimpen aan den IJssel-2023X005,"0,403"
Laarbeek,0.61,0.08,0.86,0.15,0.05,2023X005,2023-01-01,Laarbeek-2023X005,"0,08"
Land van Cuijk,0.45,0.32,0.86,0.07,0.05,2023X005,2023-01-01,Land van Cuijk-2023X005,"0,37"
Landgraaf,0.317,0.322,0.996,0.036000000000000004,0.043,2023X005,2023-01-01,Landgraaf-2023X005,"0,402"
Landsmeer,0.17,0.54,1.3,0.03,0.04,2023X005,2023-01-01,Landsmeer-2023X005,"0,53"
Laren,0.261,0.358,1.7080000000000002,0.02,-0.013999999999999999,2023X005,2023-01-01,Laren-2023X005,"0,809"
Leiden,0.295,0.9470000000000001,1.298,0.018000000000000002,0.017,2023X005,2023-01-01,Leiden-2023X005,"0,977"
Leidschendam-Voorburg,0.638,0.19,0.938,0.159,0.042,2023X005,2023-01-01,Leidschendam-Voorburg-2023X005,"0,261"
Lelystad,0.29,-0.12,1.0,-0.11900000000000001,0.013000000000000001,2023X005,2023-01-01,Lelystad-2023X005,"-0,06"
Leudal,0.53,0.15,0.89,0.02,0.17,2023X005,2023-01-01,Leudal-2023X005,"0,18"
Leusden,0.57,0.11,0.86,0.06,0.03,2023X005,2023-01-01,Leusden-2023X005,"0,17"
Lingewaard,0.38,0.27,1.087,0.001,0.023,2023X005,2023-01-01,Lingewaard-2023X005,"0,32"
Lochem,0.57,-0.08,0.88,0.09,0.06,2023X005,2023-01-01,Lochem-2023X005,"-0,06"
Loon op Zand,0.35600000000000004,0.226,0.887,-0.021,0.011000000000000001,2023X005,2023-01-01,Loon op Zand-2023X005,"0,231"
Losser,0.379,0.038,1.0190000000000001,-0.001,0.002,2023X005,2023-01-01,Losser-2023X005,"0,038"
Maasdriel,0.361,0.45899999999999996,1.022,0.081,-0.009000000000000001,2023X005,2023-01-01,Maasdriel-2023X005,"0,458"
Maasgouw,0.449,0.415,0.85,0.005,0.054000000000000006,2023X005,2023-01-01,Maasgouw-2023X005,"0,502"
Maashorst,0.484,0.267,0.787,0.109,0.057999999999999996,2023X005,2023-01-01,Maashorst-2023X005,"0,286"
Maastricht,0.31,0.34,1.11,0.02,0.05,2023X005,2023-01-01,Maastricht-2023X005,"0,48"
Medemblik,0.52,-0.013000000000000001,1.07,0.004,0.004,2023X005,2023-01-01,Medemblik-2023X005,"-0,011"
Meierijstad,0.43,0.38,0.96,0.24,0.038,2023X005,2023-01-01,Meierijstad-2023X005,"0,4"
Meppel,0.22,0.57,0.81,0.24,0.040999999999999995,2023X005,2023-01-01,Meppel-2023X005,"0,63"
Middelburg,0.31,0.29,0.97,0.21,0.09,2023X005,2023-01-01,Middelburg-2023X005,"0,38"
Midden-Drenthe,0.4,0.19,0.7709999999999999,0.026000000000000002,0.075,2023X005,2023-01-01,Midden-Drenthe-2023X005,"0,25"
Moerdijk,0.47,0.03,0.92,0.03,-0.01,2023X005,2023-01-01,Moerdijk-2023X005,"0,13"
Molenlanden,0.061,0.057999999999999996,0.992,0.023,0.016,2023X005,2023-01-01,Molenlanden-2023X005,"0,107"
Montferland,0.387,0.462,0.98,-0.038,0.055999999999999994,2023X005,2023-01-01,Montferland-2023X005,"0,544"
Neder-Betuwe,0.47,0.23,1.14,0.03,-0.011000000000000001,2023X005,2023-01-01,Neder-Betuwe-2023X005,"0,23"
Nederweert,0.48,-0.68,1.01,0.02,0.1,2023X005,2023-01-01,Nederweert-2023X005,"-0,66"
Nieuwegein,0.29600000000000004,0.5329999999999999,0.9,0.065,-0.01,2023X005,2023-01-01,Nieuwegein-2023X005,"0,568"
Nieuwkoop,0.52,0.11599999999999999,1.1520000000000001,0.456,0.062,2023X005,2023-01-01,Nieuwkoop-2023X005,"0,172"
Nijkerk,0.4,0.55,0.77,0.3,0.016,2023X005,2023-01-01,Nijkerk-2023X005,"0,6"
Nijmegen,0.15,0.69,1.14,0.19,0.071,2023X005,2023-01-01,Nijmegen-2023X005,"0,7"
Nissewaard,0.319,0.48700000000000004,0.96,0.095,0.013999999999999999,2023X005,2023-01-01,Nissewaard-2023X005,"0,431"
Noardeast-Fryslân,0.29,0.23,1.03,0.02,-0.05,2023X005,2023-01-01,Noardeast-Fryslân-2023X005,"0,27"
Noord-Beveland,0.6629999999999999,-0.078,0.8340000000000001,0.06,0.012,2023X005,2023-01-01,Noord-Beveland-2023X005,"-0,052"
Noordoostpolder,0.78,0.42,0.961,0.1,0.053,2023X005,2023-01-01,Noordoostpolder-2023X005,"0,4"
Noordwijk,0.596,0.27,1.0959999999999999,0.109,0.023,2023X005,2023-01-01,Noordwijk-2023X005,"0,366"
"Nuenen, Gerwen en Nederwetten",0.36,0.72,1.11,0.98,0.04,2023X005,2023-01-01,"Nuenen, Gerwen en Nederwetten-2023X005","0,76"
Nunspeet,0.546,0.075,0.85,0.1,0.11900000000000001,2023X005,2023-01-01,Nunspeet-2023X005,"0,11"
Oegstgeest,0.259,0.48100000000000004,1.412,-0.011000000000000001,0.043,2023X005,2023-01-01,Oegstgeest-2023X005,"0,515"
Oirschot,0.509,0.242,0.835,0.01,0.003,2023X005,2023-01-01,Oirschot-2023X005,"0,232"
Oisterwijk,0.27,0.4,1.1,0.049,0.081,2023X005,2023-01-01,Oisterwijk-2023X005,"0,44"
Oldambt,0.35700000000000004,0.114,0.966,-0.003,0.024,2023X005,2023-01-01,Oldambt-2023X005,"0,114"
Oldebroek,0.4,0.2,0.97,0.01,-0.009000000000000001,2023X005,2023-01-01,Oldebroek-2023X005,"0,27"
Olst-Wijhe,0.27899999999999997,0.304,0.997,-0.017,0.069,2023X005,2023-01-01,Olst-Wijhe-2023X005,"0,446"
Ommen,0.47,0.08,0.82,0.02,0.03,2023X005,2023-01-01,Ommen-2023X005,"0,09"
Oost Gelre,0.37,0.59,0.71,0.03,0.067,2023X005,2023-01-01,Oost Gelre-2023X005,"0,71"
Oosterhout,0.59,0.363,0.825,0.06,0.004,2023X005,2023-01-01,Oosterhout-2023X005,"0,442"
Opmeer,0.67,-0.19,1.29,0.03,0.04,2023X005,2023-01-01,Opmeer-2023X005,"-0,25"
Opsterland,0.41200000000000003,0.035,0.8640000000000001,-0.001,0.005,2023X005,2023-01-01,Opsterland-2023X005,"0,035"
Oude IJsselstreek,0.21,0.716,0.882,0.025,-0.02,2023X005,2023-01-01,Oude IJsselstreek-2023X005,"0,796"
Oudewater,0.24,0.57,1.21,0.11,0.086,2023X005,2023-01-01,Oudewater-2023X005,"0,58"
Overbetuwe,0.27699999999999997,0.6459999999999999,0.726,0.031,0.009000000000000001,2023X005,2023-01-01,Overbetuwe-2023X005,"0,646"
Papendrecht,0.501,0.331,1.0,-0.013999999999999999,0.109,2023X005,2023-01-01,Papendrecht-2023X005,"0,499"
Peel en Maas,0.32,0.63,0.8,0.01,0.06,2023X005,2023-01-01,Peel en Maas-2023X005,"0,71"
Pekela,0.52,-0.258,1.04,0.03,0.049,2023X005,2023-01-01,Pekela-2023X005,"-0,252"
Pijnacker-Nootdorp,0.642,-0.256,1.052,-0.028999999999999998,0.03,2023X005,2023-01-01,Pijnacker-Nootdorp-2023X005,"-0,208"
Purmerend,0.223,0.812,0.9,0.077,0.036000000000000004,2023X005,2023-01-01,Purmerend-2023X005,"0,819"
Putten,0.67,-0.18,0.82,0.08,0.09,2023X005,2023-01-01,Putten-2023X005,"-0,07"
Raalte,0.52,0.29,0.95,0.11,0.021,2023X005,2023-01-01,Raalte-2023X005,"0,34"
Reimerswaal,0.56,0.1,0.95,-0.08,0.08,2023X005,2023-01-01,Reimerswaal-2023X005,"0,17"
Renswoude,0.3,1.36,0.93,-0.024,0.19,2023X005,2023-01-01,Renswoude-2023X005,"1,45"
Rheden,0.16,0.55,0.92,-0.02,-0.01,2023X005,2023-01-01,Rheden-2023X005,"0,59"
Rhenen,0.33299999999999996,0.53,0.95,0.006,0.05,2023X005,2023-01-01,Rhenen-2023X005,"0,59"
Rijssen-Holten,0.53,0.37,0.78,0.01,-0.011000000000000001,2023X005,2023-01-01,Rijssen-Holten-2023X005,"0,44"
Rijswijk,0.19,1.02,0.93,0.4,-0.031,2023X005,2023-01-01,Rijswijk-2023X005,"1,02"
Roerdalen,0.382,0.24,0.872,0.015,0.004,2023X005,2023-01-01,Roerdalen-2023X005,"0,255"
Roermond,0.397,0.28300000000000003,1.05,0.013000000000000001,-0.013000000000000001,2023X005,2023-01-01,Roermond-2023X005,"0,259"
Roosendaal,0.3,0.38,0.99,0.15,0.05,2023X005,2023-01-01,Roosendaal-2023X005,"0,38"
Rotterdam,0.578,0.096,1.01,-0.03,-0.004,2023X005,2023-01-01,Rotterdam-2023X005,"0,224"
Rucphen,0.55,0.35,0.9,0.04,0.09,2023X005,2023-01-01,Rucphen-2023X005,"0,36"
Schagen,0.47100000000000003,0.276,1.13,0.018000000000000002,0.087,2023X005,2023-01-01,Schagen-2023X005,"0,228"
Schiedam,0.247,1.126,1.008,0.040999999999999995,0.002,2023X005,2023-01-01,Schiedam-2023X005,"1,167"
Schiermonnikoog,0.29,0.52,0.98,-0.04,0.006999999999999999,2023X005,2023-01-01,Schiermonnikoog-2023X005,"0,28"
Schouwen-Duiveland,0.295,0.289,1.09,0.012,0.125,2023X005,2023-01-01,Schouwen-Duiveland-2023X005,"0,318"
Sint-Michielsgestel,0.45799999999999996,-0.11900000000000001,1.128,-0.023,0.037000000000000005,2023X005,2023-01-01,Sint-Michielsgestel-2023X005,"-0,094"
Sittard-Geleen,0.201,0.6709999999999999,1.0,0.005,0.044000000000000004,2023X005,2023-01-01,Sittard-Geleen-2023X005,"0,672"
Sliedrecht,0.48,0.17,0.95,0.02,0.055,2023X005,2023-01-01,Sliedrecht-2023X005,"0,19"
Sluis,0.42,0.15,0.98,0.01,0.08,2023X005,2023-01-01,Sluis-2023X005,"0,15"
Soest,0.45,0.15,0.97,0.02,0.06,2023X005,2023-01-01,Soest-2023X005,"0,15"
Someren,0.64,0.15,0.87,0.01,-0.06,2023X005,2023-01-01,Someren-2023X005,"-0,24"
Son en Breugel,0.49,0.46,0.95,-0.13,-0.05,2023X005,2023-01-01,Son en Breugel-2023X005,"0,49"
Stadskanaal,0.45,0.17,0.82,0.003,0.046,2023X005,2023-01-01,Stadskanaal-2023X005,"0,2"
Staphorst,0.84,-0.44,0.84,0.04,0.08,2023X005,2023-01-01,Staphorst-2023X005,"-0,42"
Steenbergen,0.40399999999999997,-0.06,0.948,-0.11199999999999999,-0.011000000000000001,2023X005,2023-01-01,Steenbergen-2023X005,"-0,131"
Steenwijkerland,0.38799999999999996,0.295,0.6970000000000001,0.037000000000000005,0.022000000000000002,2023X005,2023-01-01,Steenwijkerland-2023X005,"0,349"
Stein,0.27,0.71,1.03,0.021,0.084,2023X005,2023-01-01,Stein-2023X005,"0,75"
Stichtse Vecht,0.19,0.68,1.004,0.006999999999999999,0.018000000000000002,2023X005,2023-01-01,Stichtse Vecht-2023X005,"0,69"
Súdwest-Fryslân,0.235,0.402,0.856,0.032,-0.003,2023X005,2023-01-01,Súdwest-Fryslân-2023X005,"0,458"
Terneuzen,0.39399999999999996,0.386,0.912,0.033,0.06,2023X005,2023-01-01,Terneuzen-2023X005,"0,392"
Terschelling,0.32,0.24,0.8,0.07,0.03,2023X005,2023-01-01,Terschelling-2023X005,"0,21"
Texel,0.37,0.56,0.77,0.01,0.04,2023X005,2023-01-01,Texel-2023X005,"0,61"
Teylingen,0.5529999999999999,-0.005,1.022,0.028999999999999998,0.003,2023X005,2023-01-01,Teylingen-2023X005,"0,116"
Tholen,0.46,0.16,0.89,0.11,0.07200000000000001,2023X005,2023-01-01,Tholen-2023X005,"0,19"
Tilburg,0.62,0.26,0.72,0.028999999999999998,0.023,2023X005,2023-01-01,Tilburg-2023X005,"0,29"
Twenterand,0.46799999999999997,0.111,1.04,0.006999999999999999,0.021,2023X005,2023-01-01,Twenterand-2023X005,"0,212"
Tynaarlo,0.53,0.19,0.78,0.004,0.043,2023X005,2023-01-01,Tynaarlo-2023X005,"0,25"
Tytsjerksteradiel,0.478,-0.012,0.997,0.013000000000000001,0.045,2023X005,2023-01-01,Tytsjerksteradiel-2023X005,"0,003"
Uitgeest,0.251,0.413,1.1,-0.021,0.009000000000000001,2023X005,2023-01-01,Uitgeest-2023X005,"0,42"
Urk,0.28,1.08,0.98,0.7,-0.006,2023X005,2023-01-01,Urk-2023X005,"1,18"
Utrecht,0.324,0.6779999999999999,1.05,0.063,-0.012,2023X005,2023-01-01,Utrecht-2023X005,"0,694"
Vaals,0.289,0.341,0.9690000000000001,0.14,0.038,2023X005,2023-01-01,Vaals-2023X005,"0,342"
Valkenswaard,0.41,0.39,0.97,-0.01,0.03,2023X005,2023-01-01,Valkenswaard-2023X005,"0,41"
Veenendaal,0.34,0.57,0.79,0.049,-0.004,2023X005,2023-01-01,Veenendaal-2023X005,"0,64"
Veere,0.37,0.26,0.88,0.04,0.045,2023X005,2023-01-01,Veere-2023X005,"0,32"
Veldhoven,0.3,0.82,0.91,0.37,0.05,2023X005,2023-01-01,Veldhoven-2023X005,"0,85"
Velsen,0.247,0.507,1.02,0.001,0.040999999999999995,2023X005,2023-01-01,Velsen-2023X005,"0,515"
Venlo,0.35,0.19,0.9690000000000001,0.04,0.09,2023X005,2023-01-01,Venlo-2023X005,"0,26"
Vijfheerenlanden,0.259,0.7,1.1079999999999999,0.032,0.048,2023X005,2023-01-01,Vijfheerenlanden-2023X005,"0,79"
Vlaardingen,0.23800000000000002,0.635,1.002,0.10300000000000001,0.062,2023X005,2023-01-01,Vlaardingen-2023X005,"0,64"
Vlissingen,0.21,0.39,1.0,0.09,0.03,2023X005,2023-01-01,Vlissingen-2023X005,"0,39"
Voorne aan Zee,0.366,0.88,1.0170000000000001,0.17600000000000002,-0.026000000000000002,2023X005,2023-01-01,Voorne aan Zee-2023X005,"0,88"
Voorschoten,0.39,0.17,1.581,0.05,0.04,2023X005,2023-01-01,Voorschoten-2023X005,"0,19"
Vught,0.38,0.65,1.09,-0.01,0.025,2023X005,2023-01-01,Vught-2023X005,"0,66"
Waadhoeke,0.38,0.03,0.92,0.1,0.03,2023X005,2023-01-01,Waadhoeke-2023X005,"0,04"
Waalre,0.188,0.414,1.077,0.11,0.019,2023X005,2023-01-01,Waalre-2023X005,"0,434"
Waddinxveen,0.4,0.49,0.96,0.13,0.047,2023X005,2023-01-01,Waddinxveen-2023X005,"0,5"
Wageningen,0.44299999999999995,0.092,1.052,-0.001,0.078,2023X005,2023-01-01,Wageningen-2023X005,"0,133"
Weert,0.428,0.308,0.9359999999999999,0.076,0.066,2023X005,2023-01-01,Weert-2023X005,"0,378"
West Betuwe,0.5,0.38,1.3,0.19,0.10099999999999999,2023X005,2023-01-01,West Betuwe-2023X005,"0,45"
Westerkwartier,0.247,0.561,1.042,0.027000000000000003,0.052000000000000005,2023X005,2023-01-01,Westerkwartier-2023X005,"0,6"
Westerveld,0.41,0.013000000000000001,0.961,-0.013000000000000001,0.11,2023X005,2023-01-01,Westerveld-2023X005,"0,023"
Westervoort,0.177,0.264,1.03,,-0.005,2023X005,2023-01-01,Westervoort-2023X005,"0,307"
Westerwolde,0.55,0.08,1.12,0.004,-0.002,2023X005,2023-01-01,Westerwolde-2023X005,"0,04"
Westland,0.368,0.9179999999999999,1.128,0.405,0.025,2023X005,2023-01-01,Westland-2023X005,"0,968"
Weststellingwerf,0.462,0.22399999999999998,0.855,0.12,0.076,2023X005,2023-01-01,Weststellingwerf-2023X005,"0,224"
Wierden,0.46399999999999997,-0.081,0.9690000000000001,-0.021,0.003,2023X005,2023-01-01,Wierden-2023X005,"0,015"
Woensdrecht,0.48100000000000004,-0.11,0.9670000000000001,-0.013999999999999999,0.083,2023X005,2023-01-01,Woensdrecht-2023X005,"-0,061"
Woerden,0.26,1.02,1.07,0.03,0.04,2023X005,2023-01-01,Woerden-2023X005,"1,03"
Woudenberg,0.47100000000000003,-0.228,0.9840000000000001,-0.035,-0.022000000000000002,2023X005,2023-01-01,Woudenberg-2023X005,"-0,228"
Zaanstad,0.23399999999999999,0.85,1.035,0.027000000000000003,0.037000000000000005,2023X005,2023-01-01,Zaanstad-2023X005,"0,9"
Zaltbommel,0.556,0.218,1.102,0.067,0.027999999999999997,2023X005,2023-01-01,Zaltbommel-2023X005,"0,217"
Zandvoort,0.47,0.28,0.97,0.08,0.09,2023X005,2023-01-01,Zandvoort-2023X005,"0,3"
Zevenaar,0.303,0.457,0.87,0.1,-0.015,2023X005,2023-01-01,Zevenaar-2023X005,"0,561"
Zoetermeer,0.583,-0.043,1.1179999999999999,0.006,0.003,2023X005,2023-01-01,Zoetermeer-2023X005,"-0,038"
Zoeterwoude,0.5,0.29,1.11,-0.001,0.043,2023X005,2023-01-01,Zoeterwoude-2023X005,"0,343"
Zundert,0.37,0.21,1.19,0.01,0.04,2023X005,2023-01-01,Zundert-2023X005,"0,2"
Zutphen,0.34,0.37,0.94,-0.01,0.04,2023X005,2023-01-01,Zutphen-2023X005,"0,41"
Zwartewaterland,0.42700000000000005,0.479,0.85,0.154,0.04,2023X005,2023-01-01,Zwartewaterland-2023X005,"0,527"
Achtkarspelen,0.185,0.626,1.02,0.03,-0.01,2019X000,2019-01-01,Achtkarspelen-2019X000,"0,74"
Alblasserdam,0.19,1.11,1.067,0.04,-0.011000000000000001,2019X000,2019-01-01,Alblasserdam-2019X000,"1,11"
Albrandswaard,0.25,0.59,1.19,0.04,0.002,2019X000,2019-01-01,Albrandswaard-2019X000,"0,66"
Alkmaar,0.21,1.006,0.82,0.08,0.002,2019X000,2019-01-01,Alkmaar-2019X000,"1,038"
Almere,0.3,0.65,1.09,0.31,-0.012,2019X000,2019-01-01,Almere-2019X000,"0,7"
Alphen aan den Rijn,0.47100000000000003,0.473,1.042,0.038,0.011000000000000001,2019X000,2019-01-01,Alphen aan den Rijn-2019X000,"0,563"
Alphen-Chaam,0.24,0.76,1.28,0.09,0.08,2019X000,2019-01-01,Alphen-Chaam-2019X000,"0,69"
Altena,0.226,0.66,0.925,0.18100000000000002,0.002,2019X000,2019-01-01,Altena-2019X000,"0,686"
Ameland,0.278,1.182,0.925,0.03,,2019X000,2019-01-01,Ameland-2019X000,"1,182"
Amersfoort,0.23600000000000002,0.55,1.037,0.19699999999999998,0.015,2019X000,2019-01-01,Amersfoort-2019X000,"0,63"
Amsterdam,0.32,0.976,0.94,-0.04,-0.004,2019X000,2019-01-01,Amsterdam-2019X000,"1,024"
Apeldoorn,0.111,0.82,0.961,0.06,0.005,2019X000,2019-01-01,Apeldoorn-2019X000,"0,907"
Arnhem,0.14,0.91,1.04,0.08,-0.01,2019X000,2019-01-01,Arnhem-2019X000,1
Assen,0.28,1.03,0.92,0.08,-0.06,2019X000,2019-01-01,Assen-2019X000,"1,05"
Baarle-Nassau,0.68,0.0,0.92,0.09,0.03,2019X000,2019-01-01,Baarle-Nassau-2019X000,"0,01"
Barendrecht,0.22,1.21,1.04,0.05,-0.01,2019X000,2019-01-01,Barendrecht-2019X000,"1,22"
Beek,0.609,-0.265,1.05,0.017,-0.013999999999999999,2019X000,2019-01-01,Beek-2019X000,"-0,212"
Beekdaelen,0.5539999999999999,-0.122,1.112,0.028999999999999998,0.044000000000000004,2019X000,2019-01-01,Beekdaelen-2019X000,"-0,152"
Beesel,0.61,-0.15,0.75,0.01,0.04,2019X000,2019-01-01,Beesel-2019X000,"-0,19"
Berg en Dal,0.46,0.33,0.98,0.06,0.002,2019X000,2019-01-01,Berg en Dal-2019X000,"0,47"
Bergeijk,0.35600000000000004,0.615,0.97,0.14400000000000002,0.009000000000000001,2019X000,2019-01-01,Bergeijk-2019X000,"0,626"
Bergen (L.),0.43799999999999994,0.14,0.862,0.11599999999999999,0.034,2019X000,2019-01-01,Bergen (L.)-2019X000,"0,13"
Bergen op Zoom,0.14,0.99,1.1079999999999999,1.16,0.025,2019X000,2019-01-01,Bergen op Zoom-2019X000,1
Berkelland,0.616,-0.24,1.112,0.019,-0.002,2019X000,2019-01-01,Berkelland-2019X000,"0,078"
Bernheze,0.317,0.406,0.986,0.042,0.001,2019X000,2019-01-01,Bernheze-2019X000,"0,469"
Best,0.778,-0.021,0.9259999999999999,0.696,0.017,2019X000,2019-01-01,Best-2019X000,"0,098"
Beuningen,0.033,0.91,1.07,0.34,0.001,2019X000,2019-01-01,Beuningen-2019X000,"1,02"
Bladel,0.31,0.87,0.93,0.04,0.03,2019X000,2019-01-01,Bladel-2019X000,"0,91"
Blaricum,0.562,-0.469,1.5819999999999999,0.14300000000000002,0.015,2019X000,2019-01-01,Blaricum-2019X000,"-0,434"
Bodegraven-Reeuwijk,0.122,1.315,1.3459999999999999,0.267,0.006999999999999999,2019X000,2019-01-01,Bodegraven-Reeuwijk-2019X000,"1,315"
Boekel,0.17,0.68,1.1,-0.1,0.032,2019X000,2019-01-01,Boekel-2019X000,"0,7"
Boxtel,0.29600000000000004,0.495,1.0979999999999999,0.07200000000000001,0.022000000000000002,2019X000,2019-01-01,Boxtel-2019X000,"0,606"
Bronckhorst,0.61,-0.016,1.07,0.006,-0.02,2019X000,2019-01-01,Bronckhorst-2019X000,"0,1"
Brummen,0.075,1.23,1.0070000000000001,0.235,0.008,2019X000,2019-01-01,Brummen-2019X000,"1,262"
Brunssum,0.586,0.011000000000000001,1.047,0.063,-0.040999999999999995,2019X000,2019-01-01,Brunssum-2019X000,"0,085"
Bunnik,0.675,0.091,1.3430000000000002,0.024,0.016,2019X000,2019-01-01,Bunnik-2019X000,"0,091"
Bunschoten,0.258,0.341,0.795,0.35,0.015,2019X000,2019-01-01,Bunschoten-2019X000,"0,404"
Buren,0.31,0.27,1.1,0.12,0.001,2019X000,2019-01-01,Buren-2019X000,"0,27"
Capelle aan den IJssel,0.25,0.74,0.85,0.01,0.07,2019X000,2019-01-01,Capelle aan den IJssel-2019X000,"0,75"
Castricum,0.23,0.67,1.04,0.05,-0.01,2019X000,2019-01-01,Castricum-2019X000,"0,73"
Cranendonck,0.3,0.419,0.96,-0.006,-0.042,2019X000,2019-01-01,Cranendonck-2019X000,"0,431"
Culemborg,0.28,0.74,1.0,-0.01,0.033,2019X000,2019-01-01,Culemborg-2019X000,"0,97"
Dalfsen,0.59,0.25,0.87,0.32,0.002,2019X000,2019-01-01,Dalfsen-2019X000,"0,34"
De Bilt,0.142,0.8220000000000001,1.452,-0.066,0.004,2019X000,2019-01-01,De Bilt-2019X000,"0,829"
De Fryske Marren,0.275,0.551,0.887,0.187,0.002,2019X000,2019-01-01,De Fryske Marren-2019X000,"0,636"
De Ronde Venen,0.25,0.72,0.97,0.05,0.004,2019X000,2019-01-01,De Ronde Venen-2019X000,"0,74"
De Wolden,0.51,0.23,0.99,0.006,0.003,2019X000,2019-01-01,De Wolden-2019X000,"0,42"
Delft,0.233,0.742,1.182,0.011000000000000001,-0.006,2019X000,2019-01-01,Delft-2019X000,"0,995"
Den Haag,0.17,0.495,0.7759999999999999,0.024,-0.015,2019X000,2019-01-01,Den Haag-2019X000,"0,575"
Den Helder,0.19,0.39,1.02,0.04,-0.01,2019X000,2019-01-01,Den Helder-2019X000,"0,72"
Deurne,0.22,1.02,1.18,0.37,-0.01,2019X000,2019-01-01,Deurne-2019X000,"1,08"
Dijk en Waard,0.295,0.903,1.088,0.304,0.015,2019X000,2019-01-01,Dijk en Waard-2019X000,"0,94"
Dinkelland,0.307,0.172,1.05,0.106,0.031,2019X000,2019-01-01,Dinkelland-2019X000,"0,074"
Doesburg,0.746,-0.37,1.033,0.004,0.043,2019X000,2019-01-01,Doesburg-2019X000,"-0,252"
Dordrecht,0.46,0.53,0.95,0.05,-0.003,2019X000,2019-01-01,Dordrecht-2019X000,"0,59"
Dronten,0.68,-0.23,0.95,0.25,0.018000000000000002,2019X000,2019-01-01,Dronten-2019X000,"-0,29"
Druten,0.19,0.93,0.95,0.1,0.027999999999999997,2019X000,2019-01-01,Druten-2019X000,"1,18"
Duiven,0.33299999999999996,0.684,1.078,0.237,-0.005,2019X000,2019-01-01,Duiven-2019X000,"0,237"
Echt-Susteren,0.33,0.38299999999999995,1.05,0.005,0.003,2019X000,2019-01-01,Echt-Susteren-2019X000,"0,351"
Edam-Volendam,0.461,0.55,1.022,-0.035,0.001,2019X000,2019-01-01,Edam-Volendam-2019X000,"0,671"
Ede,0.21,0.62,0.93,0.36,-0.04,2019X000,2019-01-01,Ede-2019X000,"0,83"
Eemsdelta,0.71,1.78,3.45,0.18,-0.01,2019X000,2019-01-01,Eemsdelta-2019X000,"1,79"
Eersel,0.5820000000000001,0.027000000000000003,0.99,0.111,0.002,2019X000,2019-01-01,Eersel-2019X000,"0,034"
Emmen,0.021,1.182,1.044,0.076,-0.002,2019X000,2019-01-01,Emmen-2019X000,"1,309"
Enkhuizen,0.31,0.73,1.03,0.04,0.036000000000000004,2019X000,2019-01-01,Enkhuizen-2019X000,"0,89"
Epe,0.68,-0.004,0.95,-0.002,0.022000000000000002,2019X000,2019-01-01,Epe-2019X000,"0,048"
Ermelo,0.51,0.39799999999999996,0.93,-0.01,0.04,2019X000,2019-01-01,Ermelo-2019X000,"0,398"
Etten-Leur,0.26,0.57,0.94,0.04,-0.01,2019X000,2019-01-01,Etten-Leur-2019X000,"0,58"
Geertruidenberg,0.18600000000000003,0.366,1.04,0.006,0.002,2019X000,2019-01-01,Geertruidenberg-2019X000,"0,418"
Geldrop-Mierlo,0.37,0.44,0.8,0.21,-0.01,2019X000,2019-01-01,Geldrop-Mierlo-2019X000,"0,57"
Gennep,0.331,0.434,0.953,0.031,0.017,2019X000,2019-01-01,Gennep-2019X000,"0,434"
Gilze en Rijen,0.31,0.48,0.71,0.3,0.03,2019X000,2019-01-01,Gilze en Rijen-2019X000,"0,58"
Goeree-Overflakkee,0.157,0.785,0.997,0.013999999999999999,0.004,2019X000,2019-01-01,Goeree-Overflakkee-2019X000,"0,82"
Goirle,0.326,0.461,0.9229999999999999,-0.022000000000000002,0.002,2019X000,2019-01-01,Goirle-2019X000,"0,457"
Gooise Meren,0.262,0.6890000000000001,1.074,0.011000000000000001,-0.006999999999999999,2019X000,2019-01-01,Gooise Meren-2019X000,"0,69"
Gorinchem,0.198,1.193,1.035,0.332,0.012,2019X000,2019-01-01,Gorinchem-2019X000,"1,187"
Groningen,0.09,1.24,1.036,0.062,-0.005,2019X000,2019-01-01,Groningen-2019X000,"1,63"
Gulpen-Wittem,0.26,0.67,1.0,0.01,0.025,2019X000,2019-01-01,Gulpen-Wittem-2019X000,"0,88"
Haaksbergen,4.0,86.0,1.12,0.8,9.0,2019X000,2019-01-01,Haaksbergen-2019X000,102
Halderberge,0.14800000000000002,1.057,1.037,0.01,0.013999999999999999,2019X000,2019-01-01,Halderberge-2019X000,"1,109"
Harderwijk,0.4,0.52,0.87,0.42,0.037000000000000005,2019X000,2019-01-01,Harderwijk-2019X000,"0,53"
Harlingen,0.321,0.521,0.8420000000000001,0.065,0.07400000000000001,2019X000,2019-01-01,Harlingen-2019X000,"0,543"
Hattem,0.21,0.66,1.08,-0.023,-0.038,2019X000,2019-01-01,Hattem-2019X000,1
Heemskerk,0.52,0.39,1.05,-0.01,-0.02,2019X000,2019-01-01,Heemskerk-2019X000,"0,36"
Heerenveen,0.179,0.917,1.0590000000000002,0.18100000000000002,0.05,2019X000,2019-01-01,Heerenveen-2019X000,"0,918"
Heerlen,0.047,0.8340000000000001,0.9740000000000001,-0.012,0.012,2019X000,2019-01-01,Heerlen-2019X000,"0,829"
Heeze-Leende,0.24,0.48,1.2,0.01,0.07,2019X000,2019-01-01,Heeze-Leende-2019X000,"0,75"
Hellendoorn,0.07200000000000001,1.126,1.1079999999999999,0.10300000000000001,-0.009000000000000001,2019X000,2019-01-01,Hellendoorn-2019X000,"1,326"
Helmond,0.51,0.48200000000000004,1.042,0.39899999999999997,0.08,2019X000,2019-01-01,Helmond-2019X000,"0,482"
Hendrik-Ido-Ambacht,0.16,1.93,1.12,1.22,-0.01,2019X000,2019-01-01,Hendrik-Ido-Ambacht-2019X000,"2,02"
Hengelo,0.049,0.9520000000000001,0.966,0.261,0.001,2019X000,2019-01-01,Hengelo-2019X000,"2,248"
Het Hogeland,0.24,0.51,1.16,0.04,-0.03,2019X000,2019-01-01,Het Hogeland-2019X000,"0,58"
Heumen,0.35,0.22,1.12,0.021,0.016,2019X000,2019-01-01,Heumen-2019X000,"0,55"
Heusden,0.172,1.14,0.94,0.63,0.028999999999999998,2019X000,2019-01-01,Heusden-2019X000,"1,29"
Hillegom,0.757,0.001,1.06,-0.005,0.003,2019X000,2019-01-01,Hillegom-2019X000,"0,213"
Hilversum,0.25,0.78,1.03,0.01,0.006999999999999999,2019X000,2019-01-01,Hilversum-2019X000,"0,78"
Hoeksche Waard,0.39,0.61,0.9,0.03,-0.01,2019X000,2019-01-01,Hoeksche Waard-2019X000,"0,67"
Hof van Twente,0.5529999999999999,0.6459999999999999,1.09,0.11,0.011000000000000001,2019X000,2019-01-01,Hof van Twente-2019X000,"0,675"
Hoogeveen,0.15,0.81,0.9,0.8220000000000001,-0.7,2019X000,2019-01-01,Hoogeveen-2019X000,"0,84"
Hoorn,0.2,0.56,0.97,0.06,0.04,2019X000,2019-01-01,Hoorn-2019X000,"0,77"
Horst aan de Maas,0.31,0.55,1.0,0.04,-0.01,2019X000,2019-01-01,Horst aan de Maas-2019X000,"0,65"
Houten,0.27,0.77,0.97,0.13,0.002,2019X000,2019-01-01,Houten-2019X000,"0,8"
Huizen,0.77,-0.74,0.93,-0.01,-0.01,2019X000,2019-01-01,Huizen-2019X000,"-0,21"
Hulst,0.17,0.7829999999999999,1.089,0.125,-0.02,2019X000,2019-01-01,Hulst-2019X000,"0,799"
IJsselstein,0.348,0.258,1.136,-0.01,-0.03,2019X000,2019-01-01,IJsselstein-2019X000,"0,506"
Kaag en Braassem,0.27,0.91,1.23,0.15,0.06,2019X000,2019-01-01,Kaag en Braassem-2019X000,"0,99"
Katwijk,0.32,0.82,0.96,0.08,-0.01,2019X000,2019-01-01,Katwijk-2019X000,"0,91"
Kerkrade,0.111,0.7290000000000001,1.012,-0.003,0.001,2019X000,2019-01-01,Kerkrade-2019X000,"0,863"
Koggenland,0.616,0.055999999999999994,0.9590000000000001,0.171,-0.011000000000000001,2019X000,2019-01-01,Koggenland-2019X000,"0,056"
Krimpen aan den IJssel,0.22699999999999998,0.5660000000000001,1.146,0.124,-0.011000000000000001,2019X000,2019-01-01,Krimpen aan den IJssel-2019X000,"0,79"
Laarbeek,0.474,0.8290000000000001,0.9359999999999999,0.5579999999999999,-0.001,2019X000,2019-01-01,Laarbeek-2019X000,"0,663"
Land van Cuijk,0.336,0.857,0.953,0.201,-0.003,2019X000,2019-01-01,Land van Cuijk-2019X000,"0,883"
Landgraaf,0.348,0.209,1.006,0.033,0.002,2019X000,2019-01-01,Landgraaf-2019X000,"0,281"
Landsmeer,0.25,0.61,1.16,0.03,-0.015,2019X000,2019-01-01,Landsmeer-2019X000,"0,61"
Leeuwarden,0.048,0.856,0.94,0.24600000000000002,-0.004,2019X000,2019-01-01,Leeuwarden-2019X000,"0,856"
Leiden,0.287,1.135,1.06,-0.024,0.003,2019X000,2019-01-01,Leiden-2019X000,"1,151"
Leiderdorp,0.4,0.494,1.258,0.003,0.004,2019X000,2019-01-01,Leiderdorp-2019X000,"0,499"
Leidschendam-Voorburg,0.275,0.8320000000000001,1.016,0.14800000000000002,-0.006999999999999999,2019X000,2019-01-01,Leidschendam-Voorburg-2019X000,"0,861"
Lelystad,0.17,0.79,1.04,0.27,0.008,2019X000,2019-01-01,Lelystad-2019X000,"0,74"
Lingewaard,0.33,0.57,1.143,0.195,-0.011000000000000001,2019X000,2019-01-01,Lingewaard-2019X000,"0,66"
Losser,0.309,0.336,1.1059999999999999,0.019,0.004,2019X000,2019-01-01,Losser-2019X000,"0,419"
Maasgouw,0.386,0.7509999999999999,0.846,0.024,0.023,2019X000,2019-01-01,Maasgouw-2019X000,"0,761"
Maashorst,0.40399999999999997,0.522,0.9670000000000001,0.26,0.013999999999999999,2019X000,2019-01-01,Maashorst-2019X000,"0,58"
Maassluis,0.285,0.629,1.11,0.115,0.008,2019X000,2019-01-01,Maassluis-2019X000,"0,694"
Midden-Delfland,0.512,0.38,1.199,0.135,-0.001,2019X000,2019-01-01,Midden-Delfland-2019X000,"0,415"
Midden-Drenthe,0.28,0.86,0.978,0.24,0.013000000000000001,2019X000,2019-01-01,Midden-Drenthe-2019X000,"0,92"
Midden-Groningen,0.152,0.491,0.968,0.068,-0.001,2019X000,2019-01-01,Midden-Groningen-2019X000,"0,518"
Molenlanden,0.397,0.49,1.07,0.09699999999999999,0.04,2019X000,2019-01-01,Molenlanden-2019X000,"0,52"
Montferland,0.24,0.86,1.07,0.09,0.002,2019X000,2019-01-01,Montferland-2019X000,"0,97"
Neder-Betuwe,0.35,0.55,1.15,0.03,0.004,2019X000,2019-01-01,Neder-Betuwe-2019X000,"0,56"
Nieuwegein,0.31,0.84,0.91,0.017,0.064,2019X000,2019-01-01,Nieuwegein-2019X000,"0,87"
Nieuwkoop,0.512,0.321,1.249,0.462,0.006,2019X000,2019-01-01,Nieuwkoop-2019X000,"0,334"
Nijmegen,0.08,0.62,1.03,0.36,-0.003,2019X000,2019-01-01,Nijmegen-2019X000,"0,89"
Nissewaard,0.091,0.9490000000000001,0.96,0.124,0.015,2019X000,2019-01-01,Nissewaard-2019X000,"1,056"
Noord-Beveland,0.436,0.535,0.938,0.15,-0.003,2019X000,2019-01-01,Noord-Beveland-2019X000,"0,581"
Noordenveld,0.34,0.55,0.97,0.1,0.03,2019X000,2019-01-01,Noordenveld-2019X000,"0,55"
Noordoostpolder,0.62,0.22,0.982,0.09,0.006,2019X000,2019-01-01,Noordoostpolder-2019X000,"0,22"
Noordwijk,0.499,0.43700000000000006,1.113,0.319,0.002,2019X000,2019-01-01,Noordwijk-2019X000,"0,53"
Nunspeet,0.674,0.373,0.8009999999999999,0.242,-0.026000000000000002,2019X000,2019-01-01,Nunspeet-2019X000,"0,373"
Oegstgeest,0.205,1.002,1.27,0.03,-0.001,2019X000,2019-01-01,Oegstgeest-2019X000,"1,011"
Oirschot,0.374,0.593,1.069,-0.021,-0.01,2019X000,2019-01-01,Oirschot-2019X000,"0,619"
Oisterwijk,0.418,0.778,1.5830000000000002,0.21600000000000003,0.005,2019X000,2019-01-01,Oisterwijk-2019X000,"0,84"
Oldambt,0.27,0.539,1.125,0.24,0.07,2019X000,2019-01-01,Oldambt-2019X000,"0,655"
Olst-Wijhe,0.22399999999999998,0.7490000000000001,1.095,0.207,0.002,2019X000,2019-01-01,Olst-Wijhe-2019X000,"0,936"
Oost Gelre,0.036000000000000004,0.71,0.71,0.08,0.001,2019X000,2019-01-01,Oost Gelre-2019X000,"0,83"
Oosterhout,0.5720000000000001,0.361,0.976,0.85,0.013999999999999999,2019X000,2019-01-01,Oosterhout-2019X000,"0,359"
Oss,0.425,0.242,0.955,0.154,0.002,2019X000,2019-01-01,Oss-2019X000,"0,35"
Ouder-Amstel,0.62,-0.07,1.14,-0.03,-0.006,2019X000,2019-01-01,Ouder-Amstel-2019X000,"-0,07"
Overbetuwe,0.23,0.94,0.86,0.124,0.008,2019X000,2019-01-01,Overbetuwe-2019X000,"1,03"
Papendrecht,0.26,0.903,0.89,0.121,0.008,2019X000,2019-01-01,Papendrecht-2019X000,"1,124"
Pekela,0.298,0.368,0.0,0.052000000000000005,-0.01,2019X000,2019-01-01,Pekela-2019X000,"0,372"
Pijnacker-Nootdorp,0.37,0.57,0.99,0.13,0.003,2019X000,2019-01-01,Pijnacker-Nootdorp-2019X000,"0,57"
Purmerend,0.198,0.879,1.114,0.061,-0.002,2019X000,2019-01-01,Purmerend-2019X000,"0,91"
Putten,0.69,-0.15,0.75,0.1,-0.012,2019X000,2019-01-01,Putten-2019X000,"0,05"
Raalte,0.27,0.97,0.98,0.22,0.006,2019X000,2019-01-01,Raalte-2019X000,"1,06"
Reimerswaal,0.44,0.47,1.09,0.07,0.03,2019X000,2019-01-01,Reimerswaal-2019X000,"0,51"
Renswoude,0.552,0.45899999999999996,1.075,0.11900000000000001,0.027000000000000003,2019X000,2019-01-01,Renswoude-2019X000,"0,493"
Rheden,0.196,0.79,0.9,0.006,-0.034,2019X000,2019-01-01,Rheden-2019X000,"0,807"
Rijssen-Holten,0.41,0.67,0.8390000000000001,0.14,0.008,2019X000,2019-01-01,Rijssen-Holten-2019X000,"0,73"
Rijswijk,0.12,1.206,0.96,0.52,0.013999999999999999,2019X000,2019-01-01,Rijswijk-2019X000,"1,209"
Roerdalen,0.466,0.04,0.9570000000000001,0.002,-0.003,2019X000,2019-01-01,Roerdalen-2019X000,"0,06"
Rotterdam,0.235,0.622,1.03,-0.071,0.012,2019X000,2019-01-01,Rotterdam-2019X000,"0,689"
Rucphen,0.456,0.765,0.986,0.20199999999999999,0.002,2019X000,2019-01-01,Rucphen-2019X000,"0,729"
Schiedam,0.156,1.46,1.088,0.004,0.021,2019X000,2019-01-01,Schiedam-2019X000,"1,568"
Schouwen-Duiveland,0.298,0.48200000000000004,1.199,0.031,-0.005,2019X000,2019-01-01,Schouwen-Duiveland-2019X000,"0,515"
Sint-Michielsgestel,0.42200000000000004,0.105,0.991,0.042,0.006999999999999999,2019X000,2019-01-01,Sint-Michielsgestel-2019X000,"0,175"
Sittard-Geleen,0.09,1.23,1.08,0.04,-0.01,2019X000,2019-01-01,Sittard-Geleen-2019X000,"1,28"
Sluis,0.15,1.06,1.03,-0.02,0.04,2019X000,2019-01-01,Sluis-2019X000,"1,06"
Soest,0.48,0.26,0.91,0.05,0.008,2019X000,2019-01-01,Soest-2019X000,"0,26"
Someren,0.8009999999999999,-0.29,0.932,0.16699999999999998,0.003,2019X000,2019-01-01,Someren-2019X000,"-0,244"
Stadskanaal,0.424,0.20199999999999999,0.8859999999999999,0.011000000000000001,-0.017,2019X000,2019-01-01,Stadskanaal-2019X000,"0,242"
Steenwijkerland,0.27,0.43,0.84,0.14,-0.02,2019X000,2019-01-01,Steenwijkerland-2019X000,"0,51"
Stein,0.25,1.0,1.03,0.005,0.03,2019X000,2019-01-01,Stein-2019X000,"1,08"
Stichtse Vecht,0.23,0.73,1.101,-0.01,-0.006,2019X000,2019-01-01,Stichtse Vecht-2019X000,"0,75"
Súdwest-Fryslân,0.124,0.636,0.9390000000000001,0.052000000000000005,-0.004,2019X000,2019-01-01,Súdwest-Fryslân-2019X000,"0,753"
Terneuzen,0.179,1.022,1.018,0.07,-0.019,2019X000,2019-01-01,Terneuzen-2019X000,"1,028"
Texel,0.2,0.28,0.91,0.01,0.03,2019X000,2019-01-01,Texel-2019X000,"0,35"
Teylingen,0.58,-0.13,0.878,0.042,0.012,2019X000,2019-01-01,Teylingen-2019X000,"0,513"
Tholen,0.14,0.8,0.97,0.31,0.5,2019X000,2019-01-01,Tholen-2019X000,"0,96"
Tiel,0.21,0.84,0.97,0.03,-0.011000000000000001,2019X000,2019-01-01,Tiel-2019X000,"0,91"
Tubbergen,0.32799999999999996,-0.175,0.94,0.002,-0.027999999999999997,2019X000,2019-01-01,Tubbergen-2019X000,"-0,201"
Twenterand,0.24600000000000002,0.35200000000000004,0.97,0.07,-0.013000000000000001,2019X000,2019-01-01,Twenterand-2019X000,"0,408"
Tytsjerksteradiel,0.198,0.41,1.0859999999999999,0.048,-0.008,2019X000,2019-01-01,Tytsjerksteradiel-2019X000,"0,452"
Uitgeest,0.37,0.26,,,-0.01,2019X000,2019-01-01,Uitgeest-2019X000,"0,22"
Urk,0.31,1.0,1.23,0.49,0.001,2019X000,2019-01-01,Urk-2019X000,"1,06"
Utrecht,0.25,0.85,0.996,0.055999999999999994,0.001,2019X000,2019-01-01,Utrecht-2019X000,"0,89"
Utrechtse Heuvelrug,0.081,1.325,1.235,0.003,-0.005,2019X000,2019-01-01,Utrechtse Heuvelrug-2019X000,"1,442"
Vaals,0.2,0.83,1.03,0.07,-0.02,2019X000,2019-01-01,Vaals-2019X000,"0,84"
Valkenswaard,0.21,0.82,1.05,0.13,0.03,2019X000,2019-01-01,Valkenswaard-2019X000,"0,82"
Veendam,0.493,0.188,0.943,0.17300000000000001,0.11199999999999999,2019X000,2019-01-01,Veendam-2019X000,"0,201"
Veenendaal,0.28,0.7,0.8,0.021,-0.005,2019X000,2019-01-01,Veenendaal-2019X000,"0,75"
Veldhoven,0.26,1.28,0.85,0.7,-0.02,2019X000,2019-01-01,Veldhoven-2019X000,"1,29"
Velsen,0.165,1.047,1.079,0.031,0.017,2019X000,2019-01-01,Velsen-2019X000,"1,066"
Venlo,0.19,0.53,1.05,0.02,0.012,2019X000,2019-01-01,Venlo-2019X000,"0,6"
Vlaardingen,0.19899999999999998,1.075,1.033,0.052000000000000005,0.013999999999999999,2019X000,2019-01-01,Vlaardingen-2019X000,"1,101"
Vlissingen,-0.67,1.06,1.19,0.033,-0.01,2019X000,2019-01-01,Vlissingen-2019X000,"1,06"
Voorne aan Zee,0.41700000000000004,0.723,0.971,0.154,-0.003,2019X000,2019-01-01,Voorne aan Zee-2019X000,"0,778"
Voorst,0.27,0.58,1.03,0.09,-0.004,2019X000,2019-01-01,Voorst-2019X000,"0,6"
Vught,0.474,0.805,1.702,-0.004,0.012,2019X000,2019-01-01,Vught-2019X000,"0,85"
Waalwijk,0.28300000000000003,1.369,0.818,0.159,0.026000000000000002,2019X000,2019-01-01,Waalwijk-2019X000,"1,696"
Wageningen,0.306,0.529,1.05,0.009000000000000001,-0.01,2019X000,2019-01-01,Wageningen-2019X000,"0,57"
Wassenaar,0.67,-0.52,1.6,,-0.019,2019X000,2019-01-01,Wassenaar-2019X000,"-0,47"
Weert,0.33799999999999997,0.6609999999999999,1.044,0.21,-0.01,2019X000,2019-01-01,Weert-2019X000,"0,778"
West Betuwe,0.32,0.87,1.262,0.29,0.001,2019X000,2019-01-01,West Betuwe-2019X000,"0,9"
West Maas en Waal,0.23,0.44,1.0,0.06,-0.03,2019X000,2019-01-01,West Maas en Waal-2019X000,"0,45"
Westerkwartier,0.131,1.089,1.073,0.242,0.021,2019X000,2019-01-01,Westerkwartier-2019X000,"1,089"
Westervoort,0.2,0.61,1.02,0.02,0.003,2019X000,2019-01-01,Westervoort-2019X000,"0,6"
Westland,0.34,1.213,1.0290000000000001,0.618,0.012,2019X000,2019-01-01,Westland-2019X000,"1,28"
Weststellingwerf,0.214,0.726,0.9109999999999999,0.298,-0.012,2019X000,2019-01-01,Weststellingwerf-2019X000,"0,751"
Wierden,0.239,0.5489999999999999,1.083,0.263,-0.006,2019X000,2019-01-01,Wierden-2019X000,"0,547"
Wijdemeren,0.3,0.62,1.4,0.06,-0.03,2019X000,2019-01-01,Wijdemeren-2019X000,"0,59"
Winterswijk,0.39,0.767,1.103,0.087,0.004,2019X000,2019-01-01,Winterswijk-2019X000,"0,807"
Woensdrecht,0.366,0.19,0.9590000000000001,0.021,0.011000000000000001,2019X000,2019-01-01,Woensdrecht-2019X000,"0,226"
Woudenberg,0.298,0.47200000000000003,1.035,0.17800000000000002,0.017,2019X000,2019-01-01,Woudenberg-2019X000,"0,472"
Zaanstad,0.13,1.27,1.17,0.055,-0.018000000000000002,2019X000,2019-01-01,Zaanstad-2019X000,"1,37"
Zandvoort,0.23,1.0,0.97,0.1,0.05,2019X000,2019-01-01,Zandvoort-2019X000,"1,02"
Zeewolde,0.64,-0.56,1.02,0.7,0.06,2019X000,2019-01-01,Zeewolde-2019X000,"-0,51"
Zeist,0.657,0.02,0.8959999999999999,-0.02,0.031,2019X000,2019-01-01,Zeist-2019X000,"0,071"
Zevenaar,0.2,1.03,0.99,0.36,0.06,2019X000,2019-01-01,Zevenaar-2019X000,"1,15"
Zoetermeer,0.522,0.20800000000000002,1.0,0.055999999999999994,-0.017,2019X000,2019-01-01,Zoetermeer-2019X000,"0,231"
Zuidplas,0.22,0.91,1.11,0.11,0.003,2019X000,2019-01-01,Zuidplas-2019X000,"1,03"
Zutphen,0.20199999999999999,0.8590000000000001,0.889,0.337,0.11,2019X000,2019-01-01,Zutphen-2019X000,"1,038"
Zwartewaterland,0.26,1.2,1.16,0.23,0.055,2019X000,2019-01-01,Zwartewaterland-2019X000,"1,3"
Zwijndrecht,0.2,1.0,1.16,0.11,-0.006999999999999999,2019X000,2019-01-01,Zwijndrecht-2019X000,"1,06"
's-Hertogenbosch,0.5329999999999999,0.24,0.8,0.039,-0.7,2019X005,2019-01-01,'s-Hertogenbosch-2019X005,"0,463"
Aa en Hunze,0.57,0.08800000000000001,0.89,0.14,-0.01,2019X005,2019-01-01,Aa en Hunze-2019X005,"0,13"
Aalten,0.319,0.255,0.754,0.031,-0.015,2019X005,2019-01-01,Aalten-2019X005,"0,426"
Achtkarspelen,0.24,0.498,1.024,0.027999999999999997,-0.01,2019X005,2019-01-01,Achtkarspelen-2019X005,"0,574"
Alblasserdam,0.2,0.9,1.04,0.09,-0.04,2019X005,2019-01-01,Alblasserdam-2019X005,"0,98"
Albrandswaard,0.19,0.71,1.226,0.15,0.015,2019X005,2019-01-01,Albrandswaard-2019X005,"0,77"
Alkmaar,0.212,0.9670000000000001,0.82,0.053,0.001,2019X005,2019-01-01,Alkmaar-2019X005,"0,992"
Almelo,0.13,1.45,2.17,0.33,-0.02,2019X005,2019-01-01,Almelo-2019X005,"1,65"
Almere,0.306,0.528,1.09,0.391,-0.008,2019X005,2019-01-01,Almere-2019X005,"0,565"
Alphen aan den Rijn,0.53,0.304,0.005,0.14400000000000002,0.008,2019X005,2019-01-01,Alphen aan den Rijn-2019X005,"0,379"
Altena,0.32,0.611,0.902,0.14,0.013999999999999999,2019X005,2019-01-01,Altena-2019X005,"0,669"
Ameland,0.335,0.851,0.8759999999999999,0.03,,2019X005,2019-01-01,Ameland-2019X005,"0,851"
Amersfoort,0.27,0.51,1.01,0.192,0.012,2019X005,2019-01-01,Amersfoort-2019X005,"0,52"
Amstelveen,0.61,-0.012,1.0,-0.012,0.04,2019X005,2019-01-01,Amstelveen-2019X005,"0,01"
Amsterdam,0.364,0.809,0.519,-0.037000000000000005,0.003,2019X005,2019-01-01,Amsterdam-2019X005,"0,847"
Apeldoorn,0.17,0.8340000000000001,0.9620000000000001,0.067,1.96,2019X005,2019-01-01,Apeldoorn-2019X005,"0,92"
Assen,0.003,0.009000000000000001,0.009000000000000001,0.001,-0.001,2019X005,2019-01-01,Assen-2019X005,"0,009"
Asten,0.6,-0.31,0.9,0.08,-0.005,2019X005,2019-01-01,Asten-2019X005,"-0,25"
Baarn,,,1.07,,-0.027999999999999997,2019X005,2019-01-01,Baarn-2019X005,
Barendrecht,0.19,1.23,1.04,0.08,-0.3,2019X005,2019-01-01,Barendrecht-2019X005,"1,25"
Beek,0.556,-0.192,1.05,0.019,0.002,2019X005,2019-01-01,Beek-2019X005,"-0,215"
Beekdaelen,0.606,-0.046,1.112,0.03,0.046,2019X005,2019-01-01,Beekdaelen-2019X005,"-0,071"
Beesel,0.64,-0.14,0.75,-0.07,0.05,2019X005,2019-01-01,Beesel-2019X005,"-0,15"
Berg en Dal,0.47,0.3,0.97,0.02,-0.03,2019X005,2019-01-01,Berg en Dal-2019X005,"0,44"
Bergeijk,0.392,0.39799999999999996,0.95,0.271,0.011000000000000001,2019X005,2019-01-01,Bergeijk-2019X005,"0,405"
Bergen (L.),0.44,0.195,0.861,0.052000000000000005,0.065,2019X005,2019-01-01,Bergen (L.)-2019X005,"0,198"
Bergen op Zoom,,,1.1079999999999999,,-0.008,2019X005,2019-01-01,Bergen op Zoom-2019X005,
Berkelland,0.532,0.037000000000000005,1.252,0.054000000000000006,0.067,2019X005,2019-01-01,Berkelland-2019X005,"0,411"
Bernheze,0.37,0.415,0.955,0.152,0.013000000000000001,2019X005,2019-01-01,Bernheze-2019X005,"0,451"
Beuningen,0.065,0.7,1.1,0.27,0.019,2019X005,2019-01-01,Beuningen-2019X005,"0,79"
Bladel,0.29,0.68,0.93,0.07,0.04,2019X005,2019-01-01,Bladel-2019X005,"0,7"
Blaricum,0.606,-0.5479999999999999,1.6219999999999999,0.03,0.005,2019X005,2019-01-01,Blaricum-2019X005,"-0,523"
Bodegraven-Reeuwijk,0.094,1.514,1.413,0.166,0.006999999999999999,2019X005,2019-01-01,Bodegraven-Reeuwijk-2019X005,"1,532"
Boekel,0.27399999999999997,0.578,1.111,0.162,0.023,2019X005,2019-01-01,Boekel-2019X005,"0,583"
Borger-Odoorn,0.297,0.504,1.1,0.048,0.03,2019X005,2019-01-01,Borger-Odoorn-2019X005,"0,555"
Boxtel,0.061,0.001,1.129,0.039,-0.017,2019X005,2019-01-01,Boxtel-2019X005,"0,011"
Breda,0.17600000000000002,0.46299999999999997,1.015,0.062,-0.006,2019X005,2019-01-01,Breda-2019X005,"0,715"
Bronckhorst,0.617,-0.055,1.12,0.022000000000000002,-0.062,2019X005,2019-01-01,Bronckhorst-2019X005,"0,06"
Brummen,0.044000000000000004,1.3230000000000002,1.0070000000000001,0.257,-0.068,2019X005,2019-01-01,Brummen-2019X005,"1,227"
Brunssum,0.66,-0.068,1.047,0.053,-0.009000000000000001,2019X005,2019-01-01,Brunssum-2019X005,"0,012"
Bunnik,0.616,0.002,1.341,-0.022000000000000002,-0.013000000000000001,2019X005,2019-01-01,Bunnik-2019X005,"0,002"
Bunschoten,0.265,0.46399999999999997,0.7829999999999999,0.225,-0.002,2019X005,2019-01-01,Bunschoten-2019X005,"0,552"
Buren,0.34,0.11,1.03,0.15,0.04,2019X005,2019-01-01,Buren-2019X005,"0,11"
Coevorden,0.31,0.64,0.86,0.13,0.2,2019X005,2019-01-01,Coevorden-2019X005,"0,69"
Cranendonck,0.281,0.529,1.04,-0.05,-0.033,2019X005,2019-01-01,Cranendonck-2019X005,"0,563"
Culemborg,0.312,0.51,1.05,0.10400000000000001,-0.006,2019X005,2019-01-01,Culemborg-2019X005,"0,86"
Dalfsen,0.53,0.16,0.87,-0.064,0.19,2019X005,2019-01-01,Dalfsen-2019X005,"0,23"
Dantumadiel,0.13,0.48,0.93,0.04,-0.06,2019X005,2019-01-01,Dantumadiel-2019X005,"0,45"
De Bilt,0.18100000000000002,0.737,1.3330000000000002,0.027999999999999997,0.019,2019X005,2019-01-01,De Bilt-2019X005,"0,74"
De Fryske Marren,0.265,0.526,0.9359999999999999,0.16699999999999998,0.009000000000000001,2019X005,2019-01-01,De Fryske Marren-2019X005,"0,583"
De Ronde Venen,0.25,0.78,0.77,0.19,-0.016,2019X005,2019-01-01,De Ronde Venen-2019X005,"0,8"
De Wolden,0.59,0.1,0.99,0.001,0.003,2019X005,2019-01-01,De Wolden-2019X005,"0,28"
Delft,0.261,0.631,1.182,0.4,0.7,2019X005,2019-01-01,Delft-2019X005,"0,849"
Den Haag,0.175,0.539,0.7609999999999999,0.016,-0.016,2019X005,2019-01-01,Den Haag-2019X005,"0,609"
Deurne,0.221,0.34700000000000003,1.14,-0.057999999999999996,0.051,2019X005,2019-01-01,Deurne-2019X005,"0,353"
Deventer,0.18,0.66,0.93,0.15,0.019,2019X005,2019-01-01,Deventer-2019X005,"0,76"
Diemen,0.21,0.4,1.06,-0.03,1.72,2019X005,2019-01-01,Diemen-2019X005,"0,43"
Dijk en Waard,0.313,0.696,1.109,0.307,-0.109,2019X005,2019-01-01,Dijk en Waard-2019X005,"0,726"
Dinkelland,0.45,0.31,1.04,0.062,0.026000000000000002,2019X005,2019-01-01,Dinkelland-2019X005,"0,245"
Doesburg,0.778,-0.258,1.018,0.012,0.057999999999999996,2019X005,2019-01-01,Doesburg-2019X005,"-0,112"
Doetinchem,0.18,0.71,0.97,0.16,0.026000000000000002,2019X005,2019-01-01,Doetinchem-2019X005,"0,76"
Dongen,0.10099999999999999,1.0,0.95,0.273,-0.054000000000000006,2019X005,2019-01-01,Dongen-2019X005,"1,09"
Dordrecht,0.51,0.54,0.95,0.07,0.002,2019X005,2019-01-01,Dordrecht-2019X005,"0,58"
Drechterland,0.55,0.13,1.09,0.22,-0.05,2019X005,2019-01-01,Drechterland-2019X005,"0,29"
Druten,0.24,0.67,0.95,0.09,0.78,2019X005,2019-01-01,Druten-2019X005,"0,86"
Duiven,,,1.016,,-0.022000000000000002,2019X005,2019-01-01,Duiven-2019X005,
Echt-Susteren,0.38,0.457,1.06,0.002,0.025,2019X005,2019-01-01,Echt-Susteren-2019X005,"0,428"
Edam-Volendam,0.618,0.131,0.972,-0.098,0.043,2019X005,2019-01-01,Edam-Volendam-2019X005,"0,255"
Ede,0.272,0.45399999999999996,0.93,0.34,-0.02,2019X005,2019-01-01,Ede-2019X005,"0,655"
Eemnes,0.262,0.968,1.238,0.063,-0.016,2019X005,2019-01-01,Eemnes-2019X005,"1,273"
Eemsdelta,0.82,1.0979999999999999,3.417,0.092,-0.061,2019X005,2019-01-01,Eemsdelta-2019X005,"1,287"
Eersel,0.551,-0.33299999999999996,0.97,0.023,-0.011000000000000001,2019X005,2019-01-01,Eersel-2019X005,"-0,31"
Emmen,0.042,1.095,1.0490000000000002,0.084,-0.001,2019X005,2019-01-01,Emmen-2019X005,"1,27"
Epe,0.78,-0.132,0.92,-0.005,0.067,2019X005,2019-01-01,Epe-2019X005,"-0,073"
Ermelo,0.49,-0.15,0.99,-0.01,-0.03,2019X005,2019-01-01,Ermelo-2019X005,"-0,15"
Etten-Leur,0.22,0.52,0.9,0.04,-0.04,2019X005,2019-01-01,Etten-Leur-2019X005,"0,54"
Geertruidenberg,0.215,0.408,1.04,-0.009000000000000001,-0.001,2019X005,2019-01-01,Geertruidenberg-2019X005,"0,446"
Gemert-Bakel,0.078,0.845,1.02,0.36,0.06,2019X005,2019-01-01,Gemert-Bakel-2019X005,"1,25"
Goeree-Overflakkee,0.235,0.44,0.995,-0.005,0.032,2019X005,2019-01-01,Goeree-Overflakkee-2019X005,"0,536"
Goirle,0.344,0.521,0.9790000000000001,-0.085,-0.08,2019X005,2019-01-01,Goirle-2019X005,"0,517"
Gooise Meren,0.25,0.64,1.09,0.04,-0.006,2019X005,2019-01-01,Gooise Meren-2019X005,"0,64"
Gorinchem,0.21899999999999997,1.085,1.012,0.525,-0.006,2019X005,2019-01-01,Gorinchem-2019X005,"1,092"
Gouda,0.171,0.9690000000000001,1.365,0.07,0.087,2019X005,2019-01-01,Gouda-2019X005,"0,973"
Groningen,0.115,1.1059999999999999,1.088,0.07,0.009000000000000001,2019X005,2019-01-01,Groningen-2019X005,"1,475"
Haaksbergen,-0.003,0.87,1.12,-0.013000000000000001,0.08800000000000001,2019X005,2019-01-01,Haaksbergen-2019X005,"1,02"
Haarlem,0.18,0.88,1.12,0.03,0.89,2019X005,2019-01-01,Haarlem-2019X005,"0,89"
Haarlemmermeer,0.348,0.88,1.0190000000000001,0.22,0.031,2019X005,2019-01-01,Haarlemmermeer-2019X005,"0,97"
Halderberge,0.188,0.763,1.037,0.053,0.006999999999999999,2019X005,2019-01-01,Halderberge-2019X005,"0,806"
Harderwijk,0.33,0.48100000000000004,0.88,0.41,0.001,2019X005,2019-01-01,Harderwijk-2019X005,"0,499"
Hardinxveld-Giessendam,0.27,0.732,1.0979999999999999,0.155,-0.018000000000000002,2019X005,2019-01-01,Hardinxveld-Giessendam-2019X005,"0,734"
Harlingen,0.306,0.727,0.872,0.032,-0.02,2019X005,2019-01-01,Harlingen-2019X005,"0,741"
Hattem,0.23,0.63,1.08,-0.013999999999999999,-0.006999999999999999,2019X005,2019-01-01,Hattem-2019X005,"0,92"
Heerenveen,0.212,0.607,1.03,0.102,-0.01,2019X005,2019-01-01,Heerenveen-2019X005,"0,608"
Heerlen,0.044000000000000004,0.738,0.9740000000000001,0.001,-0.039,2019X005,2019-01-01,Heerlen-2019X005,"0,732"
Heeze-Leende,0.26,0.2,1.15,0.01,0.06,2019X005,2019-01-01,Heeze-Leende-2019X005,"0,42"
Heiloo,0.25,0.7,1.03,0.18,-0.04,2019X005,2019-01-01,Heiloo-2019X005,"0,7"
Hellendoorn,0.08,1.222,1.071,0.078,-0.028999999999999998,2019X005,2019-01-01,Hellendoorn-2019X005,"1,293"
Helmond,0.48200000000000004,0.302,1.018,0.376,0.044000000000000004,2019X005,2019-01-01,Helmond-2019X005,"0,361"
Hengelo,0.078,0.883,0.961,0.276,0.005,2019X005,2019-01-01,Hengelo-2019X005,"2,078"
Heumen,0.25,0.3,1.09,0.013999999999999999,0.006999999999999999,2019X005,2019-01-01,Heumen-2019X005,"0,53"
Heusden,0.19,0.9,0.92,0.48,0.036000000000000004,2019X005,2019-01-01,Heusden-2019X005,"1,04"
Hillegom,0.765,-0.085,1.06,0.07200000000000001,0.019,2019X005,2019-01-01,Hillegom-2019X005,"0,085"
Hilvarenbeek,0.28,0.48,0.85,0.08,-0.01,2019X005,2019-01-01,Hilvarenbeek-2019X005,"0,55"
Hilversum,0.25,0.78,1.04,0.03,-0.02,2019X005,2019-01-01,Hilversum-2019X005,"0,8"
Hof van Twente,0.609,0.36200000000000004,1.078,0.040999999999999995,0.001,2019X005,2019-01-01,Hof van Twente-2019X005,"0,393"
Hoogeveen,0.11,0.8,0.9,0.08900000000000001,-0.024,2019X005,2019-01-01,Hoogeveen-2019X005,"0,82"
Hoorn,0.258,0.41600000000000004,0.95,0.01,0.001,2019X005,2019-01-01,Hoorn-2019X005,"0,605"
Houten,0.28,0.77,0.99,0.2,-0.08,2019X005,2019-01-01,Houten-2019X005,"0,81"
Huizen,0.7,-0.73,0.96,0.03,-0.06,2019X005,2019-01-01,Huizen-2019X005,"-0,24"
Hulst,0.23,0.5670000000000001,1.089,0.8340000000000001,0.001,2019X005,2019-01-01,Hulst-2019X005,"0,576"
IJsselstein,0.3,0.21899999999999997,1.115,-0.011000000000000001,-0.006,2019X005,2019-01-01,IJsselstein-2019X005,"0,462"
Kaag en Braassem,0.26,0.69,1.19,0.14,0.08,2019X005,2019-01-01,Kaag en Braassem-2019X005,"0,77"
Kampen,0.128,0.7190000000000001,0.823,0.12,-0.032,2019X005,2019-01-01,Kampen-2019X005,"0,76"
Kerkrade,0.13699999999999998,0.644,1.012,-0.006,-0.008,2019X005,2019-01-01,Kerkrade-2019X005,"0,79"
Koggenland,,,0.9640000000000001,,,2019X005,2019-01-01,Koggenland-2019X005,
Krimpen aan den IJssel,0.195,0.451,1.018,0.036000000000000004,-0.04,2019X005,2019-01-01,Krimpen aan den IJssel-2019X005,"0,685"
Krimpenerwaard,0.37,0.29,1.09,0.04,0.018000000000000002,2019X005,2019-01-01,Krimpenerwaard-2019X005,"0,34"
Laarbeek,0.467,0.483,0.897,0.45299999999999996,-0.03,2019X005,2019-01-01,Laarbeek-2019X005,"0,484"
Land van Cuijk,0.365,0.588,0.995,0.133,0.031,2019X005,2019-01-01,Land van Cuijk-2019X005,"0,611"
Landgraaf,0.442,0.11699999999999999,1.013,0.03,-0.017,2019X005,2019-01-01,Landgraaf-2019X005,"0,18"
Landsmeer,0.28,0.64,1.13,0.03,-0.01,2019X005,2019-01-01,Landsmeer-2019X005,"0,64"
Lansingerland,0.31,0.98,1.02,0.55,-0.01,2019X005,2019-01-01,Lansingerland-2019X005,1
Leeuwarden,0.094,0.7829999999999999,0.94,0.24100000000000002,0.009000000000000001,2019X005,2019-01-01,Leeuwarden-2019X005,"0,783"
Leiden,0.36200000000000004,0.879,1.137,0.013000000000000001,0.009000000000000001,2019X005,2019-01-01,Leiden-2019X005,"0,894"
Leidschendam-Voorburg,0.374,0.7040000000000001,0.998,0.182,0.003,2019X005,2019-01-01,Leidschendam-Voorburg-2019X005,"0,731"
Leudal,0.44,0.49,0.94,0.06,0.04,2019X005,2019-01-01,Leudal-2019X005,"0,51"
Leusden,0.442,0.08900000000000001,0.8390000000000001,0.079,-0.013000000000000001,2019X005,2019-01-01,Leusden-2019X005,"0,108"
Lingewaard,0.3,0.37,1.094,0.047,-0.047,2019X005,2019-01-01,Lingewaard-2019X005,"0,42"
Lochem,0.42,0.16,1.04,0.1,0.03,2019X005,2019-01-01,Lochem-2019X005,"0,21"
Loon op Zand,0.213,0.493,1.12,0.096,-0.02,2019X005,2019-01-01,Loon op Zand-2019X005,"0,616"
Losser,0.299,0.396,1.077,0.109,0.078,2019X005,2019-01-01,Losser-2019X005,"0,47"
Maasdriel,,,1.028,,0.038,2019X005,2019-01-01,Maasdriel-2019X005,
Maasgouw,0.506,0.32899999999999996,0.909,0.003,-0.036000000000000004,2019X005,2019-01-01,Maasgouw-2019X005,"0,359"
Maashorst,0.462,0.32299999999999995,0.96,0.231,0.001,2019X005,2019-01-01,Maashorst-2019X005,"0,392"
Maastricht,0.23,0.51,1.04,0.02,-0.01,2019X005,2019-01-01,Maastricht-2019X005,"0,64"
Medemblik,0.47,0.08,1.08,0.04,-0.03,2019X005,2019-01-01,Medemblik-2019X005,"0,14"
Meierijstad,0.33899999999999997,0.51,0.9740000000000001,0.032,0.49700000000000005,2019X005,2019-01-01,Meierijstad-2019X005,"0,549"
Meppel,0.08,0.9,0.82,0.17,-0.02,2019X005,2019-01-01,Meppel-2019X005,"1,02"
Middelburg,0.16,0.95,0.99,0.38,-0.02,2019X005,2019-01-01,Middelburg-2019X005,"1,01"
Midden-Delfland,0.395,0.9670000000000001,1.196,0.01,0.147,2019X005,2019-01-01,Midden-Delfland-2019X005,"0,998"
Midden-Drenthe,0.41,0.43,0.96,0.19,0.025,2019X005,2019-01-01,Midden-Drenthe-2019X005,"0,46"
Midden-Groningen,0.11900000000000001,0.591,0.946,0.043,-0.02,2019X005,2019-01-01,Midden-Groningen-2019X005,"0,622"
Moerdijk,0.53,0.04,0.93,0.06,0.17,2019X005,2019-01-01,Moerdijk-2019X005,"0,23"
Molenlanden,0.486,0.17,1.063,0.09699999999999999,0.011000000000000001,2019X005,2019-01-01,Molenlanden-2019X005,"0,377"
Montferland,0.25,0.58,1.07,0.06,0.003,2019X005,2019-01-01,Montferland-2019X005,"0,65"
Montfoort,0.195,0.44,1.17,0.055,-0.057,2019X005,2019-01-01,Montfoort-2019X005,"0,448"
Neder-Betuwe,0.42,0.33,1.09,0.04,-0.006,2019X005,2019-01-01,Neder-Betuwe-2019X005,"0,35"
Nieuwegein,0.29,0.69,0.88,0.09,0.026000000000000002,2019X005,2019-01-01,Nieuwegein-2019X005,"0,63"
Nieuwkoop,0.54,0.508,1.232,0.795,0.031,2019X005,2019-01-01,Nieuwkoop-2019X005,"0,7"
Nijkerk,0.45,0.38,0.82,0.24,-0.006999999999999999,2019X005,2019-01-01,Nijkerk-2019X005,"0,39"
Nijmegen,0.11,0.78,0.98,0.38,0.013000000000000001,2019X005,2019-01-01,Nijmegen-2019X005,"0,87"
Nissewaard,0.10300000000000001,0.932,0.96,0.149,0.047,2019X005,2019-01-01,Nissewaard-2019X005,"1,037"
Noardeast-Fryslân,0.16,0.57,1.08,0.02,-0.06,2019X005,2019-01-01,Noardeast-Fryslân-2019X005,"0,53"
Noord-Beveland,0.452,0.48200000000000004,0.972,0.201,0.024,2019X005,2019-01-01,Noord-Beveland-2019X005,"0,523"
Noordenveld,0.21,0.57,0.99,0.05,-0.05,2019X005,2019-01-01,Noordenveld-2019X005,"0,59"
Noordoostpolder,0.74,0.06,0.983,0.21,-0.03,2019X005,2019-01-01,Noordoostpolder-2019X005,"0,13"
Noordwijk,0.594,0.156,1.111,0.1,0.03,2019X005,2019-01-01,Noordwijk-2019X005,"0,254"
"Nuenen, Gerwen en Nederwetten",0.27,1.35,1.17,1.37,-0.03,2019X005,2019-01-01,"Nuenen, Gerwen en Nederwetten-2019X005","1,42"
Nunspeet,0.6409999999999999,-0.013999999999999999,0.7759999999999999,0.040999999999999995,0.037000000000000005,2019X005,2019-01-01,Nunspeet-2019X005,"-0,014"
Oegstgeest,0.31,0.64,1.29,0.12,0.05,2019X005,2019-01-01,Oegstgeest-2019X005,"0,65"
Oirschot,0.49,0.17800000000000002,1.0759999999999998,-0.026000000000000002,-0.004,2019X005,2019-01-01,Oirschot-2019X005,"0,194"
Oisterwijk,0.317,0.802,1.56,1.008,-0.033,2019X005,2019-01-01,Oisterwijk-2019X005,"0,841"
Oldambt,0.305,0.486,1.093,0.027999999999999997,-0.04,2019X005,2019-01-01,Oldambt-2019X005,"0,554"
Oldenzaal,,,0.89,,,2019X005,2019-01-01,Oldenzaal-2019X005,
Olst-Wijhe,0.263,0.47100000000000003,1.0959999999999999,0.084,0.064,2019X005,2019-01-01,Olst-Wijhe-2019X005,"0,66"
Oost Gelre,0.38,0.57,0.74,0.06,-0.057,2019X005,2019-01-01,Oost Gelre-2019X005,"0,71"
Oosterhout,0.586,0.237,0.972,0.098,-0.013999999999999999,2019X005,2019-01-01,Oosterhout-2019X005,"0,365"
Ooststellingwerf,0.32,0.35,0.92,0.03,-0.01,2019X005,2019-01-01,Ooststellingwerf-2019X005,"0,42"
Opmeer,0.75,-0.19,1.13,0.07,-0.02,2019X005,2019-01-01,Opmeer-2019X005,"-0,23"
Opsterland,0.3,0.368,0.98,0.018000000000000002,-0.077,2019X005,2019-01-01,Opsterland-2019X005,"0,368"
Oss,0.38299999999999995,0.259,0.955,0.085,0.016,2019X005,2019-01-01,Oss-2019X005,"0,355"
Ouder-Amstel,0.52,-0.23800000000000002,1.05,-0.03,0.021,2019X005,2019-01-01,Ouder-Amstel-2019X005,"-0,238"
Oudewater,0.25,0.36,1.04,0.11,-0.015,2019X005,2019-01-01,Oudewater-2019X005,"0,37"
Overbetuwe,0.253,0.6759999999999999,0.777,-0.004,0.052000000000000005,2019X005,2019-01-01,Overbetuwe-2019X005,"0,747"
Papendrecht,0.25,0.93,0.89,0.11,0.005,2019X005,2019-01-01,Papendrecht-2019X005,"1,15"
Peel en Maas,0.293,0.841,0.95,0.081,0.03,2019X005,2019-01-01,Peel en Maas-2019X005,"0,909"
Pekela,0.402,0.171,1.0390000000000001,0.064,0.09,2019X005,2019-01-01,Pekela-2019X005,"0,171"
Pijnacker-Nootdorp,0.36,0.54,1.15,0.23,0.79,2019X005,2019-01-01,Pijnacker-Nootdorp-2019X005,"0,54"
Purmerend,0.256,0.747,1.129,0.07200000000000001,0.024,2019X005,2019-01-01,Purmerend-2019X005,"0,803"
Raalte,0.39,0.72,0.99,0.21,0.013000000000000001,2019X005,2019-01-01,Raalte-2019X005,"0,8"
Reimerswaal,0.436,0.483,1.06,0.022000000000000002,-0.01,2019X005,2019-01-01,Reimerswaal-2019X005,"0,494"
Renkum,0.251,0.327,1.209,0.011000000000000001,0.004,2019X005,2019-01-01,Renkum-2019X005,"0,382"
Renswoude,0.44,0.79,1.08,0.006999999999999999,0.05,2019X005,2019-01-01,Renswoude-2019X005,"0,874"
Rheden,0.2,0.77,0.9,0.01,-0.066,2019X005,2019-01-01,Rheden-2019X005,"0,811"
Ridderkerk,0.43,0.18,0.93,0.01,-0.021,2019X005,2019-01-01,Ridderkerk-2019X005,"0,2"
Rijssen-Holten,0.5,0.42,0.8390000000000001,0.1,,2019X005,2019-01-01,Rijssen-Holten-2019X005,"0,5"
Rijswijk,0.08,1.607,0.98,0.86,-0.026000000000000002,2019X005,2019-01-01,Rijswijk-2019X005,"1,611"
Roerdalen,0.455,0.027999999999999997,0.976,-0.013999999999999999,-0.027999999999999997,2019X005,2019-01-01,Roerdalen-2019X005,"0,048"
Rotterdam,0.307,0.491,1.03,-0.040999999999999995,0.051,2019X005,2019-01-01,Rotterdam-2019X005,"0,55"
Rozendaal,0.82,,1.35,0.09,-0.03,2019X005,2019-01-01,Rozendaal-2019X005,"-0,96"
Rucphen,0.594,0.41700000000000004,0.958,0.127,-0.028999999999999998,2019X005,2019-01-01,Rucphen-2019X005,"0,425"
Schagen,,,1.038,,,2019X005,2019-01-01,Schagen-2019X005,
Scherpenzeel,0.55,-0.25,1.01,0.06,0.066,2019X005,2019-01-01,Scherpenzeel-2019X005,"-0,05"
Schiedam,0.139,1.4669999999999999,1.0959999999999999,0.036000000000000004,0.003,2019X005,2019-01-01,Schiedam-2019X005,"1,589"
Schouwen-Duiveland,0.259,0.501,1.166,0.04,-0.028999999999999998,2019X005,2019-01-01,Schouwen-Duiveland-2019X005,"0,536"
Sint-Michielsgestel,,,1.02,,0.015,2019X005,2019-01-01,Sint-Michielsgestel-2019X005,
Soest,0.42,0.27,0.91,0.03,-0.09699999999999999,2019X005,2019-01-01,Soest-2019X005,"0,27"
Someren,0.72,0.04,0.89,0.11,-0.027000000000000003,2019X005,2019-01-01,Someren-2019X005,"-0,39"
Stadskanaal,0.37200000000000005,0.38299999999999995,0.905,0.002,-0.045,2019X005,2019-01-01,Stadskanaal-2019X005,"0,415"
Staphorst,0.892,0.63,0.9,0.015,0.04,2019X005,2019-01-01,Staphorst-2019X005,"0,65"
Stede Broec,0.19,0.55,1.2,0.06,-0.03,2019X005,2019-01-01,Stede Broec-2019X005,"1,04"
Steenbergen,0.575,-0.146,1.069,-0.02,-0.017,2019X005,2019-01-01,Steenbergen-2019X005,"-0,148"
Steenwijkerland,0.33,0.45399999999999996,0.84,0.11800000000000001,-0.015,2019X005,2019-01-01,Steenwijkerland-2019X005,"0,532"
Stein,0.27,0.81,1.03,0.004,0.016,2019X005,2019-01-01,Stein-2019X005,"0,78"
Stichtse Vecht,0.27,0.66,1.101,-0.002,0.069,2019X005,2019-01-01,Stichtse Vecht-2019X005,"0,68"
Súdwest-Fryslân,0.151,0.504,0.9390000000000001,0.031,-0.013000000000000001,2019X005,2019-01-01,Súdwest-Fryslân-2019X005,"0,621"
Terneuzen,0.203,0.898,0.992,0.06,0.017,2019X005,2019-01-01,Terneuzen-2019X005,"0,905"
Terschelling,0.3,0.48,0.96,0.03,0.09,2019X005,2019-01-01,Terschelling-2019X005,"0,44"
Teylingen,0.6459999999999999,-0.276,0.897,0.013000000000000001,0.03,2019X005,2019-01-01,Teylingen-2019X005,"0,173"
Tiel,0.21,0.7,1.01,0.01,-0.002,2019X005,2019-01-01,Tiel-2019X005,"0,76"
Tilburg,0.769,0.11199999999999999,0.915,0.087,0.024,2019X005,2019-01-01,Tilburg-2019X005,"0,146"
Tubbergen,0.596,0.0,0.9,-0.013999999999999999,0.057,2019X005,2019-01-01,Tubbergen-2019X005,"-0,038"
Twenterand,0.27399999999999997,0.514,0.982,0.14400000000000002,-0.03,2019X005,2019-01-01,Twenterand-2019X005,"0,697"
Tytsjerksteradiel,0.34600000000000003,0.252,1.014,0.018000000000000002,-0.008,2019X005,2019-01-01,Tytsjerksteradiel-2019X005,"0,289"
Uithoorn,0.28,0.53,1.11,-0.05,-0.02,2019X005,2019-01-01,Uithoorn-2019X005,"0,54"
Urk,0.34,0.72,1.23,0.44,0.055,2019X005,2019-01-01,Urk-2019X005,"0,77"
Utrecht,0.35600000000000004,0.594,1.042,0.047,-0.006999999999999999,2019X005,2019-01-01,Utrecht-2019X005,"0,621"
Utrechtse Heuvelrug,0.05,1.229,1.251,0.045,-0.024,2019X005,2019-01-01,Utrechtse Heuvelrug-2019X005,"1,272"
Vaals,0.172,0.914,0.968,0.235,-0.026000000000000002,2019X005,2019-01-01,Vaals-2019X005,"0,914"
Veendam,0.58,0.08,0.8909999999999999,-0.01,-0.01,2019X005,2019-01-01,Veendam-2019X005,"0,089"
Veenendaal,0.28,0.71,0.73,0.035,-0.027999999999999997,2019X005,2019-01-01,Veenendaal-2019X005,"0,77"
Veere,0.32,0.46,0.89,0.09,-0.027999999999999997,2019X005,2019-01-01,Veere-2019X005,"0,54"
Velsen,0.195,0.8809999999999999,1.104,0.027000000000000003,0.012,2019X005,2019-01-01,Velsen-2019X005,"0,9"
Venlo,0.21,0.47,1.052,0.03,0.034,2019X005,2019-01-01,Venlo-2019X005,"0,55"
Vijfheerenlanden,0.155,0.6629999999999999,1.085,0.162,0.025,2019X005,2019-01-01,Vijfheerenlanden-2019X005,"0,785"
Vlaardingen,0.113,0.976,1.023,0.061,-0.024,2019X005,2019-01-01,Vlaardingen-2019X005,"0,98"
Voorne aan Zee,0.37799999999999995,0.64,0.966,0.133,-0.036000000000000004,2019X005,2019-01-01,Voorne aan Zee-2019X005,"0,694"
Voorschoten,0.42,0.38,1.47,0.09,0.04,2019X005,2019-01-01,Voorschoten-2019X005,"0,49"
Voorst,0.21,0.59,1.03,0.06,-0.055,2019X005,2019-01-01,Voorst-2019X005,"0,61"
Vught,0.603,0.511,1.5590000000000002,0.038,-0.031,2019X005,2019-01-01,Vught-2019X005,"0,557"
Waalre,0.24,0.19699999999999998,1.054,0.078,0.021,2019X005,2019-01-01,Waalre-2019X005,"0,222"
Waalwijk,0.35200000000000004,0.7709999999999999,0.818,0.066,,2019X005,2019-01-01,Waalwijk-2019X005,"0,878"
Waddinxveen,0.29,0.87,1.07,0.43,0.026000000000000002,2019X005,2019-01-01,Waddinxveen-2019X005,"0,88"
Wageningen,0.37,0.38299999999999995,1.051,0.07200000000000001,-0.001,2019X005,2019-01-01,Wageningen-2019X005,"0,432"
Wassenaar,0.68,-0.73,1.6,,0.024,2019X005,2019-01-01,Wassenaar-2019X005,"-0,69"
Weert,0.32799999999999996,0.57,1.0190000000000001,0.15,-0.024,2019X005,2019-01-01,Weert-2019X005,"0,676"
West Maas en Waal,0.2,0.34,1.04,0.02,-0.09,2019X005,2019-01-01,West Maas en Waal-2019X005,"0,69"
Westerkwartier,0.124,1.036,,0.22399999999999998,,2019X005,2019-01-01,Westerkwartier-2019X005,"1,066"
Westerveld,0.384,0.21600000000000003,0.8909999999999999,-0.013000000000000001,-0.025,2019X005,2019-01-01,Westerveld-2019X005,"0,222"
Westland,0.35,1.265,1.053,0.7140000000000001,0.018000000000000002,2019X005,2019-01-01,Westland-2019X005,"1,337"
Weststellingwerf,0.223,0.669,0.9109999999999999,0.272,-0.004,2019X005,2019-01-01,Weststellingwerf-2019X005,"0,691"
Wierden,0.265,0.23199999999999998,1.032,0.10300000000000001,0.012,2019X005,2019-01-01,Wierden-2019X005,"0,396"
Wijchen,0.42,-0.03,0.98,0.03,-0.03,2019X005,2019-01-01,Wijchen-2019X005,"0,17"
Wijdemeren,0.33,0.48,1.4,0.04,-0.03,2019X005,2019-01-01,Wijdemeren-2019X005,"0,46"
Wijk bij Duurstede,0.254,0.483,1.138,0.008,0.012,2019X005,2019-01-01,Wijk bij Duurstede-2019X005,"0,55"
Winterswijk,0.396,0.7240000000000001,1.103,0.083,0.004,2019X005,2019-01-01,Winterswijk-2019X005,"0,762"
Woensdrecht,0.32799999999999996,0.175,0.96,0.017,-0.025,2019X005,2019-01-01,Woensdrecht-2019X005,"0,215"
Woudenberg,0.205,0.46,1.079,0.309,0.001,2019X005,2019-01-01,Woudenberg-2019X005,"0,46"
Zaanstad,0.16899999999999998,1.19,1.131,0.079,0.036000000000000004,2019X005,2019-01-01,Zaanstad-2019X005,"1,25"
Zaltbommel,,,1.1,,0.013000000000000001,2019X005,2019-01-01,Zaltbommel-2019X005,
Zeewolde,0.69,-0.41,1.02,0.91,-0.01,2019X005,2019-01-01,Zeewolde-2019X005,"-0,32"
Zeist,0.682,0.011000000000000001,0.996,0.02,-0.031,2019X005,2019-01-01,Zeist-2019X005,"0,063"
Zevenaar,0.23800000000000002,0.774,0.997,0.14300000000000002,-0.02,2019X005,2019-01-01,Zevenaar-2019X005,"0,842"
Zoetermeer,0.573,0.23399999999999999,1.0190000000000001,0.040999999999999995,-0.015,2019X005,2019-01-01,Zoetermeer-2019X005,"0,252"
Zoeterwoude,0.45799999999999996,0.439,1.031,0.071,0.17300000000000001,2019X005,2019-01-01,Zoeterwoude-2019X005,"0,454"
Zuidplas,0.237,0.894,1.1,0.14400000000000002,-0.003,2019X005,2019-01-01,Zuidplas-2019X005,"0,89"
Zundert,0.23,0.3,1.04,0.06,0.023,2019X005,2019-01-01,Zundert-2019X005,"0,29"
Zutphen,0.17,0.73,0.935,0.16,-0.02,2019X005,2019-01-01,Zutphen-2019X005,"0,86"
Zwartewaterland,0.258,1.034,1.033,0.15,-0.018000000000000002,2019X005,2019-01-01,Zwartewaterland-2019X005,"1,105"
Zwijndrecht,0.19,1.05,1.17,0.03,-0.006999999999999999,2019X005,2019-01-01,Zwijndrecht-2019X005,"1,09"
Aalsmeer,0.45,0.49,1.14,0.19,0.018000000000000002,2022X000,2022-01-01,Aalsmeer-2022X000,"0,51"
Aalten,0.27899999999999997,0.349,0.738,0.008,-0.012,2022X000,2022-01-01,Aalten-2022X000,"0,403"
Albrandswaard,0.35,0.586,1.37,0.047,0.004,2022X000,2022-01-01,Albrandswaard-2022X000,"0,61"
Alkmaar,0.21899999999999997,0.882,0.8220000000000001,0.052000000000000005,0.011000000000000001,2022X000,2022-01-01,Alkmaar-2022X000,"0,897"
Almelo,0.19,0.57,1.09,0.1,0.04,2022X000,2022-01-01,Almelo-2022X000,"0,62"
Almere,0.38,,1.12,0.19,0.027999999999999997,2022X000,2022-01-01,Almere-2022X000,"0,44"
Alphen-Chaam,0.31,0.49,1.19,0.12,0.03,2022X000,2022-01-01,Alphen-Chaam-2022X000,"0,49"
Altena,0.251,0.7809999999999999,0.9990000000000001,0.086,0.087,2022X000,2022-01-01,Altena-2022X000,"0,815"
Ameland,0.35,1.034,0.7929999999999999,0.005,-0.018000000000000002,2022X000,2022-01-01,Ameland-2022X000,"1,034"
Amersfoort,0.27,0.49,1.063,0.07200000000000001,0.013000000000000001,2022X000,2022-01-01,Amersfoort-2022X000,"0,54"
Amsterdam,0.48,1.01,0.93,-0.059000000000000004,0.011000000000000001,2022X000,2022-01-01,Amsterdam-2022X000,"1,1"
Apeldoorn,0.21100000000000002,0.789,0.972,0.006999999999999999,-0.011000000000000001,2022X000,2022-01-01,Apeldoorn-2022X000,"0,85"
Arnhem,0.16,0.88,0.94,0.06,-0.04,2022X000,2022-01-01,Arnhem-2022X000,"0,95"
Assen,0.644,0.081,0.836,0.09699999999999999,-0.016,2022X000,2022-01-01,Assen-2022X000,"0,1"
Asten,0.46,0.15,1.01,0.01,0.024,2022X000,2022-01-01,Asten-2022X000,"0,15"
Barendrecht,0.23800000000000002,1.001,1.001,0.048,0.002,2022X000,2022-01-01,Barendrecht-2022X000,"1,006"
Barneveld,0.29,1.62,1.01,0.48,0.018000000000000002,2022X000,2022-01-01,Barneveld-2022X000,"1,72"
Beekdaelen,0.574,0.047,1.052,0.001,0.031,2022X000,2022-01-01,Beekdaelen-2022X000,"0,113"
Bergeijk,0.281,0.78,0.97,0.09,0.002,2022X000,2022-01-01,Bergeijk-2022X000,"0,788"
Bergen op Zoom,0.168,0.747,1.08,0.11,0.046,2022X000,2022-01-01,Bergen op Zoom-2022X000,"0,757"
Berkelland,0.374,0.374,1.105,0.052000000000000005,0.028999999999999998,2022X000,2022-01-01,Berkelland-2022X000,"0,766"
Bernheze,0.5329999999999999,0.055999999999999994,0.857,0.071,-0.027000000000000003,2022X000,2022-01-01,Bernheze-2022X000,"0,104"
Best,0.785,-0.011000000000000001,0.963,0.24600000000000002,0.021,2022X000,2022-01-01,Best-2022X000,"0,029"
Beuningen,0.151,0.68,1.12,0.19,-0.006999999999999999,2022X000,2022-01-01,Beuningen-2022X000,"0,74"
Beverwijk,0.33,0.24,0.95,0.02,-0.03,2022X000,2022-01-01,Beverwijk-2022X000,"0,37"
Bladel,0.24,0.95,0.82,0.03,0.04,2022X000,2022-01-01,Bladel-2022X000,"0,98"
Blaricum,0.855,-1.238,1.551,-0.392,0.006,2022X000,2022-01-01,Blaricum-2022X000,"-1,209"
Bloemendaal,0.551,0.379,1.972,0.001,0.022000000000000002,2022X000,2022-01-01,Bloemendaal-2022X000,"0,393"
Bodegraven-Reeuwijk,0.109,1.516,1.3459999999999999,0.016,0.008,2022X000,2022-01-01,Bodegraven-Reeuwijk-2022X000,"1,534"
Borsele,0.49,0.18,1.08,0.02,0.08,2022X000,2022-01-01,Borsele-2022X000,"0,25"
Boxtel,0.273,0.392,1.001,0.042,0.069,2022X000,2022-01-01,Boxtel-2022X000,"0,448"
Breda,0.17,0.49200000000000005,0.951,0.01,0.011000000000000001,2022X000,2022-01-01,Breda-2022X000,"0,686"
Bronckhorst,0.122,1.037,1.032,0.10099999999999999,0.011000000000000001,2022X000,2022-01-01,Bronckhorst-2022X000,"1,071"
Brummen,0.044000000000000004,1.29,1.148,0.171,0.006,2022X000,2022-01-01,Brummen-2022X000,"1,211"
Brunssum,0.603,0.039,0.996,0.05,0.022000000000000002,2022X000,2022-01-01,Brunssum-2022X000,"0,124"
Buren,0.22,0.22,1.15,0.14,-0.018000000000000002,2022X000,2022-01-01,Buren-2022X000,"0,33"
Capelle aan den IJssel,0.5489999999999999,0.377,0.78,0.027999999999999997,0.035,2022X000,2022-01-01,Capelle aan den IJssel-2022X000,"0,378"
Coevorden,0.38,0.59,0.96,0.02,0.08,2022X000,2022-01-01,Coevorden-2022X000,"0,67"
Culemborg,0.27,0.61,1.08,0.003,0.096,2022X000,2022-01-01,Culemborg-2022X000,"0,9"
Dalfsen,0.54,0.22,0.99,0.08,0.027000000000000003,2022X000,2022-01-01,Dalfsen-2022X000,"0,29"
De Bilt,0.203,0.752,1.146,0.024,0.026000000000000002,2022X000,2022-01-01,De Bilt-2022X000,"0,752"
De Fryske Marren,0.19899999999999998,0.599,0.873,0.165,0.015,2022X000,2022-01-01,De Fryske Marren-2022X000,"0,648"
Delft,0.395,0.363,1.117,-0.012,-0.006999999999999999,2022X000,2022-01-01,Delft-2022X000,"0,537"
Den Haag,0.32299999999999995,0.418,0.826,0.004,-0.001,2022X000,2022-01-01,Den Haag-2022X000,"0,467"
Deurne,0.28,0.51,1.11,0.05,0.022000000000000002,2022X000,2022-01-01,Deurne-2022X000,"0,53"
Deventer,0.22,0.56,0.97,0.12,0.027999999999999997,2022X000,2022-01-01,Deventer-2022X000,"0,65"
Diemen,0.15,0.85,1.02,-0.17,0.015,2022X000,2022-01-01,Diemen-2022X000,"0,86"
Dijk en Waard,0.28,0.6,0.97,0.15,0.03,2022X000,2022-01-01,Dijk en Waard-2022X000,"0,62"
Dinkelland,0.377,0.499,0.917,0.065,0.025,2022X000,2022-01-01,Dinkelland-2022X000,"0,45"
Doetinchem,0.2,0.81,1.0,0.19,0.03,2022X000,2022-01-01,Doetinchem-2022X000,"0,86"
Dongen,0.12,1.13,1.1,0.134,0.019,2022X000,2022-01-01,Dongen-2022X000,"1,2"
Dordrecht,0.7,0.07,0.93,0.09,0.006,2022X000,2022-01-01,Dordrecht-2022X000,"0,12"
Drimmelen,0.4,0.56,0.75,-0.01,-0.02,2022X000,2022-01-01,Drimmelen-2022X000,"0,59"
Dronten,0.55,-0.12,0.96,0.96,0.011000000000000001,2022X000,2022-01-01,Dronten-2022X000,"-0,08"
Druten,0.18,0.93,0.9,0.04,0.051,2022X000,2022-01-01,Druten-2022X000,"1,13"
Duiven,0.259,0.096,1.085,0.17,-0.011000000000000001,2022X000,2022-01-01,Duiven-2022X000,"0,238"
Echt-Susteren,0.389,0.657,0.993,0.044000000000000004,0.008,2022X000,2022-01-01,Echt-Susteren-2022X000,"0,616"
Edam-Volendam,0.42100000000000004,0.509,0.9420000000000001,-0.059000000000000004,-0.054000000000000006,2022X000,2022-01-01,Edam-Volendam-2022X000,"0,676"
Eemsdelta,0.184,0.397,1.138,0.004,0.013000000000000001,2022X000,2022-01-01,Eemsdelta-2022X000,"0,395"
Eersel,0.64,-0.17,0.92,0.032,0.009000000000000001,2022X000,2022-01-01,Eersel-2022X000,"-0,17"
Elburg,0.56,0.32,0.95,0.044000000000000004,0.016,2022X000,2022-01-01,Elburg-2022X000,"0,38"
Emmen,0.092,1.071,0.91,0.054000000000000006,0.027000000000000003,2022X000,2022-01-01,Emmen-2022X000,"1,246"
Enschede,0.23,0.43,1.07,0.03,0.004,2022X000,2022-01-01,Enschede-2022X000,"0,48"
Ermelo,0.23199999999999998,0.909,1.2109999999999999,0.017,0.013999999999999999,2022X000,2022-01-01,Ermelo-2022X000,"0,909"
Geldrop-Mierlo,0.22,0.88,0.81,0.15,-0.03,2022X000,2022-01-01,Geldrop-Mierlo-2022X000,"0,92"
Gemert-Bakel,0.14,0.59,1.14,0.22,0.17,2022X000,2022-01-01,Gemert-Bakel-2022X000,"0,84"
Gennep,0.21600000000000003,0.745,0.9470000000000001,-0.006,0.006999999999999999,2022X000,2022-01-01,Gennep-2022X000,"0,765"
Goirle,0.272,0.69,0.893,-0.021,0.027999999999999997,2022X000,2022-01-01,Goirle-2022X000,"0,686"
Gooise Meren,0.183,0.878,1.109,0.044000000000000004,0.001,2022X000,2022-01-01,Gooise Meren-2022X000,"0,878"
Gorinchem,0.294,1.117,1.005,0.33899999999999997,0.008,2022X000,2022-01-01,Gorinchem-2022X000,"1,113"
Gouda,0.114,1.0,1.29,0.04,-0.005,2022X000,2022-01-01,Gouda-2022X000,"1,005"
Groningen,0.08,1.27,1.112,0.07,0.005,2022X000,2022-01-01,Groningen-2022X000,"1,596"
Haarlemmermeer,0.326,0.8290000000000001,1.05,0.129,0.028999999999999998,2022X000,2022-01-01,Haarlemmermeer-2022X000,"0,903"
Halderberge,0.14,1.0,1.014,0.054000000000000006,0.018000000000000002,2022X000,2022-01-01,Halderberge-2022X000,"1,029"
Hardenberg,0.29,0.7,0.93,0.08,0.03,2022X000,2022-01-01,Hardenberg-2022X000,"0,72"
Harderwijk,0.28,0.75,0.83,0.43,-0.001,2022X000,2022-01-01,Harderwijk-2022X000,"0,75"
Hardinxveld-Giessendam,0.44299999999999995,0.611,1.06,0.105,-0.032,2022X000,2022-01-01,Hardinxveld-Giessendam-2022X000,"0,612"
Harlingen,0.36200000000000004,0.768,0.794,0.027000000000000003,0.019,2022X000,2022-01-01,Harlingen-2022X000,"0,781"
Hattem,0.129,0.88,1.12,0.039,0.025,2022X000,2022-01-01,Hattem-2022X000,"1,17"
Heemskerk,0.5,0.13,1.02,-0.05,-0.012,2022X000,2022-01-01,Heemskerk-2022X000,"0,13"
Heerde,0.26,0.68,1.16,0.01,0.009000000000000001,2022X000,2022-01-01,Heerde-2022X000,"0,71"
Heerenveen,0.26,0.5479999999999999,1.03,0.092,-0.001,2022X000,2022-01-01,Heerenveen-2022X000,"0,48"
Heerlen,0.065,0.919,0.912,0.03,-0.002,2022X000,2022-01-01,Heerlen-2022X000,"0,913"
Heiloo,0.29,0.45,1.09,0.08,0.04,2022X000,2022-01-01,Heiloo-2022X000,"0,46"
Hellendoorn,0.153,0.77,1.046,-0.013000000000000001,0.004,2022X000,2022-01-01,Hellendoorn-2022X000,"0,811"
Hendrik-Ido-Ambacht,0.29,0.99,1.09,0.73,-0.006999999999999999,2022X000,2022-01-01,Hendrik-Ido-Ambacht-2022X000,"1,04"
Hengelo,0.134,0.6609999999999999,0.9620000000000001,0.16399999999999998,0.009000000000000001,2022X000,2022-01-01,Hengelo-2022X000,"1,439"
Het Hogeland,0.23,0.59,1.03,0.03,0.05,2022X000,2022-01-01,Het Hogeland-2022X000,"0,67"
Heumen,0.35,0.18,1.12,0.003,0.016,2022X000,2022-01-01,Heumen-2022X000,"0,31"
Heusden,0.19,0.99,0.87,0.47,0.019,2022X000,2022-01-01,Heusden-2022X000,"1,12"
Hillegom,0.593,0.298,1.125,-0.055,0.019,2022X000,2022-01-01,Hillegom-2022X000,"0,449"
Hilvarenbeek,0.31,0.67,1.08,0.1,0.03,2022X000,2022-01-01,Hilvarenbeek-2022X000,"0,78"
Hilversum,0.19,0.81,1.0,-0.01,0.013000000000000001,2022X000,2022-01-01,Hilversum-2022X000,"0,89"
Hof van Twente,0.474,0.715,1.13,0.131,0.07,2022X000,2022-01-01,Hof van Twente-2022X000,"0,759"
Hollands Kroon,0.35,0.47,1.0,0.03,0.03,2022X000,2022-01-01,Hollands Kroon-2022X000,"0,47"
Hoogeveen,0.084,0.77,0.89,0.11599999999999999,0.021,2022X000,2022-01-01,Hoogeveen-2022X000,"0,79"
Hoorn,0.25,0.42,0.9,-0.01,0.026000000000000002,2022X000,2022-01-01,Hoorn-2022X000,"0,61"
Horst aan de Maas,0.31,0.56,0.96,0.01,0.004,2022X000,2022-01-01,Horst aan de Maas-2022X000,"0,63"
Houten,0.31,0.46,0.95,0.01,0.009000000000000001,2022X000,2022-01-01,Houten-2022X000,"0,48"
Huizen,0.71,-0.65,0.98,,,2022X000,2022-01-01,Huizen-2022X000,"-0,15"
Hulst,0.213,0.591,1.063,0.046,0.008,2022X000,2022-01-01,Hulst-2022X000,"0,602"
IJsselstein,0.26899999999999996,0.293,1.207,-0.002,0.021,2022X000,2022-01-01,IJsselstein-2022X000,"0,44"
Kampen,0.179,0.79,0.9109999999999999,0.052000000000000005,0.021,2022X000,2022-01-01,Kampen-2022X000,"0,88"
Koggenland,0.486,0.166,0.8540000000000001,0.053,-0.006999999999999999,2022X000,2022-01-01,Koggenland-2022X000,"0,166"
Krimpen aan den IJssel,0.45399999999999996,0.268,1.244,0.049,0.015,2022X000,2022-01-01,Krimpen aan den IJssel-2022X000,"0,427"
Krimpenerwaard,0.32,0.38,1.07,0.01,0.04,2022X000,2022-01-01,Krimpenerwaard-2022X000,"0,44"
Laarbeek,0.36700000000000005,0.20199999999999999,0.875,0.145,0.004,2022X000,2022-01-01,Laarbeek-2022X000,"0,201"
Land van Cuijk,0.29,0.79,0.9,0.09,0.08199999999999999,2022X000,2022-01-01,Land van Cuijk-2022X000,"0,82"
Landgraaf,0.33399999999999996,0.396,1.091,0.03,-0.011000000000000001,2022X000,2022-01-01,Landgraaf-2022X000,"0,5"
Landsmeer,0.12,0.59,1.24,0.03,-0.01,2022X000,2022-01-01,Landsmeer-2022X000,"0,59"
Leeuwarden,0.085,0.872,0.9279999999999999,0.27899999999999997,0.027999999999999997,2022X000,2022-01-01,Leeuwarden-2022X000,"0,89"
Leiden,0.205,1.55,1.271,1.0,0.08,2022X000,2022-01-01,Leiden-2022X000,"1,564"
Leiderdorp,0.358,0.557,1.151,0.011000000000000001,-0.005,2022X000,2022-01-01,Leiderdorp-2022X000,"0,614"
Leidschendam-Voorburg,0.588,0.33399999999999996,0.925,0.18100000000000002,0.03,2022X000,2022-01-01,Leidschendam-Voorburg-2022X000,"0,415"
Lelystad,0.24,0.42,,0.19,0.044000000000000004,2022X000,2022-01-01,Lelystad-2022X000,"0,38"
Lingewaard,0.28,0.54,1.1340000000000001,0.006,0.013000000000000001,2022X000,2022-01-01,Lingewaard-2022X000,"0,59"
Lochem,0.51,0.08,1.03,0.12,0.03,2022X000,2022-01-01,Lochem-2022X000,"0,15"
Loon op Zand,0.24,0.46,1.08,0.07,0.034,2022X000,2022-01-01,Loon op Zand-2022X000,"0,57"
Losser,0.32,0.56,1.124,0.006999999999999999,0.001,2022X000,2022-01-01,Losser-2022X000,"0,562"
Maasdriel,0.25,0.81,1.0190000000000001,0.011000000000000001,0.126,2022X000,2022-01-01,Maasdriel-2022X000,"0,842"
Maasgouw,0.358,0.8079999999999999,0.917,0.026000000000000002,0.035,2022X000,2022-01-01,Maasgouw-2022X000,"0,918"
Meierijstad,0.26,0.55,0.94,0.3,0.031,2022X000,2022-01-01,Meierijstad-2022X000,"0,58"
Meppel,0.09,0.98,0.86,0.27,0.032,2022X000,2022-01-01,Meppel-2022X000,"1,08"
Midden-Delfland,0.37,1.3030000000000002,1.119,-0.024,-0.024,2022X000,2022-01-01,Midden-Delfland-2022X000,"1,334"
Midden-Drenthe,0.25,0.82,0.774,0.07,-0.02,2022X000,2022-01-01,Midden-Drenthe-2022X000,"0,83"
Midden-Groningen,0.087,0.7709999999999999,1.021,0.018000000000000002,0.06,2022X000,2022-01-01,Midden-Groningen-2022X000,"0,802"
Molenlanden,0.515,0.135,1.013,0.047,0.025,2022X000,2022-01-01,Molenlanden-2022X000,"0,211"
Montferland,0.302,0.649,1.05,0.01,-0.008,2022X000,2022-01-01,Montferland-2022X000,"0,753"
Montfoort,0.08900000000000001,0.737,1.198,0.047,0.023,2022X000,2022-01-01,Montfoort-2022X000,"0,747"
Neder-Betuwe,0.28,0.73,1.17,0.05,-0.01,2022X000,2022-01-01,Neder-Betuwe-2022X000,"0,77"
Nederweert,0.43,-0.64,1.03,0.03,0.04,2022X000,2022-01-01,Nederweert-2022X000,"-0,62"
Nieuwegein,0.25,0.7,0.97,0.006999999999999999,0.018000000000000002,2022X000,2022-01-01,Nieuwegein-2022X000,"0,65"
Nieuwkoop,0.48,0.466,1.195,0.44,0.013999999999999999,2022X000,2022-01-01,Nieuwkoop-2022X000,"0,488"
Nijkerk,0.32,0.75,0.82,0.22,-0.008,2022X000,2022-01-01,Nijkerk-2022X000,"0,75"
Nijmegen,0.13,0.58,0.97,0.13,0.019,2022X000,2022-01-01,Nijmegen-2022X000,"0,62"
Noord-Beveland,0.488,0.36700000000000005,0.9209999999999999,0.028999999999999998,0.013999999999999999,2022X000,2022-01-01,Noord-Beveland-2022X000,"0,393"
Noordoostpolder,0.79,-0.44,0.8690000000000001,0.12,0.039,2022X000,2022-01-01,Noordoostpolder-2022X000,"-0,41"
Noordwijk,0.43700000000000006,0.8320000000000001,1.124,0.14400000000000002,0.017,2022X000,2022-01-01,Noordwijk-2022X000,"0,954"
Nunspeet,0.595,0.313,0.82,0.15,0.005,2022X000,2022-01-01,Nunspeet-2022X000,"0,313"
Oegstgeest,0.198,0.892,1.534,-0.012,-0.017,2022X000,2022-01-01,Oegstgeest-2022X000,"0,928"
Oisterwijk,0.18,0.69,1.08,0.04,0.032,2022X000,2022-01-01,Oisterwijk-2022X000,"0,7"
Oldambt,0.312,0.408,1.034,0.025,0.039,2022X000,2022-01-01,Oldambt-2022X000,"0,48"
Oldebroek,0.31,0.52,1.03,0.01,0.012,2022X000,2022-01-01,Oldebroek-2022X000,"0,62"
Olst-Wijhe,0.177,0.563,1.129,0.006,0.047,2022X000,2022-01-01,Olst-Wijhe-2022X000,"0,675"
Ommen,0.43,0.07,1.02,0.17,0.03,2022X000,2022-01-01,Ommen-2022X000,"0,14"
Oost Gelre,0.28,0.92,0.76,0.01,0.002,2022X000,2022-01-01,Oost Gelre-2022X000,"1,05"
Oosterhout,0.5920000000000001,0.36,0.9059999999999999,0.075,0.024,2022X000,2022-01-01,Oosterhout-2022X000,"0,344"
Opmeer,0.64,-0.39,1.24,-0.07,-0.1,2022X000,2022-01-01,Opmeer-2022X000,"-0,39"
Opsterland,0.264,0.355,0.096,0.033,0.019,2022X000,2022-01-01,Opsterland-2022X000,"0,355"
Oss,0.45799999999999996,0.177,0.8959999999999999,0.038,0.036000000000000004,2022X000,2022-01-01,Oss-2022X000,"0,241"
Oude IJsselstreek,0.155,1.071,0.991,0.09699999999999999,0.001,2022X000,2022-01-01,Oude IJsselstreek-2022X000,"1,154"
Oudewater,0.07,1.37,1.39,0.12,-0.009000000000000001,2022X000,2022-01-01,Oudewater-2022X000,"1,39"
Overbetuwe,0.215,1.054,0.838,0.002,0.040999999999999995,2022X000,2022-01-01,Overbetuwe-2022X000,"1,141"
Peel en Maas,0.23,0.96,0.91,0.04,0.03,2022X000,2022-01-01,Peel en Maas-2022X000,"1,03"
Pekela,0.47,0.14,1.06,0.01,0.04,2022X000,2022-01-01,Pekela-2022X000,"0,143"
Pijnacker-Nootdorp,0.65,-0.02,1.11,-0.04,0.027999999999999997,2022X000,2022-01-01,Pijnacker-Nootdorp-2022X000,"-0,02"
Purmerend,0.121,1.104,0.909,0.068,0.018000000000000002,2022X000,2022-01-01,Purmerend-2022X000,"1,138"
Putten,0.59,0.16,0.76,-0.013999999999999999,0.037000000000000005,2022X000,2022-01-01,Putten-2022X000,"0,31"
Raalte,0.35,0.72,0.94,0.009000000000000001,0.15,2022X000,2022-01-01,Raalte-2022X000,"0,79"
Renkum,0.212,0.266,1.227,0.012,0.027000000000000003,2022X000,2022-01-01,Renkum-2022X000,"0,312"
Reusel-De Mierden,0.262,0.691,0.8859999999999999,0.46,0.024,2022X000,2022-01-01,Reusel-De Mierden-2022X000,"0,691"
Rhenen,0.31,0.75,1.13,-0.012,0.013000000000000001,2022X000,2022-01-01,Rhenen-2022X000,"0,86"
Ridderkerk,0.387,0.698,0.971,-0.046,0.025,2022X000,2022-01-01,Ridderkerk-2022X000,"0,71"
Rijssen-Holten,0.37,0.78,0.8220000000000001,0.29,0.016,2022X000,2022-01-01,Rijssen-Holten-2022X000,"0,86"
Rijswijk,0.26,0.973,1.11,0.51,0.013000000000000001,2022X000,2022-01-01,Rijswijk-2022X000,"0,959"
Roerdalen,0.317,0.563,0.9520000000000001,0.001,0.021,2022X000,2022-01-01,Roerdalen-2022X000,"0,578"
Roermond,0.198,0.616,0.996,0.015,-0.013000000000000001,2022X000,2022-01-01,Roermond-2022X000,"0,616"
Roosendaal,0.25,0.67,1.13,0.14,-0.01,2022X000,2022-01-01,Roosendaal-2022X000,"0,67"
Rotterdam,0.5670000000000001,0.20199999999999999,1.01,-0.031,-0.03,2022X000,2022-01-01,Rotterdam-2022X000,"0,223"
Rucphen,0.436,0.669,0.982,0.055999999999999994,0.023,2022X000,2022-01-01,Rucphen-2022X000,"0,674"
Schagen,0.33899999999999997,0.7040000000000001,1.16,0.022000000000000002,0.022000000000000002,2022X000,2022-01-01,Schagen-2022X000,"0,726"
Scherpenzeel,0.41100000000000003,0.121,1.06,0.418,0.015,2022X000,2022-01-01,Scherpenzeel-2022X000,"0,333"
Schiedam,0.201,1.209,1.095,0.032,-0.002,2022X000,2022-01-01,Schiedam-2022X000,"1,255"
Schouwen-Duiveland,0.19,0.6,1.2009999999999998,0.021,0.022000000000000002,2022X000,2022-01-01,Schouwen-Duiveland-2022X000,"0,644"
Sint-Michielsgestel,0.537,0.040999999999999995,1.1340000000000001,0.011000000000000001,-0.035,2022X000,2022-01-01,Sint-Michielsgestel-2022X000,"0,067"
Sliedrecht,0.47,0.42,0.92,0.04,-0.01,2022X000,2022-01-01,Sliedrecht-2022X000,"0,44"
Sluis,0.247,0.816,1.014,0.016,0.028999999999999998,2022X000,2022-01-01,Sluis-2022X000,"0,816"
Soest,0.35,0.26,0.97,0.01,0.012,2022X000,2022-01-01,Soest-2022X000,"0,26"
Someren,0.6,0.24,0.97,0.01,0.004,2022X000,2022-01-01,Someren-2022X000,"0,13"
Steenbergen,0.557,0.212,1.042,-0.032,0.016,2022X000,2022-01-01,Steenbergen-2022X000,"0,214"
Steenwijkerland,0.231,0.498,0.723,0.046,0.004,2022X000,2022-01-01,Steenwijkerland-2022X000,"0,549"
Stein,0.2,1.01,1.03,0.33,0.08,2022X000,2022-01-01,Stein-2022X000,"1,05"
Stichtse Vecht,0.22,0.77,1.0190000000000001,0.009000000000000001,-0.016,2022X000,2022-01-01,Stichtse Vecht-2022X000,"0,78"
Terschelling,0.34,0.46,0.97,0.1,0.008,2022X000,2022-01-01,Terschelling-2022X000,"0,44"
Texel,0.2,1.02,0.92,0.09,0.03,2022X000,2022-01-01,Texel-2022X000,"1,05"
Teylingen,0.541,0.174,0.905,-0.005,0.004,2022X000,2022-01-01,Teylingen-2022X000,"0,55"
Tholen,0.27,0.48,0.93,-0.11,0.022000000000000002,2022X000,2022-01-01,Tholen-2022X000,"0,54"
Tilburg,0.48,0.63,0.77,0.04,0.013000000000000001,2022X000,2022-01-01,Tilburg-2022X000,"0,67"
Tubbergen,0.35,-0.122,,0.016,0.033,2022X000,2022-01-01,Tubbergen-2022X000,"-0,137"
Twenterand,0.21600000000000003,0.532,0.9520000000000001,0.013999999999999999,0.022000000000000002,2022X000,2022-01-01,Twenterand-2022X000,"0,685"
Tynaarlo,0.3,1.09,0.8,0.08,0.05,2022X000,2022-01-01,Tynaarlo-2022X000,"1,16"
Tytsjerksteradiel,0.312,0.389,1.149,0.01,0.017,2022X000,2022-01-01,Tytsjerksteradiel-2022X000,"0,418"
Uitgeest,0.33799999999999997,0.39399999999999996,1.197,-0.017,0.042,2022X000,2022-01-01,Uitgeest-2022X000,"0,401"
Uithoorn,0.48,0.67,1.07,0.03,-0.05,2022X000,2022-01-01,Uithoorn-2022X000,"0,67"
Urk,0.24,1.38,1.14,0.87,0.005,2022X000,2022-01-01,Urk-2022X000,"1,42"
Utrecht,0.3,0.884,1.0859999999999999,0.061,0.004,2022X000,2022-01-01,Utrecht-2022X000,"0,908"
Utrechtse Heuvelrug,0.138,0.917,1.1840000000000002,0.032,0.026000000000000002,2022X000,2022-01-01,Utrechtse Heuvelrug-2022X000,"0,933"
Vaals,0.132,0.73,1.022,0.124,0.001,2022X000,2022-01-01,Vaals-2022X000,"0,73"
Valkenswaard,0.17,0.62,1.07,0.07,-0.03,2022X000,2022-01-01,Valkenswaard-2022X000,"0,67"
Veendam,0.545,0.14800000000000002,0.972,0.017,0.135,2022X000,2022-01-01,Veendam-2022X000,"0,183"
Veenendaal,0.25,0.81,0.83,0.006999999999999999,-0.005,2022X000,2022-01-01,Veenendaal-2022X000,"0,87"
Veere,0.22,0.76,0.88,0.05,0.03,2022X000,2022-01-01,Veere-2022X000,"0,83"
Venlo,0.3,0.32,0.9620000000000001,0.004,0.005,2022X000,2022-01-01,Venlo-2022X000,"0,39"
Vlaardingen,0.11599999999999999,0.8640000000000001,1.063,0.057999999999999996,0.001,2022X000,2022-01-01,Vlaardingen-2022X000,"0,872"
Vlissingen,-0.14,0.71,1.12,0.025,-0.04,2022X000,2022-01-01,Vlissingen-2022X000,"0,69"
Voorne aan Zee,0.415,1.038,1.064,0.17800000000000002,-0.013999999999999999,2022X000,2022-01-01,Voorne aan Zee-2022X000,"1,088"
Voorst,0.17,0.88,1.03,-0.04,0.006999999999999999,2022X000,2022-01-01,Voorst-2022X000,"0,89"
Waalre,0.22,0.24,1.043,0.126,0.009000000000000001,2022X000,2022-01-01,Waalre-2022X000,"0,266"
Waalwijk,0.324,1.004,0.747,0.009000000000000001,0.025,2022X000,2022-01-01,Waalwijk-2022X000,"0,012"
Waddinxveen,0.37,0.78,1.06,0.15,0.036000000000000004,2022X000,2022-01-01,Waddinxveen-2022X000,"0,78"
Wageningen,0.40399999999999997,0.397,1.052,-0.013999999999999999,0.013999999999999999,2022X000,2022-01-01,Wageningen-2022X000,"0,441"
Weert,0.303,0.5670000000000001,0.988,0.044000000000000004,0.001,2022X000,2022-01-01,Weert-2022X000,"0,661"
West Betuwe,0.38,0.86,1.25,0.26,-0.002,2022X000,2022-01-01,West Betuwe-2022X000,"0,9"
Westerkwartier,0.12300000000000001,1.072,1.121,0.078,0.009000000000000001,2022X000,2022-01-01,Westerkwartier-2022X000,"1,072"
Westerveld,0.35200000000000004,0.20600000000000002,0.9620000000000001,-0.006999999999999999,-0.034,2022X000,2022-01-01,Westerveld-2022X000,"0,218"
Westerwolde,0.42,0.32,1.08,0.06,0.006999999999999999,2022X000,2022-01-01,Westerwolde-2022X000,"0,24"
Westland,0.348,0.848,1.187,0.373,0.013000000000000001,2022X000,2022-01-01,Westland-2022X000,"0,896"
Weststellingwerf,0.38799999999999996,0.502,0.8809999999999999,0.23399999999999999,0.08,2022X000,2022-01-01,Weststellingwerf-2022X000,"0,546"
Wierden,0.226,0.594,1.035,0.099,0.015,2022X000,2022-01-01,Wierden-2022X000,"0,719"
Winterswijk,0.321,0.79,1.02,0.021,0.027000000000000003,2022X000,2022-01-01,Winterswijk-2022X000,"0,853"
Woensdrecht,0.322,0.193,0.986,-0.019,0.017,2022X000,2022-01-01,Woensdrecht-2022X000,"0,229"
Woerden,0.17,1.57,1.14,0.09,0.012,2022X000,2022-01-01,Woerden-2022X000,"1,58"
Woudenberg,0.35700000000000004,0.09699999999999999,1.0979999999999999,0.358,0.017,2022X000,2022-01-01,Woudenberg-2022X000,"0,097"
Zaanstad,0.016,1.18,1.17,0.024,0.027999999999999997,2022X000,2022-01-01,Zaanstad-2022X000,"1,231"
Zaltbommel,0.331,0.5479999999999999,1.079,0.049,0.18100000000000002,2022X000,2022-01-01,Zaltbommel-2022X000,"0,576"
Zeist,0.59,0.2,1.2,0.01,-0.06,2022X000,2022-01-01,Zeist-2022X000,"0,24"
Zevenaar,0.226,0.741,0.99,-0.027999999999999997,0.017,2022X000,2022-01-01,Zevenaar-2022X000,"0,801"
Zoetermeer,0.624,0.125,0.9620000000000001,0.016,0.006999999999999999,2022X000,2022-01-01,Zoetermeer-2022X000,"0,135"
Zuidplas,0.22,1.15,1.04,0.06,-0.04,2022X000,2022-01-01,Zuidplas-2022X000,"1,18"
Zundert,0.21,0.63,1.19,0.01,0.027999999999999997,2022X000,2022-01-01,Zundert-2022X000,"0,65"
Zwijndrecht,0.3,1.04,1.14,0.02,0.012,2022X000,2022-01-01,Zwijndrecht-2022X000,"1,05"
Zwolle,0.402,0.38,0.905,0.084,0.016,2022X000,2022-01-01,Zwolle-2022X000,"0,404"
Aa en Hunze,0.5529999999999999,0.033,0.78,0.023,0.08,2022X005,2022-01-01,Aa en Hunze-2022X005,"0,04"
Aalsmeer,0.51,0.08,1.02,0.07,0.054000000000000006,2022X005,2022-01-01,Aalsmeer-2022X005,"0,12"
Aalten,0.36700000000000005,0.217,0.7390000000000001,0.005,0.003,2022X005,2022-01-01,Aalten-2022X005,"0,337"
Achtkarspelen,0.361,0.3,1.12,-0.004,0.06,2022X005,2022-01-01,Achtkarspelen-2022X005,"0,342"
Albrandswaard,0.35,0.45,1.28,0.04,0.055,2022X005,2022-01-01,Albrandswaard-2022X005,"0,47"
Alkmaar,0.299,0.624,0.747,0.039,0.054000000000000006,2022X005,2022-01-01,Alkmaar-2022X005,"0,654"
Almelo,0.22,0.24,1.09,0.07,0.1,2022X005,2022-01-01,Almelo-2022X005,"0,6"
Almere,0.322,0.312,1.018,0.253,0.027000000000000003,2022X005,2022-01-01,Almere-2022X005,"0,4"
Alphen aan den Rijn,0.53,0.203,0.005,0.09,0.057999999999999996,2022X005,2022-01-01,Alphen aan den Rijn-2022X005,"0,311"
Altena,0.34,0.6509999999999999,0.81,0.102,0.122,2022X005,2022-01-01,Altena-2022X005,"0,686"
Ameland,0.413,0.6759999999999999,0.722,-0.001,0.079,2022X005,2022-01-01,Ameland-2022X005,"0,688"
Amersfoort,0.285,0.28300000000000003,0.9590000000000001,0.038,0.043,2022X005,2022-01-01,Amersfoort-2022X005,"0,337"
Amsterdam,0.5,0.97,0.93,-0.079,0.04,2022X005,2022-01-01,Amsterdam-2022X005,"1,03"
Apeldoorn,0.33299999999999996,0.46,1.0170000000000001,-0.005,0.055,2022X005,2022-01-01,Apeldoorn-2022X005,"0,517"
Arnhem,0.285,0.606,1.0,0.03,0.15,2022X005,2022-01-01,Arnhem-2022X005,"0,652"
Assen,0.373,0.632,0.84,0.07,0.08900000000000001,2022X005,2022-01-01,Assen-2022X005,"0,648"
Barendrecht,0.261,0.852,1.001,0.033,-0.034,2022X005,2022-01-01,Barendrecht-2022X005,"0,852"
Barneveld,0.28,1.1159999999999999,0.987,0.23800000000000002,-0.156,2022X005,2022-01-01,Barneveld-2022X005,"1,2"
Beekdaelen,0.631,0.039,1.105,0.025,0.021,2022X005,2022-01-01,Beekdaelen-2022X005,"0,021"
Beesel,0.523,-0.126,0.87,-0.009000000000000001,0.11,2022X005,2022-01-01,Beesel-2022X005,"-0,107"
Bergeijk,0.37,0.39,0.92,0.12,0.03,2022X005,2022-01-01,Bergeijk-2022X005,"0,4"
Bergen op Zoom,0.17800000000000002,0.602,1.065,0.063,0.057,2022X005,2022-01-01,Bergen op Zoom-2022X005,"0,607"
Berkelland,0.509,0.105,0.885,0.01,-0.006,2022X005,2022-01-01,Berkelland-2022X005,"0,38"
Bernheze,0.534,-0.083,0.856,0.047,0.043,2022X005,2022-01-01,Bernheze-2022X005,"-0,059"
Best,0.597,-0.243,0.935,0.159,0.069,2022X005,2022-01-01,Best-2022X005,"-0,208"
Beuningen,0.22,0.24,0.9990000000000001,0.13,0.018000000000000002,2022X005,2022-01-01,Beuningen-2022X005,"0,28"
Beverwijk,0.365,0.109,1.01,-0.019,0.08,2022X005,2022-01-01,Beverwijk-2022X005,"0,229"
Bladel,0.311,0.726,0.91,0.04,0.10300000000000001,2022X005,2022-01-01,Bladel-2022X005,"0,751"
Bloemendaal,0.565,0.18100000000000002,2.141,0.006,0.057,2022X005,2022-01-01,Bloemendaal-2022X005,"0,192"
Bodegraven-Reeuwijk,0.139,1.182,1.354,-0.036000000000000004,0.040999999999999995,2022X005,2022-01-01,Bodegraven-Reeuwijk-2022X005,"1,198"
Boekel,0.38,0.33,1.1,0.28,0.04,2022X005,2022-01-01,Boekel-2022X005,"0,33"
Borne,0.31,0.79,1.07,0.53,0.03,2022X005,2022-01-01,Borne-2022X005,"0,79"
Boxtel,0.336,0.131,1.05,0.17,0.055999999999999994,2022X005,2022-01-01,Boxtel-2022X005,"0,18"
Breda,0.21100000000000002,0.355,0.951,0.019,0.018000000000000002,2022X005,2022-01-01,Breda-2022X005,"0,531"
Bronckhorst,0.649,-0.212,1.12,-0.001,0.19899999999999998,2022X005,2022-01-01,Bronckhorst-2022X005,"-0,097"
Brummen,0.195,0.742,1.148,0.174,0.111,2022X005,2022-01-01,Brummen-2022X005,"0,676"
Brunssum,0.642,-0.048,0.894,0.001,-0.005,2022X005,2022-01-01,Brunssum-2022X005,"0,028"
Bunnik,0.5820000000000001,0.19899999999999998,1.33,-0.009000000000000001,0.04,2022X005,2022-01-01,Bunnik-2022X005,"0,199"
Bunschoten,0.42200000000000004,0.35200000000000004,0.818,0.161,0.013999999999999999,2022X005,2022-01-01,Bunschoten-2022X005,"0,398"
Buren,0.32,-0.01,1.36,0.02,0.052000000000000005,2022X005,2022-01-01,Buren-2022X005,"-0,01"
Capelle aan den IJssel,0.628,0.168,0.799,0.017,0.07400000000000001,2022X005,2022-01-01,Capelle aan den IJssel-2022X005,"0,17"
Cranendonck,0.428,0.318,1.03,-0.004,0.076,2022X005,2022-01-01,Cranendonck-2022X005,"0,352"
Culemborg,0.301,0.483,1.18,0.016,0.013000000000000001,2022X005,2022-01-01,Culemborg-2022X005,"0,676"
Dalfsen,0.5660000000000001,0.015,1.01,0.04,0.063,2022X005,2022-01-01,Dalfsen-2022X005,"0,065"
Dantumadiel,0.306,0.218,1.08,0.008,0.12,2022X005,2022-01-01,Dantumadiel-2022X005,"0,237"
De Bilt,0.20199999999999999,0.598,1.22,0.09300000000000001,0.027000000000000003,2022X005,2022-01-01,De Bilt-2022X005,"0,604"
De Fryske Marren,0.282,0.36,0.873,0.015,0.038,2022X005,2022-01-01,De Fryske Marren-2022X005,"0,391"
De Ronde Venen,0.305,0.435,1.03,-0.013000000000000001,0.037000000000000005,2022X005,2022-01-01,De Ronde Venen-2022X005,"0,455"
De Wolden,0.55,0.02,0.84,0.013999999999999999,0.004,2022X005,2022-01-01,De Wolden-2022X005,"0,1"
Delft,0.41,0.257,1.286,-0.013000000000000001,-0.062,2022X005,2022-01-01,Delft-2022X005,"0,422"
Deurne,0.34,0.27,1.09,0.07,0.11800000000000001,2022X005,2022-01-01,Deurne-2022X005,"0,29"
Deventer,0.39,0.35,0.95,0.11,0.105,2022X005,2022-01-01,Deventer-2022X005,"0,39"
Diemen,0.33799999999999997,0.32,1.05,-0.162,0.151,2022X005,2022-01-01,Diemen-2022X005,"0,33"
Dijk en Waard,0.353,0.28800000000000003,0.88,0.084,0.024,2022X005,2022-01-01,Dijk en Waard-2022X005,"0,307"
Dinkelland,0.519,0.091,0.9,0.006,0.051,2022X005,2022-01-01,Dinkelland-2022X005,"0,027"
Doesburg,0.65,-0.11,1.09,-0.01,0.08,2022X005,2022-01-01,Doesburg-2022X005,"0,08"
Doetinchem,0.3,0.51,0.91,0.13,0.1,2022X005,2022-01-01,Doetinchem-2022X005,"0,56"
Dongen,0.193,0.67,1.06,0.10800000000000001,0.08900000000000001,2022X005,2022-01-01,Dongen-2022X005,"0,72"
Dordrecht,0.703,-0.003,0.93,0.10400000000000001,0.019,2022X005,2022-01-01,Dordrecht-2022X005,"0,067"
Drechterland,0.545,-0.146,1.0,-0.08,0.05,2022X005,2022-01-01,Drechterland-2022X005,"-0,034"
Drimmelen,0.52,0.21,0.76,0.03,-0.01,2022X005,2022-01-01,Drimmelen-2022X005,"0,24"
Dronten,0.59,-0.47,0.88,0.03,0.017,2022X005,2022-01-01,Dronten-2022X005,"-0,4"
Druten,0.31,0.37,0.84,0.01,0.08,2022X005,2022-01-01,Druten-2022X005,"0,49"
Duiven,0.413,-0.077,0.986,0.07200000000000001,0.045,2022X005,2022-01-01,Duiven-2022X005,"-0,041"
Echt-Susteren,0.40299999999999997,0.335,0.877,0.013000000000000001,0.091,2022X005,2022-01-01,Echt-Susteren-2022X005,"0,374"
Edam-Volendam,0.494,0.377,0.8909999999999999,-0.077,0.068,2022X005,2022-01-01,Edam-Volendam-2022X005,"0,491"
Ede,0.33,0.26,0.82,0.18,0.06,2022X005,2022-01-01,Ede-2022X005,"0,38"
Eemnes,0.168,1.217,1.528,0.251,0.012,2022X005,2022-01-01,Eemnes-2022X005,"1,444"
Eemsdelta,0.183,0.287,1.001,0.048,0.008,2022X005,2022-01-01,Eemsdelta-2022X005,"0,276"
Eersel,0.603,-0.429,0.92,-0.038,-0.040999999999999995,2022X005,2022-01-01,Eersel-2022X005,"-0,429"
Eijsden-Margraten,0.171,1.12,1.18,-0.004,0.04,2022X005,2022-01-01,Eijsden-Margraten-2022X005,"1,24"
Eindhoven,0.43799999999999994,0.317,1.003,0.038,0.113,2022X005,2022-01-01,Eindhoven-2022X005,"0,329"
Elburg,0.51,0.03,0.61,0.09699999999999999,0.022000000000000002,2022X005,2022-01-01,Elburg-2022X005,"0,11"
Emmen,0.16399999999999998,0.894,1.016,0.065,0.131,2022X005,2022-01-01,Emmen-2022X005,"1,063"
Enkhuizen,0.19399999999999998,0.485,0.98,0.071,0.04,2022X005,2022-01-01,Enkhuizen-2022X005,"0,573"
Enschede,0.34,0.21,1.07,0.01,0.046,2022X005,2022-01-01,Enschede-2022X005,"0,25"
Epe,0.76,-0.192,0.83,-0.006999999999999999,0.075,2022X005,2022-01-01,Epe-2022X005,"-0,129"
Ermelo,0.35600000000000004,0.187,1.459,0.01,0.051,2022X005,2022-01-01,Ermelo-2022X005,"0,187"
Etten-Leur,0.22,0.627,0.9,0.14400000000000002,0.12,2022X005,2022-01-01,Etten-Leur-2022X005,"0,642"
Geertruidenberg,0.21600000000000003,0.341,0.95,0.042,0.004,2022X005,2022-01-01,Geertruidenberg-2022X005,"0,38"
Geldrop-Mierlo,0.284,0.6629999999999999,0.83,0.158,0.06,2022X005,2022-01-01,Geldrop-Mierlo-2022X005,"0,736"
Gennep,0.335,0.205,0.9470000000000001,0.025,0.054000000000000006,2022X005,2022-01-01,Gennep-2022X005,"0,22"
Gilze en Rijen,0.31,0.21100000000000002,0.75,0.083,0.04,2022X005,2022-01-01,Gilze en Rijen-2022X005,"0,23"
Goeree-Overflakkee,0.545,0.017,1.003,0.012,0.139,2022X005,2022-01-01,Goeree-Overflakkee-2022X005,"0,103"
Goes,0.3,0.64,0.98,-0.003,0.03,2022X005,2022-01-01,Goes-2022X005,"0,7"
Goirle,0.4,0.306,0.991,-0.022000000000000002,0.094,2022X005,2022-01-01,Goirle-2022X005,"0,355"
Gooise Meren,0.213,0.7120000000000001,1.062,0.047,0.051,2022X005,2022-01-01,Gooise Meren-2022X005,"0,714"
Gorinchem,0.409,0.527,0.9990000000000001,0.391,0.11199999999999999,2022X005,2022-01-01,Gorinchem-2022X005,"0,532"
Gouda,0.249,0.711,1.1909999999999998,0.022000000000000002,0.07,2022X005,2022-01-01,Gouda-2022X005,"0,714"
Groningen,0.08900000000000001,0.955,1.178,0.039,0.040999999999999995,2022X005,2022-01-01,Groningen-2022X005,"1,273"
Gulpen-Wittem,0.161,0.899,1.114,0.006,0.1,2022X005,2022-01-01,Gulpen-Wittem-2022X005,"0,945"
Haaksbergen,0.22699999999999998,0.267,1.13,0.004,0.08,2022X005,2022-01-01,Haaksbergen-2022X005,"0,332"
Haarlem,0.32799999999999996,0.564,1.11,0.01,0.07,2022X005,2022-01-01,Haarlem-2022X005,"0,58"
Haarlemmermeer,0.34600000000000003,0.7240000000000001,1.05,0.185,0.063,2022X005,2022-01-01,Haarlemmermeer-2022X005,"0,793"
Halderberge,0.215,0.632,1.014,0.061,0.09,2022X005,2022-01-01,Halderberge-2022X005,"0,65"
Hardenberg,0.46,0.4,0.94,0.04,0.04,2022X005,2022-01-01,Hardenberg-2022X005,"0,41"
Harderwijk,0.35100000000000003,0.6509999999999999,0.8390000000000001,0.495,0.039,2022X005,2022-01-01,Harderwijk-2022X005,"0,672"
Harlingen,0.35,0.617,0.892,0.016,0.016,2022X005,2022-01-01,Harlingen-2022X005,"0,625"
Hattem,0.162,0.61,1.11,0.037000000000000005,0.009000000000000001,2022X005,2022-01-01,Hattem-2022X005,"0,86"
Heemskerk,0.5710000000000001,0.11900000000000001,0.9670000000000001,-0.009000000000000001,0.044000000000000004,2022X005,2022-01-01,Heemskerk-2022X005,"0,153"
Heerde,0.35,0.41,1.16,0.02,0.09,2022X005,2022-01-01,Heerde-2022X005,"0,43"
Heerenveen,0.282,0.337,0.903,0.066,0.036000000000000004,2022X005,2022-01-01,Heerenveen-2022X005,"0,338"
Heerlen,0.127,0.7390000000000001,0.912,0.013999999999999999,0.037000000000000005,2022X005,2022-01-01,Heerlen-2022X005,"0,731"
Heeze-Leende,0.33399999999999996,0.174,1.05,-0.03,0.07,2022X005,2022-01-01,Heeze-Leende-2022X005,"0,396"
Heiloo,0.28600000000000003,0.36,1.08,0.052000000000000005,0.03,2022X005,2022-01-01,Heiloo-2022X005,"0,372"
Hellendoorn,0.22699999999999998,0.56,0.919,-0.005,0.038,2022X005,2022-01-01,Hellendoorn-2022X005,"0,597"
Helmond,0.532,0.207,0.97,0.297,0.039,2022X005,2022-01-01,Helmond-2022X005,"0,213"
Hendrik-Ido-Ambacht,0.284,0.807,0.99,0.5720000000000001,0.055,2022X005,2022-01-01,Hendrik-Ido-Ambacht-2022X005,"0,835"
Hengelo,0.163,0.493,0.863,0.135,0.043,2022X005,2022-01-01,Hengelo-2022X005,"1,234"
Het Hogeland,0.32,0.37,1.02,-0.01,0.12,2022X005,2022-01-01,Het Hogeland-2022X005,"0,43"
Heusden,0.295,0.505,0.88,0.28,0.081,2022X005,2022-01-01,Heusden-2022X005,"0,548"
Hillegom,0.722,-0.20199999999999999,1.178,-0.047,0.09699999999999999,2022X005,2022-01-01,Hillegom-2022X005,"-0,049"
Hilvarenbeek,0.228,0.547,1.02,0.16399999999999998,0.07,2022X005,2022-01-01,Hilvarenbeek-2022X005,"0,608"
Hilversum,0.249,0.532,1.02,0.018000000000000002,0.037000000000000005,2022X005,2022-01-01,Hilversum-2022X005,"0,593"
Hoogeveen,0.28,0.37,0.95,0.055999999999999994,0.11,2022X005,2022-01-01,Hoogeveen-2022X005,"0,41"
Hoorn,0.322,0.29,0.96,-0.042,0.069,2022X005,2022-01-01,Hoorn-2022X005,"0,472"
Horst aan de Maas,0.35,0.29,0.97,-0.01,0.13,2022X005,2022-01-01,Horst aan de Maas-2022X005,"0,35"
Houten,0.38,0.43,0.95,0.05,0.046,2022X005,2022-01-01,Houten-2022X005,"0,45"
Huizen,0.65,-0.63,1.05,0.01,0.07,2022X005,2022-01-01,Huizen-2022X005,"-0,24"
Hulst,0.418,0.294,0.9540000000000001,0.025,0.069,2022X005,2022-01-01,Hulst-2022X005,"0,3"
IJsselstein,0.301,0.10400000000000001,1.179,-0.002,0.075,2022X005,2022-01-01,IJsselstein-2022X005,"0,239"
Kaag en Braassem,0.42,0.373,1.14,0.07,0.1,2022X005,2022-01-01,Kaag en Braassem-2022X005,"0,488"
Kapelle,0.363,0.8340000000000001,0.96,0.05,0.07,2022X005,2022-01-01,Kapelle-2022X005,"0,868"
Katwijk,0.317,0.738,0.98,0.109,0.06,2022X005,2022-01-01,Katwijk-2022X005,"0,807"
Kerkrade,0.19699999999999998,0.5379999999999999,1.217,-0.008,0.009000000000000001,2022X005,2022-01-01,Kerkrade-2022X005,"0,674"
Koggenland,0.49700000000000005,0.109,0.835,0.023,0.025,2022X005,2022-01-01,Koggenland-2022X005,"0,155"
Krimpen aan den IJssel,0.465,0.252,1.173,0.078,0.055,2022X005,2022-01-01,Krimpen aan den IJssel-2022X005,"0,375"
Laarbeek,0.611,0.049,0.8759999999999999,0.264,0.154,2022X005,2022-01-01,Laarbeek-2022X005,"0,049"
Land van Cuijk,0.431,0.354,0.9,0.077,0.11,2022X005,2022-01-01,Land van Cuijk-2022X005,"0,389"
Landgraaf,0.39299999999999996,0.214,1.074,0.028999999999999998,0.025,2022X005,2022-01-01,Landgraaf-2022X005,"0,298"
Landsmeer,0.184,0.507,1.37,0.031,-0.02,2022X005,2022-01-01,Landsmeer-2022X005,"0,517"
Laren,0.156,0.218,1.4669999999999999,-0.028999999999999998,0.009000000000000001,2022X005,2022-01-01,Laren-2022X005,"0,57"
Leeuwarden,0.172,0.6459999999999999,0.845,0.25,0.035,2022X005,2022-01-01,Leeuwarden-2022X005,"0,654"
Leiden,0.312,0.9640000000000001,1.271,0.016,0.057,2022X005,2022-01-01,Leiden-2022X005,"0,997"
Leiderdorp,0.42200000000000004,0.292,1.396,-0.023,0.096,2022X005,2022-01-01,Leiderdorp-2022X005,"0,345"
Leidschendam-Voorburg,0.631,0.19,0.9359999999999999,0.155,0.032,2022X005,2022-01-01,Leidschendam-Voorburg-2022X005,"0,266"
Lelystad,0.284,0.10400000000000001,0.0,0.09,0.07,2022X005,2022-01-01,Lelystad-2022X005,"0,161"
Leudal,0.53,0.29,0.88,0.02,0.11,2022X005,2022-01-01,Leudal-2022X005,"0,33"
Leusden,0.534,0.084,0.86,0.043,0.07,2022X005,2022-01-01,Leusden-2022X005,"0,128"
Lingewaard,0.38799999999999996,0.303,1.131,-0.009000000000000001,0.023,2022X005,2022-01-01,Lingewaard-2022X005,"0,345"
Lochem,0.545,-0.06,1.0070000000000001,0.08,0.087,2022X005,2022-01-01,Lochem-2022X005,"0,007"
Loon op Zand,0.36700000000000005,0.247,0.981,0.012,0.109,2022X005,2022-01-01,Loon op Zand-2022X005,"0,259"
Losser,0.40700000000000003,0.316,1.0090000000000001,-0.015,0.057,2022X005,2022-01-01,Losser-2022X005,"0,369"
Maasgouw,0.45899999999999996,0.375,0.856,0.003,0.053,2022X005,2022-01-01,Maasgouw-2022X005,"0,467"
Maashorst,0.457,0.349,0.804,0.15,0.076,2022X005,2022-01-01,Maashorst-2022X005,"0,364"
Maassluis,0.402,0.348,1.23,0.003,0.061,2022X005,2022-01-01,Maassluis-2022X005,"0,392"
Medemblik,0.49,-0.08,0.98,0.018000000000000002,0.06,2022X005,2022-01-01,Medemblik-2022X005,"-0,054"
Meierijstad,0.415,0.377,0.956,0.27699999999999997,0.08900000000000001,2022X005,2022-01-01,Meierijstad-2022X005,"0,394"
Meppel,0.18600000000000003,0.6579999999999999,0.76,0.258,0.069,2022X005,2022-01-01,Meppel-2022X005,"0,715"
Midden-Delfland,0.38,1.22,1.16,0.1,0.04,2022X005,2022-01-01,Midden-Delfland-2022X005,"1,25"
Midden-Drenthe,0.39,0.299,0.84,0.031,0.18,2022X005,2022-01-01,Midden-Drenthe-2022X005,"0,4"
Midden-Groningen,0.145,0.425,1.03,0.004,0.062,2022X005,2022-01-01,Midden-Groningen-2022X005,"0,454"
Moerdijk,0.489,-0.10800000000000001,0.92,0.035,-0.002,2022X005,2022-01-01,Moerdijk-2022X005,"-0,008"
Molenlanden,0.612,-0.044000000000000004,0.9229999999999999,0.039,0.086,2022X005,2022-01-01,Molenlanden-2022X005,"0,018"
Montfoort,0.136,0.41200000000000003,1.246,-0.002,0.039,2022X005,2022-01-01,Montfoort-2022X005,"0,416"
Nederweert,0.52,-0.67,0.97,0.02,0.08,2022X005,2022-01-01,Nederweert-2022X005,"-0,65"
Nieuwegein,0.29,0.51,0.9,0.062,0.004,2022X005,2022-01-01,Nieuwegein-2022X005,"0,46"
Nieuwkoop,0.509,0.09,1.163,0.462,0.046,2022X005,2022-01-01,Nieuwkoop-2022X005,"0,151"
Nijkerk,0.419,0.446,0.75,0.233,0.049,2022X005,2022-01-01,Nijkerk-2022X005,"0,472"
Nijmegen,0.18600000000000003,0.48100000000000004,1.27,0.191,0.044000000000000004,2022X005,2022-01-01,Nijmegen-2022X005,"0,523"
Nissewaard,0.34299999999999997,0.445,0.96,0.11,0.052000000000000005,2022X005,2022-01-01,Nissewaard-2022X005,"0,496"
Noord-Beveland,0.608,0.04,0.875,-0.003,0.106,2022X005,2022-01-01,Noord-Beveland-2022X005,"0,059"
Noordoostpolder,0.7609999999999999,-0.382,0.93,0.092,0.1,2022X005,2022-01-01,Noordoostpolder-2022X005,"-0,358"
Noordwijk,0.602,0.24,1.138,0.098,0.10400000000000001,2022X005,2022-01-01,Noordwijk-2022X005,"0,336"
"Nuenen, Gerwen en Nederwetten",0.33399999999999996,1.0190000000000001,1.18,1.24,0.09,2022X005,2022-01-01,"Nuenen, Gerwen en Nederwetten-2022X005","1,062"
Nunspeet,0.614,0.11199999999999999,0.721,0.07,0.145,2022X005,2022-01-01,Nunspeet-2022X005,"0,143"
Oegstgeest,0.24100000000000002,0.611,1.534,-0.034,0.025,2022X005,2022-01-01,Oegstgeest-2022X005,"0,651"
Oirschot,0.55,0.22,0.92,0.006,0.04,2022X005,2022-01-01,Oirschot-2022X005,"0,23"
Oisterwijk,0.25,0.4,1.07,0.032,0.081,2022X005,2022-01-01,Oisterwijk-2022X005,"0,43"
Oldambt,0.387,0.146,0.966,0.002,-0.017,2022X005,2022-01-01,Oldambt-2022X005,"0,204"
Oldebroek,0.42,0.11,0.9,0.03,0.06,2022X005,2022-01-01,Oldebroek-2022X005,"0,18"
Olst-Wijhe,0.267,0.31,1.123,-0.015,0.086,2022X005,2022-01-01,Olst-Wijhe-2022X005,"0,475"
Oosterhout,0.613,0.275,0.909,0.051,0.034,2022X005,2022-01-01,Oosterhout-2022X005,"0,336"
Ooststellingwerf,0.64,0.14,0.89,0.01,0.06,2022X005,2022-01-01,Ooststellingwerf-2022X005,"0,2"
Opmeer,0.67,0.3,1.24,0.02,0.13,2022X005,2022-01-01,Opmeer-2022X005,"0,35"
Opsterland,0.374,0.086,0.915,-0.05,0.054000000000000006,2022X005,2022-01-01,Opsterland-2022X005,"0,086"
Oude IJsselstreek,0.231,0.772,0.9329999999999999,0.062,0.013000000000000001,2022X005,2022-01-01,Oude IJsselstreek-2022X005,"0,86"
Oudewater,0.209,0.54,1.23,0.10300000000000001,0.085,2022X005,2022-01-01,Oudewater-2022X005,"0,555"
Overbetuwe,0.261,0.6609999999999999,0.804,0.025,0.055,2022X005,2022-01-01,Overbetuwe-2022X005,"0,725"
Papendrecht,0.503,0.331,1.0,-0.013999999999999999,0.109,2022X005,2022-01-01,Papendrecht-2022X005,"0,499"
Peel en Maas,0.304,0.648,0.91,0.028999999999999998,0.04,2022X005,2022-01-01,Peel en Maas-2022X005,"0,721"
Pekela,0.586,-0.157,1.02,0.04,0.08800000000000001,2022X005,2022-01-01,Pekela-2022X005,"-0,156"
Pijnacker-Nootdorp,0.612,-0.149,1.052,0.022000000000000002,0.048,2022X005,2022-01-01,Pijnacker-Nootdorp-2022X005,"-0,149"
Purmerend,0.213,0.785,1.005,0.081,0.061,2022X005,2022-01-01,Purmerend-2022X005,"0,815"
Putten,0.631,-0.318,0.898,-0.017,0.127,2022X005,2022-01-01,Putten-2022X005,"-0,193"
Reimerswaal,0.51,0.25,0.93,-0.094,0.11,2022X005,2022-01-01,Reimerswaal-2022X005,"0,3"
Renswoude,0.17,1.2,1.01,0.17,-0.015,2022X005,2022-01-01,Renswoude-2022X005,"1,11"
Rheden,0.213,0.563,0.9,0.002,0.019,2022X005,2022-01-01,Rheden-2022X005,"0,596"
Rhenen,0.32799999999999996,0.504,1.055,0.005,0.063,2022X005,2022-01-01,Rhenen-2022X005,"0,587"
Ridderkerk,0.593,0.021,0.982,-0.046,0.012,2022X005,2022-01-01,Ridderkerk-2022X005,"0,061"
Rijssen-Holten,0.55,0.33799999999999997,0.6809999999999999,0.04,0.11599999999999999,2022X005,2022-01-01,Rijssen-Holten-2022X005,"0,351"
Rijswijk,0.22699999999999998,1.024,0.9990000000000001,0.40399999999999997,0.047,2022X005,2022-01-01,Rijswijk-2022X005,"1,027"
Roerdalen,0.46399999999999997,0.151,1.03,0.43,-0.04,2022X005,2022-01-01,Roerdalen-2022X005,"0,166"
Roermond,0.34600000000000003,0.35,0.996,0.015,-0.013000000000000001,2022X005,2022-01-01,Roermond-2022X005,"0,364"
Rotterdam,0.64,0.09699999999999999,1.01,-0.028999999999999998,0.017,2022X005,2022-01-01,Rotterdam-2022X005,"0,117"
Rucphen,0.547,0.405,0.958,0.132,0.059000000000000004,2022X005,2022-01-01,Rucphen-2022X005,"0,411"
Schagen,0.43,0.276,1.16,0.017,-0.023,2022X005,2022-01-01,Schagen-2022X005,"0,228"
Scherpenzeel,0.42100000000000004,0.17300000000000001,1.033,0.35200000000000004,-0.008,2022X005,2022-01-01,Scherpenzeel-2022X005,"0,346"
Schiedam,0.231,1.194,1.013,0.057,0.040999999999999995,2022X005,2022-01-01,Schiedam-2022X005,"1,239"
Schiermonnikoog,0.282,0.312,0.96,0.055,0.069,2022X005,2022-01-01,Schiermonnikoog-2022X005,"0,345"
Schouwen-Duiveland,0.272,0.387,1.234,0.02,0.096,2022X005,2022-01-01,Schouwen-Duiveland-2022X005,"0,414"
Sint-Michielsgestel,0.47700000000000004,-0.10400000000000001,1.093,0.09300000000000001,-0.03,2022X005,2022-01-01,Sint-Michielsgestel-2022X005,"-0,078"
Sittard-Geleen,0.18100000000000002,0.748,1.128,0.011000000000000001,0.084,2022X005,2022-01-01,Sittard-Geleen-2022X005,"0,772"
Sliedrecht,0.5,0.196,0.91,0.023,0.046,2022X005,2022-01-01,Sliedrecht-2022X005,"0,217"
Soest,0.45,0.16,0.97,0.03,0.06,2022X005,2022-01-01,Soest-2022X005,"0,16"
Someren,0.71,0.07,0.9,-0.069,0.042,2022X005,2022-01-01,Someren-2022X005,"-0,31"
Staphorst,0.83,-0.5,0.87,0.08,0.08,2022X005,2022-01-01,Staphorst-2022X005,"-0,48"
Steenbergen,0.474,-0.14300000000000002,1.114,-0.115,0.002,2022X005,2022-01-01,Steenbergen-2022X005,"-0,086"
Steenwijkerland,0.354,0.302,0.72,0.03,0.057,2022X005,2022-01-01,Steenwijkerland-2022X005,"0,36"
Stein,0.27,0.76,1.03,0.024,0.078,2022X005,2022-01-01,Stein-2022X005,"0,8"
Stichtse Vecht,0.21,0.63,1.021,0.002,0.001,2022X005,2022-01-01,Stichtse Vecht-2022X005,"0,64"
Súdwest-Fryslân,0.248,0.39,0.8740000000000001,0.019,0.026000000000000002,2022X005,2022-01-01,Súdwest-Fryslân-2022X005,"0,466"
Terneuzen,0.34700000000000003,0.484,0.9059999999999999,0.031,0.142,2022X005,2022-01-01,Terneuzen-2022X005,"0,491"
Terschelling,0.3,0.32,0.85,0.09,-0.01,2022X005,2022-01-01,Terschelling-2022X005,"0,29"
Texel,0.337,0.525,0.95,0.043,0.07,2022X005,2022-01-01,Texel-2022X005,"0,571"
Teylingen,0.541,-0.021,0.932,0.027000000000000003,0.016,2022X005,2022-01-01,Teylingen-2022X005,"0,117"
Tholen,0.39,0.2,0.98,0.03,0.07,2022X005,2022-01-01,Tholen-2022X005,"0,23"
Tilburg,0.643,0.223,0.69,0.032,0.03,2022X005,2022-01-01,Tilburg-2022X005,"0,262"
Tubbergen,0.613,-0.004,0.84,-0.01,0.047,2022X005,2022-01-01,Tubbergen-2022X005,"-0,033"
Tynaarlo,0.48,0.35,0.81,0.1,0.08,2022X005,2022-01-01,Tynaarlo-2022X005,"0,36"
Tytsjerksteradiel,0.488,0.022000000000000002,1.072,0.008,0.085,2022X005,2022-01-01,Tytsjerksteradiel-2022X005,"0,046"
Uitgeest,0.325,0.342,1.1059999999999999,-0.024,0.057,2022X005,2022-01-01,Uitgeest-2022X005,"0,386"
Urk,0.3,0.87,0.99,0.66,0.057,2022X005,2022-01-01,Urk-2022X005,"0,97"
Utrecht,0.382,0.589,1.092,0.046,0.013000000000000001,2022X005,2022-01-01,Utrecht-2022X005,"0,604"
Utrechtse Heuvelrug,0.172,0.7120000000000001,1.265,0.025,0.121,2022X005,2022-01-01,Utrechtse Heuvelrug-2022X005,"0,726"
Vaals,0.267,0.418,1.16,0.115,0.10300000000000001,2022X005,2022-01-01,Vaals-2022X005,"0,418"
Valkenburg aan de Geul,0.638,-0.308,0.94,0.006,0.05,2022X005,2022-01-01,Valkenburg aan de Geul-2022X005,"-0,294"
Valkenswaard,0.33,0.439,1.16,-0.006999999999999999,0.03,2022X005,2022-01-01,Valkenswaard-2022X005,"0,461"
Veenendaal,0.34,0.56,0.83,0.016,0.024,2022X005,2022-01-01,Veenendaal-2022X005,"0,62"
Veere,0.33,0.26,0.88,0.04,0.09300000000000001,2022X005,2022-01-01,Veere-2022X005,"0,35"
Veldhoven,0.282,0.765,0.89,0.406,0.05,2022X005,2022-01-01,Veldhoven-2022X005,"0,783"
Velsen,0.218,0.518,1.047,0.043,0.064,2022X005,2022-01-01,Velsen-2022X005,"0,542"
Venlo,0.344,0.19899999999999998,0.9620000000000001,0.05,0.11,2022X005,2022-01-01,Venlo-2022X005,"0,26"
Venray,0.38,0.38,0.9,-0.01,0.07,2022X005,2022-01-01,Venray-2022X005,"0,48"
Vlaardingen,0.215,0.73,0.893,0.059000000000000004,0.077,2022X005,2022-01-01,Vlaardingen-2022X005,"0,737"
Vlissingen,0.03,0.486,0.97,0.04,0.06,2022X005,2022-01-01,Vlissingen-2022X005,"0,497"
Voorne aan Zee,0.456,0.598,1.071,0.084,-0.016,2022X005,2022-01-01,Voorne aan Zee-2022X005,"0,653"
Voorschoten,0.428,0.157,1.524,0.059000000000000004,0.063,2022X005,2022-01-01,Voorschoten-2022X005,"0,208"
Voorst,0.261,0.606,1.13,0.09699999999999999,0.049,2022X005,2022-01-01,Voorst-2022X005,"0,611"
Vught,0.433,0.625,1.23,0.034,0.135,2022X005,2022-01-01,Vught-2022X005,"0,633"
Waadhoeke,0.42,0.07,1.04,0.1,0.04,2022X005,2022-01-01,Waadhoeke-2022X005,"0,09"
Waalre,0.212,0.35200000000000004,0.9890000000000001,0.124,0.038,2022X005,2022-01-01,Waalre-2022X005,"0,375"
Waalwijk,0.42,0.669,0.7859999999999999,0.027999999999999997,0.064,2022X005,2022-01-01,Waalwijk-2022X005,"0,776"
Waddinxveen,0.45299999999999996,0.455,1.08,0.16399999999999998,0.006999999999999999,2022X005,2022-01-01,Waddinxveen-2022X005,"0,461"
Wageningen,0.44299999999999995,0.11599999999999999,1.052,-0.013999999999999999,0.078,2022X005,2022-01-01,Wageningen-2022X005,"0,156"
Waterland,0.276,0.45899999999999996,1.09,0.261,0.045,2022X005,2022-01-01,Waterland-2022X005,"0,482"
Weert,0.38,0.325,0.8959999999999999,0.011000000000000001,0.035,2022X005,2022-01-01,Weert-2022X005,"0,402"
West Betuwe,0.546,0.20800000000000002,1.39,0.18600000000000003,0.045,2022X005,2022-01-01,West Betuwe-2022X005,"0,244"
West Maas en Waal,0.287,0.212,0.97,0.003,0.05,2022X005,2022-01-01,West Maas en Waal-2022X005,"0,506"
Westerkwartier,0.212,0.66,1.11,0.07200000000000001,0.081,2022X005,2022-01-01,Westerkwartier-2022X005,"0,694"
Westerveld,0.373,0.094,0.983,-0.027000000000000003,0.064,2022X005,2022-01-01,Westerveld-2022X005,"0,114"
Westervoort,0.156,0.309,0.98,0.015,0.09,2022X005,2022-01-01,Westervoort-2022X005,"0,356"
Westerwolde,0.56,0.10800000000000001,1.07,0.019,0.052000000000000005,2022X005,2022-01-01,Westerwolde-2022X005,"0,155"
Westland,0.373,0.8190000000000001,1.192,0.413,-0.008,2022X005,2022-01-01,Westland-2022X005,"0,869"
Weststellingwerf,0.43,0.257,0.8809999999999999,0.08900000000000001,0.135,2022X005,2022-01-01,Weststellingwerf-2022X005,"0,258"
Wierden,0.38799999999999996,-0.040999999999999995,0.986,0.023,0.036000000000000004,2022X005,2022-01-01,Wierden-2022X005,"0,084"
Wijk bij Duurstede,0.22899999999999998,0.465,0.99,-0.002,-0.02,2022X005,2022-01-01,Wijk bij Duurstede-2022X005,"0,531"
Winterswijk,0.34299999999999997,0.593,0.99,0.061,0.025,2022X005,2022-01-01,Winterswijk-2022X005,"0,639"
Woensdrecht,0.47600000000000003,-0.048,0.929,-0.016,0.083,2022X005,2022-01-01,Woensdrecht-2022X005,"0,002"
Woerden,0.23199999999999998,1.061,1.02,-0.002,0.038,2022X005,2022-01-01,Woerden-2022X005,"1,066"
Woudenberg,0.376,-0.013000000000000001,1.133,0.015,0.037000000000000005,2022X005,2022-01-01,Woudenberg-2022X005,"-0,013"
Zaanstad,0.222,0.91,1.0659999999999998,0.057,0.078,2022X005,2022-01-01,Zaanstad-2022X005,"0,97"
Zaltbommel,0.546,0.21100000000000002,1.012,0.07400000000000001,0.068,2022X005,2022-01-01,Zaltbommel-2022X005,"0,235"
Zandvoort,0.428,0.35100000000000003,1.02,0.065,0.09,2022X005,2022-01-01,Zandvoort-2022X005,"0,371"
Zeist,0.659,0.013999999999999999,1.204,0.005,0.063,2022X005,2022-01-01,Zeist-2022X005,"0,041"
Zevenaar,0.33399999999999996,0.46399999999999997,0.92,0.151,0.033,2022X005,2022-01-01,Zevenaar-2022X005,"0,562"
Zoetermeer,0.655,-0.10400000000000001,1.02,0.004,0.071,2022X005,2022-01-01,Zoetermeer-2022X005,"-0,098"
Zoeterwoude,0.494,0.201,1.113,-0.003,0.018000000000000002,2022X005,2022-01-01,Zoeterwoude-2022X005,"0,246"
Zuidplas,0.292,0.7759999999999999,1.0390000000000001,0.053,-0.068,2022X005,2022-01-01,Zuidplas-2022X005,"0,814"
Zundert,0.33,0.19,1.19,0.01,0.065,2022X005,2022-01-01,Zundert-2022X005,"0,18"
Zutphen,0.32,0.39,0.97,-0.02,0.05,2022X005,2022-01-01,Zutphen-2022X005,"0,44"
Zwartewaterland,0.337,0.659,0.8170000000000001,0.12300000000000001,0.11800000000000001,2022X005,2022-01-01,Zwartewaterland-2022X005,"0,71"
Zwijndrecht,0.298,0.8740000000000001,1.084,0.063,0.037000000000000005,2022X005,2022-01-01,Zwijndrecht-2022X005,"0,907"
Aa en Hunze,0.43,0.34,0.92,0.08,0.02,2021X000,2021-01-01,Aa en Hunze-2021X000,"0,34"
Alphen-Chaam,0.18,0.87,1.3,0.05,0.02,2025X000,2025-01-01,Alphen-Chaam-2025X000,"0,87"
Ameland,0.29100000000000004,1.0859999999999999,0.8740000000000001,0.03,0.02,2020X000,2020-01-01,Ameland-2020X000,"1,086"
Arnhem,0.27,0.73,1.1,0.1,0.02,2025X000,2025-01-01,Arnhem-2025X000,"0,76"
Asten,0.3,0.66,0.9,0.16,0.02,2024X000,2024-01-01,Asten-2024X000,"0,66"
Baarle-Nassau,0.56,0.13,0.9,-0.01,0.02,2022X000,2022-01-01,Baarle-Nassau-2022X000,"0,13"
Bergeijk,0.38,0.52,0.96,0.16,0.02,2021X000,2021-01-01,Bergeijk-2021X000,"0,53"
Bergen (NH.),0.32,0.83,1.27,-0.01,0.02,2021X000,2021-01-01,Bergen (NH.)-2021X000,"0,89"
Best,0.748,0.009000000000000001,0.9790000000000001,0.57,0.02,2020X000,2020-01-01,Best-2020X000,"0,093"
Beuningen,0.272,0.03,0.99,0.14,0.02,2024X000,2024-01-01,Beuningen-2024X000,"0,08"
Beverwijk,0.37,0.09,0.94,0.01,0.02,2024X000,2024-01-01,Beverwijk-2024X000,"0,21"
Bladel,0.31,0.73,0.93,0.03,0.02,2020X000,2020-01-01,Bladel-2020X000,"0,76"
Bladel,0.29,1.41,0.74,0.11,0.02,2025X000,2025-01-01,Bladel-2025X000,"1,44"
Boekel,0.26,0.73,1.04,0.5,0.02,2023X000,2023-01-01,Boekel-2023X000,"0,74"
Borne,0.21,0.98,1.05,0.35,0.02,2024X000,2024-01-01,Borne-2024X000,"0,98"
Borsele,0.42,0.32,0.9,0.01,0.02,2024X000,2024-01-01,Borsele-2024X000,"0,37"
Boxtel,0.047,0.055,1.113,0.006999999999999999,0.02,2020X000,2020-01-01,Boxtel-2020X000,"0,069"
Bronckhorst,0.615,0.057,1.05,0.005,0.02,2023X000,2023-01-01,Bronckhorst-2023X000,"0,184"
Coevorden,0.32,0.67,0.94,0.11,0.02,2019X000,2019-01-01,Coevorden-2019X000,"0,72"
Coevorden,0.33,0.65,1.02,0.08,0.02,2021X000,2021-01-01,Coevorden-2021X000,"0,71"
Coevorden,0.37,0.58,0.97,0.06,0.02,2023X000,2023-01-01,Coevorden-2023X000,"0,65"
Coevorden,0.37,0.4,1.028,0.06,0.02,2024X000,2024-01-01,Coevorden-2024X000,"0,47"
Coevorden,0.31,0.6,0.9890000000000001,0.03,0.02,2025X000,2025-01-01,Coevorden-2025X000,"0,68"
Dalfsen,0.57,0.05,0.93,-0.022000000000000002,0.02,2020X000,2020-01-01,Dalfsen-2020X000,"0,15"
De Wolden,0.4,0.55,0.93,0.01,0.02,2022X000,2022-01-01,De Wolden-2022X000,"0,7"
Den Helder,0.19,0.43,0.98,0.02,0.02,2023X000,2023-01-01,Den Helder-2023X000,"0,74"
Deurne,0.28,0.47,1.18,0.006999999999999999,0.02,2020X000,2020-01-01,Deurne-2020X000,"0,51"
Drechterland,0.51,-0.04,1.11,-0.08,0.02,2022X000,2022-01-01,Drechterland-2022X000,"0,09"
Echt-Susteren,0.40299999999999997,0.604,0.892,0.051,0.02,2024X000,2024-01-01,Echt-Susteren-2024X000,"0,565"
Ede,0.28,0.45,0.85,0.25,0.02,2022X000,2022-01-01,Ede-2022X000,"0,6"
Ede,0.26,0.54,0.91,0.16,0.02,2024X000,2024-01-01,Ede-2024X000,"0,66"
Eemsdelta,0.149,0.589,1.06,0.01,0.02,2024X000,2024-01-01,Eemsdelta-2024X000,"0,572"
Eijsden-Margraten,0.2,1.24,1.22,0.01,0.02,2020X000,2020-01-01,Eijsden-Margraten-2020X000,"1,33"
Enkhuizen,0.22,0.82,1.05,0.02,0.02,2020X000,2020-01-01,Enkhuizen-2020X000,"0,92"
Enkhuizen,0.12,0.91,1.08,0.02,0.02,2023X000,2023-01-01,Enkhuizen-2023X000,"1,01"
Enschede,0.09,0.7,1.11,0.05,0.02,2019X000,2019-01-01,Enschede-2019X000,"0,76"
Ermelo,0.35,0.61,1.26,0.01,0.02,2024X000,2024-01-01,Ermelo-2024X000,"0,54"
Geertruidenberg,0.17300000000000001,0.48100000000000004,0.95,0.051,0.02,2022X000,2022-01-01,Geertruidenberg-2022X000,"0,521"
Gemert-Bakel,0.04,1.06,1.04,0.1,0.02,2019X000,2019-01-01,Gemert-Bakel-2019X000,"1,53"
Gemert-Bakel,0.07,1.11,1.14,0.04,0.02,2020X000,2020-01-01,Gemert-Bakel-2020X000,"1,53"
Gilze en Rijen,0.33,0.32,0.75,0.19,0.02,2022X000,2022-01-01,Gilze en Rijen-2022X000,"0,35"
Goes,0.3,0.89,0.94,0.07,0.02,2020X000,2020-01-01,Goes-2020X000,"1,01"
Goes,0.26,0.79,1.0,0.08,0.02,2023X000,2023-01-01,Goes-2023X000,"0,85"
Gooise Meren,0.2,0.87,1.08,0.05,0.02,2020X000,2020-01-01,Gooise Meren-2020X000,"0,87"
Haaksbergen,0.03,0.64,1.12,0.06,0.02,2022X000,2022-01-01,Haaksbergen-2022X000,"0,74"
Haarlem,0.27,0.73,1.1,0.01,0.02,2025X000,2025-01-01,Haarlem-2025X000,"0,75"
Halderberge,0.14400000000000002,1.175,0.9570000000000001,0.027999999999999997,0.02,2024X000,2024-01-01,Halderberge-2024X000,"1,191"
Hardenberg,0.41,0.63,0.86,0.03,0.02,2025X000,2025-01-01,Hardenberg-2025X000,"0,66"
Heemskerk,0.52,0.26,1.04,-0.08,0.02,2020X000,2020-01-01,Heemskerk-2020X000,"0,26"
Heerde,0.23,0.87,1.16,0.04,0.02,2021X000,2021-01-01,Heerde-2021X000,"0,89"
Heiloo,0.29,0.74,1.1,0.09,0.02,2020X000,2020-01-01,Heiloo-2020X000,"0,74"
Heiloo,0.27,0.59,1.12,0.1,0.02,2021X000,2021-01-01,Heiloo-2021X000,"0,6"
Helmond,0.5479999999999999,0.34600000000000003,0.97,0.313,0.02,2022X000,2022-01-01,Helmond-2022X000,"0,346"
Hendrik-Ido-Ambacht,0.51,0.16,1.19,0.02,0.02,2024X000,2024-01-01,Hendrik-Ido-Ambacht-2024X000,"0,12"
Het Hogeland,0.3,0.43,1.08,0.02,0.02,2024X000,2024-01-01,Het Hogeland-2024X000,"0,48"
Hillegom,0.596,0.341,1.101,0.040999999999999995,0.02,2020X000,2020-01-01,Hillegom-2020X000,"0,53"
Hilvarenbeek,0.31,0.61,1.04,0.12,0.02,2019X000,2019-01-01,Hilvarenbeek-2019X000,"0,73"
Hilvarenbeek,0.24,0.48,0.91,0.01,0.02,2024X000,2024-01-01,Hilvarenbeek-2024X000,"0,54"
Hollands Kroon,0.31,0.5,0.95,0.1,0.02,2019X000,2019-01-01,Hollands Kroon-2019X000,"0,45"
Hollands Kroon,0.31,0.66,1.05,0.07,0.02,2021X000,2021-01-01,Hollands Kroon-2021X000,"0,6"
Hulst,0.19,0.769,0.948,0.035,0.02,2023X000,2023-01-01,Hulst-2023X000,"0,759"
Kaag en Braassem,0.26,0.8,1.16,0.09,0.02,2021X000,2021-01-01,Kaag en Braassem-2021X000,"0,88"
Kaag en Braassem,0.29,0.75,1.08,0.09,0.02,2022X000,2022-01-01,Kaag en Braassem-2022X000,"0,88"
Kampen,0.19,0.85,,0.32,0.02,2019X000,2019-01-01,Kampen-2019X000,"0,89"
Landsmeer,0.11,0.67,1.3,0.03,0.02,2024X000,2024-01-01,Landsmeer-2024X000,"0,68"
Lansingerland,0.27,1.72,1.12,1.05,0.02,2019X000,2019-01-01,Lansingerland-2019X000,"1,75"
Lansingerland,0.64,0.27,1.13,0.29,0.02,2023X000,2023-01-01,Lansingerland-2023X000,"0,27"
Lansingerland,0.65,0.27,1.06,0.26,0.02,2025X000,2025-01-01,Lansingerland-2025X000,"0,27"
Leudal,0.48,0.52,0.88,0.04,0.02,2022X000,2022-01-01,Leudal-2022X000,"0,57"
Lochem,0.42,0.39,1.08,0.11,0.02,2019X000,2019-01-01,Lochem-2019X000,"0,44"
Maasgouw,0.359,0.85,0.929,0.034,0.02,2021X000,2021-01-01,Maasgouw-2021X000,"0,93"
Maastricht,0.18,0.92,1.0,0.02,0.02,2022X000,2022-01-01,Maastricht-2022X000,"1,05"
Maastricht,0.23,0.73,1.02,0.02,0.02,2023X000,2023-01-01,Maastricht-2023X000,"0,68"
Meppel,0.08,0.98,0.84,0.17,0.02,2019X000,2019-01-01,Meppel-2019X000,"1,12"
Midden-Drenthe,0.25,0.56,0.789,0.039,0.02,2024X000,2024-01-01,Midden-Drenthe-2024X000,"0,62"
Nederweert,0.54,-0.62,1.03,0.01,0.02,2020X000,2020-01-01,Nederweert-2020X000,"-0,61"
Noardeast-Fryslân,0.21,0.45,1.09,-0.02,0.02,2021X000,2021-01-01,Noardeast-Fryslân-2021X000,"0,47"
Noardeast-Fryslân,0.17,0.79,0.87,0.03,0.02,2025X000,2025-01-01,Noardeast-Fryslân-2025X000,"0,83"
"Nuenen, Gerwen en Nederwetten",0.26,1.22,1.23,1.05,0.02,2019X000,2019-01-01,"Nuenen, Gerwen en Nederwetten-2019X000","1,29"
"Nuenen, Gerwen en Nederwetten",0.34,0.79,1.18,0.65,0.02,2021X000,2021-01-01,"Nuenen, Gerwen en Nederwetten-2021X000","0,84"
Nunspeet,0.51,0.57,0.89,0.18,0.02,2023X000,2023-01-01,Nunspeet-2023X000,"0,57"
Ommen,0.15,0.71,1.02,0.26,0.02,2019X000,2019-01-01,Ommen-2019X000,"0,85"
Ommen,0.25,0.34,1.02,0.15,0.02,2020X000,2020-01-01,Ommen-2020X000,"0,43"
Ooststellingwerf,0.32,0.43,0.89,0.02,0.02,2019X000,2019-01-01,Ooststellingwerf-2019X000,"0,46"
Ooststellingwerf,0.32,0.42,0.87,0.06,0.02,2022X000,2022-01-01,Ooststellingwerf-2022X000,"0,47"
Opmeer,0.77,-0.16,1.16,0.06,0.02,2019X000,2019-01-01,Opmeer-2019X000,"-0,2"
Papendrecht,0.4,0.71,1.0,0.01,0.02,2022X000,2022-01-01,Papendrecht-2022X000,"0,92"
Peel en Maas,0.26,0.97,0.96,0.07,0.02,2020X000,2020-01-01,Peel en Maas-2020X000,"1,05"
Peel en Maas,0.32,0.53,0.81,0.01,0.02,2025X000,2025-01-01,Peel en Maas-2025X000,"0,61"
Roosendaal,0.38,0.63,1.15,0.12,0.02,2021X000,2021-01-01,Roosendaal-2021X000,"0,68"
Rotterdam,0.528,0.268,1.02,-0.039,0.02,2021X000,2021-01-01,Rotterdam-2021X000,"0,3"
Scherpenzeel,0.39,0.298,0.98,0.423,0.02,2023X000,2023-01-01,Scherpenzeel-2023X000,"0,498"
Sint-Michielsgestel,0.627,0.008,1.079,-0.004,0.02,2025X000,2025-01-01,Sint-Michielsgestel-2025X000,"0,029"
Sittard-Geleen,0.114,0.9620000000000001,1.13,0.011000000000000001,0.02,2022X000,2022-01-01,Sittard-Geleen-2022X000,"1,092"
Sliedrecht,0.58,0.24,0.91,0.03,0.02,2023X000,2023-01-01,Sliedrecht-2023X000,"0,26"
Sluis,0.28,0.57,0.89,0.01,0.02,2023X000,2023-01-01,Sluis-2023X000,"0,57"
Smallingerland,0.15,0.83,1.01,-0.01,0.02,2022X000,2022-01-01,Smallingerland-2022X000,"0,85"
Smallingerland,0.22,0.73,0.97,-0.01,0.02,2023X000,2023-01-01,Smallingerland-2023X000,"0,75"
Soest,0.33,0.27,0.91,0.05,0.02,2023X000,2023-01-01,Soest-2023X000,"0,27"
Soest,0.33,0.27,0.91,0.05,0.02,2024X000,2024-01-01,Soest-2024X000,"0,27"
Son en Breugel,0.6,0.35,1.01,-0.11,0.02,2021X000,2021-01-01,Son en Breugel-2021X000,"0,36"
Son en Breugel,0.46,0.72,0.89,-0.11,0.02,2023X000,2023-01-01,Son en Breugel-2023X000,"0,72"
Son en Breugel,0.29,0.88,0.91,-0.07,0.02,2025X000,2025-01-01,Son en Breugel-2025X000,"0,92"
Steenbergen,0.603,0.42700000000000005,1.097,0.513,0.02,2019X000,2019-01-01,Steenbergen-2019X000,"0,427"
Steenbergen,0.36700000000000005,0.215,0.941,0.019,0.02,2025X000,2025-01-01,Steenbergen-2025X000,"0,211"
Terneuzen,0.22,0.88,0.98,0.05,0.02,2021X000,2021-01-01,Terneuzen-2021X000,"0,89"
Terneuzen,0.27,0.79,1.0,0.04,0.02,2022X000,2022-01-01,Terneuzen-2022X000,"0,8"
Tynaarlo,0.29,1.18,0.88,0.11,0.02,2021X000,2021-01-01,Tynaarlo-2021X000,"1,25"
Uithoorn,0.35,0.9,1.11,0.03,0.02,2020X000,2020-01-01,Uithoorn-2020X000,"0,88"
Urk,0.27,1.22,0.99,0.58,0.02,2024X000,2024-01-01,Urk-2024X000,"1,32"
Valkenswaard,0.17,0.93,1.11,0.1,0.02,2020X000,2020-01-01,Valkenswaard-2020X000,"0,93"
Valkenswaard,0.34,0.85,0.94,-0.01,0.02,2024X000,2024-01-01,Valkenswaard-2024X000,"0,85"
Veere,0.27,0.76,0.81,0.06,0.02,2023X000,2023-01-01,Veere-2023X000,"0,83"
Veldhoven,0.36,0.74,0.97,0.1,0.02,2024X000,2024-01-01,Veldhoven-2024X000,"0,77"
Veldhoven,0.37,0.79,1.03,0.1,0.02,2025X000,2025-01-01,Veldhoven-2025X000,"0,82"
Venray,0.22,0.62,0.97,0.03,0.02,2019X000,2019-01-01,Venray-2019X000,"0,85"
Voorschoten,0.33,0.53,1.52,0.11,0.02,2022X000,2022-01-01,Voorschoten-2022X000,"0,55"
Waalwijk,0.29,1.12,0.7959999999999999,0.087,0.02,2020X000,2020-01-01,Waalwijk-2020X000,"1,306"
Waddinxveen,0.3,0.98,1.07,0.59,0.02,2019X000,2019-01-01,Waddinxveen-2019X000,"0,99"
Weert,0.306,0.607,1.025,0.07,0.02,2021X000,2021-01-01,Weert-2021X000,"0,705"
Westerveld,0.40299999999999997,0.071,0.804,0.002,0.02,2025X000,2025-01-01,Westerveld-2025X000,"0,082"
Westerwolde,0.51,0.16,1.19,0.02,0.02,2024X000,2024-01-01,Westerwolde-2024X000,"0,12"
Wijchen,0.55,-0.03,0.95,-0.01,0.02,2023X000,2023-01-01,Wijchen-2023X000,"0,1"
Winterswijk,0.342,0.7040000000000001,1.02,0.077,0.02,2021X000,2021-01-01,Winterswijk-2021X000,"0,765"
Woerden,0.26,1.24,0.99,0.08,0.02,2019X000,2019-01-01,Woerden-2019X000,"1,26"
Zandvoort,0.45,0.23,1.02,0.11,0.02,2020X000,2020-01-01,Zandvoort-2020X000,"0,24"
Zandvoort,0.37,0.51,1.03,0.13,0.02,2022X000,2022-01-01,Zandvoort-2022X000,"0,52"
Zandvoort,0.37,0.46,0.97,0.14,0.02,2023X000,2023-01-01,Zandvoort-2023X000,"0,48"
Zandvoort,0.44,0.36,0.96,0.09,0.02,2024X000,2024-01-01,Zandvoort-2024X000,"0,39"
Zandvoort,0.43,0.41,0.94,0.02,0.02,2025X000,2025-01-01,Zandvoort-2025X000,"0,43"
Zeist,0.52,0.39,1.08,0.018000000000000002,0.02,2025X000,2025-01-01,Zeist-2025X000,"0,41"
Zutphen,0.27,0.62,0.9,-0.02,0.02,2024X000,2024-01-01,Zutphen-2024X000,"0,66"
Zwolle,0.44,0.31,0.91,0.01,0.02,2024X000,2024-01-01,Zwolle-2024X000,"0,33"
Zwolle,0.5,0.21,0.86,0.01,0.02,2025X000,2025-01-01,Zwolle-2025X000,"0,23"
Aalsmeer,0.42,0.47,1.12,0.18,0.02,2019X005,2019-01-01,Aalsmeer-2019X005,"0,49"
Aalsmeer,0.53,0.19,1.19,0.15,0.02,2020X005,2020-01-01,Aalsmeer-2020X005,"0,2"
Alphen-Chaam,0.3,0.348,1.29,0.05,0.02,2022X005,2022-01-01,Alphen-Chaam-2022X005,"0,361"
Apeldoorn,0.33399999999999996,0.442,0.904,0.018000000000000002,0.02,2023X005,2023-01-01,Apeldoorn-2023X005,"0,487"
Arnhem,0.188,0.7090000000000001,1.02,0.043,0.02,2020X005,2020-01-01,Arnhem-2020X005,"0,779"
Bergen (NH.),0.249,0.747,1.45,0.001,0.02,2018X005,2018-01-01,Bergen (NH.)-2018X005,"0,866"
Bergen (NH.),0.28,0.53,1.27,-0.02,0.02,2021X005,2021-01-01,Bergen (NH.)-2021X005,"0,57"
Beverwijk,0.24,0.44,0.98,0.03,0.02,2018X005,2018-01-01,Beverwijk-2018X005,"0,58"
Bladel,0.24,0.88,0.94,0.03,0.02,2021X005,2021-01-01,Bladel-2021X005,"0,92"
Borger-Odoorn,0.32,0.39,1.19,0.03,0.02,2020X005,2020-01-01,Borger-Odoorn-2020X005,"0,44"
Borsele,0.48,0.15,1.0,0.02,0.02,2018X005,2018-01-01,Borsele-2018X005,"0,2"
Brunssum,0.64,-0.05,1.071,0.055,0.02,2020X005,2020-01-01,Brunssum-2020X005,"0,059"
Bunnik,0.457,0.262,1.2919999999999998,-0.017,0.02,2023X005,2023-01-01,Bunnik-2023X005,"0,262"
Bunschoten,0.37200000000000005,0.496,0.885,0.188,0.02,2023X005,2023-01-01,Bunschoten-2023X005,"0,542"
Capelle aan den IJssel,0.37,0.36,0.8,0.01,0.02,2018X005,2018-01-01,Capelle aan den IJssel-2018X005,"0,36"
Coevorden,0.31,0.69,0.92,0.14,0.02,2018X005,2018-01-01,Coevorden-2018X005,"0,75"
Coevorden,0.33,0.59,0.94,0.11,0.02,2020X005,2020-01-01,Coevorden-2020X005,"0,66"
Coevorden,0.37,0.53,0.98,0.09,0.02,2021X005,2021-01-01,Coevorden-2021X005,"0,6"
Coevorden,0.39,0.38,1.04,0.07,0.02,2022X005,2022-01-01,Coevorden-2022X005,"0,44"
Coevorden,0.4,0.38,0.97,0.06,0.02,2023X005,2023-01-01,Coevorden-2023X005,"0,44"
Dalfsen,0.54,0.11,0.95,0.08,0.02,2021X005,2021-01-01,Dalfsen-2021X005,"0,18"
De Bilt,0.192,0.745,1.264,0.02,0.02,2021X005,2021-01-01,De Bilt-2021X005,"0,745"
De Fryske Marren,0.27,0.44,0.9490000000000001,0.048,0.02,2021X005,2021-01-01,De Fryske Marren-2021X005,"0,48"
Den Helder,0.21,0.474,1.08,0.042,0.02,2022X005,2022-01-01,Den Helder-2022X005,"0,699"
Deventer,0.16,0.67,0.95,0.13,0.02,2018X005,2018-01-01,Deventer-2018X005,"0,78"
Drimmelen,0.74,0.0,0.96,-0.01,0.02,2018X005,2018-01-01,Drimmelen-2018X005,"0,01"
Dronten,0.8,-0.3,1.0,0.26,0.02,2018X005,2018-01-01,Dronten-2018X005,"-0,26"
Dronten,0.8,-0.3,1.0,0.26,0.02,2019X005,2019-01-01,Dronten-2019X005,"-0,26"
Eindhoven,0.28,0.48,0.91,0.08,0.02,2019X005,2019-01-01,Eindhoven-2019X005,"0,58"
Enkhuizen,0.2,0.38,1.03,0.06,0.02,2023X005,2023-01-01,Enkhuizen-2023X005,"0,46"
Enschede,0.19,0.48,1.07,0.03,0.02,2018X005,2018-01-01,Enschede-2018X005,"0,55"
Etten-Leur,0.22,0.48,1.02,0.05,0.02,2020X005,2020-01-01,Etten-Leur-2020X005,"0,5"
Geldrop-Mierlo,0.29,0.57,0.78,0.17,0.02,2019X005,2019-01-01,Geldrop-Mierlo-2019X005,"0,7"
Geldrop-Mierlo,0.27,0.77,0.83,0.2,0.02,2021X005,2021-01-01,Geldrop-Mierlo-2021X005,"0,85"
Gemert-Bakel,0.26,0.39,1.26,0.07,0.02,2023X005,2023-01-01,Gemert-Bakel-2023X005,"0,59"
Gilze en Rijen,0.3,0.32,0.75,0.12,0.02,2023X005,2023-01-01,Gilze en Rijen-2023X005,"0,34"
Gulpen-Wittem,0.201,0.7559999999999999,1.09,0.015,0.02,2019X005,2019-01-01,Gulpen-Wittem-2019X005,"0,927"
Heerde,0.25,0.54,1.16,0.05,0.02,2019X005,2019-01-01,Heerde-2019X005,"0,56"
Hendrik-Ido-Ambacht,0.17,1.72,1.09,1.21,0.02,2019X005,2019-01-01,Hendrik-Ido-Ambacht-2019X005,"1,79"
Hendrik-Ido-Ambacht,0.29,0.9,1.12,0.65,0.02,2020X005,2020-01-01,Hendrik-Ido-Ambacht-2020X005,"0,95"
Hilvarenbeek,0.34,0.47,0.84,0.14,0.02,2018X005,2018-01-01,Hilvarenbeek-2018X005,"0,46"
Hoeksche Waard,0.69,-0.01,0.86,0.01,0.02,2020X005,2020-01-01,Hoeksche Waard-2020X005,"0,02"
Hollands Kroon,0.38,0.28,0.95,0.07,0.02,2019X005,2019-01-01,Hollands Kroon-2019X005,"0,31"
Hollands Kroon,0.37,0.33,0.95,0.06,0.02,2020X005,2020-01-01,Hollands Kroon-2020X005,"0,42"
Hollands Kroon,0.387,0.431,0.95,0.042,0.02,2022X005,2022-01-01,Hollands Kroon-2022X005,"0,468"
Katwijk,0.33,0.78,0.96,0.1,0.02,2019X005,2019-01-01,Katwijk-2019X005,"0,87"
Leeuwarden,0.16899999999999998,0.643,0.794,0.265,0.02,2023X005,2023-01-01,Leeuwarden-2023X005,"0,651"
Leudal,0.46,0.41,0.95,0.06,0.02,2018X005,2018-01-01,Leudal-2018X005,"0,46"
Leusden,0.47,0.11,0.98,0.03,0.02,2020X005,2020-01-01,Leusden-2020X005,"0,14"
Lochem,0.42,0.3,1.04,0.16,0.02,2018X005,2018-01-01,Lochem-2018X005,"0,36"
Maastricht,0.28,0.42,1.09,0.02,0.02,2022X005,2022-01-01,Maastricht-2022X005,"0,55"
Noordenveld,0.19,0.51,0.92,-0.01,0.02,2020X005,2020-01-01,Noordenveld-2020X005,"0,53"
Noordenveld,0.23,0.54,0.9,0.02,0.02,2021X005,2021-01-01,Noordenveld-2021X005,"0,56"
"Nuenen, Gerwen en Nederwetten",0.28,1.17,1.21,1.21,0.02,2018X005,2018-01-01,"Nuenen, Gerwen en Nederwetten-2018X005","1,23"
Oldebroek,0.39,0.15,0.97,0.03,0.02,2021X005,2021-01-01,Oldebroek-2021X005,"0,23"
Ommen,0.24,0.35,1.0,0.2,0.02,2018X005,2018-01-01,Ommen-2018X005,"0,45"
Ommen,0.27,0.34,1.01,0.16,0.02,2019X005,2019-01-01,Ommen-2019X005,"0,41"
Opmeer,0.78,-0.21,1.16,0.11,0.02,2018X005,2018-01-01,Opmeer-2018X005,"-0,25"
Peel en Maas,0.26,0.83,0.96,0.01,0.02,2021X005,2021-01-01,Peel en Maas-2021X005,"0,94"
Raalte,0.49,0.33,0.95,0.1,0.02,2022X005,2022-01-01,Raalte-2022X005,"0,38"
Reimerswaal,0.43,0.44,1.08,0.02,0.02,2020X005,2020-01-01,Reimerswaal-2020X005,"0,46"
Renkum,0.23,0.18,1.19,0.02,0.02,2023X005,2023-01-01,Renkum-2023X005,"0,23"
Roosendaal,0.319,0.363,1.09,0.18600000000000003,0.02,2018X005,2018-01-01,Roosendaal-2018X005,"0,439"
Roosendaal,0.33,0.37,1.09,0.15,0.02,2020X005,2020-01-01,Roosendaal-2020X005,"0,44"
Sittard-Geleen,0.13,1.02,1.08,0.04,0.02,2019X005,2019-01-01,Sittard-Geleen-2019X005,"1,05"
Sluis,0.222,0.8009999999999999,1.01,0.033,0.02,2019X005,2019-01-01,Sluis-2019X005,"0,819"
Smallingerland,0.285,0.552,1.02,-0.017,0.02,2022X005,2022-01-01,Smallingerland-2022X005,"0,585"
Steenwijkerland,0.35,0.43,0.84,0.14,0.02,2018X005,2018-01-01,Steenwijkerland-2018X005,"0,52"
Texel,0.26,0.53,0.92,0.03,0.02,2019X005,2019-01-01,Texel-2019X005,"0,62"
Tubbergen,0.47100000000000003,0.052000000000000005,0.7809999999999999,-0.015,0.02,2023X005,2023-01-01,Tubbergen-2023X005,"0,014"
Tynaarlo,0.41,0.48,0.84,0.12,0.02,2020X005,2020-01-01,Tynaarlo-2020X005,"0,55"
Utrecht,0.41,0.49,1.05,0.08,0.02,2020X005,2020-01-01,Utrecht-2020X005,"0,51"
Utrecht,0.41,0.59,1.07,0.13,0.02,2021X005,2021-01-01,Utrecht-2021X005,"0,61"
Veendam,0.617,0.049,0.97,0.151,0.02,2022X005,2022-01-01,Veendam-2022X005,"0,07"
Veendam,0.652,0.008,0.991,0.133,0.02,2023X005,2023-01-01,Veendam-2023X005,"0,027"
Velsen,0.171,0.7490000000000001,1.074,0.013000000000000001,0.02,2021X005,2021-01-01,Velsen-2021X005,"0,76"
Venray,0.36,0.44,0.98,-0.01,0.02,2020X005,2020-01-01,Venray-2020X005,"0,56"
Vlissingen,-0.45,0.83,1.18,0.06,0.02,2019X005,2019-01-01,Vlissingen-2019X005,"0,83"
Vlissingen,-0.3,0.68,1.12,0.06,0.02,2020X005,2020-01-01,Vlissingen-2020X005,"0,68"
Waalwijk,0.39899999999999997,0.718,0.8140000000000001,0.012,0.02,2021X005,2021-01-01,Waalwijk-2021X005,"0,826"
West Betuwe,0.52,0.29,1.34,0.28,0.02,2021X005,2021-01-01,West Betuwe-2021X005,"0,32"
West Maas en Waal,0.24,0.32,1.04,0.01,0.02,2021X005,2021-01-01,West Maas en Waal-2021X005,"0,63"
West Maas en Waal,0.3,0.21,0.95,-0.01,0.02,2023X005,2023-01-01,West Maas en Waal-2023X005,"0,47"
Winterswijk,0.35700000000000004,0.597,0.99,0.057,0.02,2023X005,2023-01-01,Winterswijk-2023X005,"0,548"
Wormerland,0.46299999999999997,0.23,1.01,0.001,0.02,2018X005,2018-01-01,Wormerland-2018X005,"0,346"
Zaanstad,0.16,1.13,1.16,0.054000000000000006,0.02,2018X005,2018-01-01,Zaanstad-2018X005,"1,22"
Zandvoort,0.32,0.61,0.97,0.08,0.02,2018X005,2018-01-01,Zandvoort-2018X005,"0,63"
Zandvoort,0.31,0.62,1.03,0.09,0.02,2019X005,2019-01-01,Zandvoort-2019X005,"0,64"
Zeist,0.65,0.07,1.08,0.01,0.02,2021X005,2021-01-01,Zeist-2021X005,"0,11"
Zoetermeer,0.6459999999999999,-0.053,0.987,0.069,0.02,2020X005,2020-01-01,Zoetermeer-2020X005,"-0,044"
Zutphen,0.21,0.58,0.94,0.06,0.02,2020X005,2020-01-01,Zutphen-2020X005,"0,69"
Zutphen,0.27,0.51,0.99,0.02,0.02,2021X005,2021-01-01,Zutphen-2021X005,"0,6"
Zwolle,0.423,0.24600000000000002,0.89,0.063,0.02,2022X005,2022-01-01,Zwolle-2022X005,"0,268"
Zwolle,0.47,0.21,0.91,0.06,0.02,2023X005,2023-01-01,Zwolle-2023X005,"0,23"
Aa en Hunze,0.51,0.31,0.91,0.12,0.01,2019X000,2019-01-01,Aa en Hunze-2019X000,"0,31"
Aa en Hunze,0.37,0.39,0.84,0.06,0.01,2022X000,2022-01-01,Aa en Hunze-2022X000,"0,39"
Aalten,0.32899999999999996,0.33799999999999997,0.7170000000000001,0.027999999999999997,0.01,2020X000,2020-01-01,Aalten-2020X000,"0,512"
Almelo,0.25,0.5,1.09,0.04,0.01,2023X000,2023-01-01,Almelo-2023X000,"0,55"
Almelo,0.29,0.47,1.09,0.01,0.01,2024X000,2024-01-01,Almelo-2024X000,"0,51"
Alphen-Chaam,0.28,0.76,1.26,0.08,0.01,2020X000,2020-01-01,Alphen-Chaam-2020X000,"0,7"
Amstelveen,0.63,0.08,0.98,0.02,0.01,2019X000,2019-01-01,Amstelveen-2019X000,"0,12"
Bergeijk,0.28,0.91,0.94,0.09,0.01,2023X000,2023-01-01,Bergeijk-2023X000,"0,93"
Bergeijk,0.38,0.71,0.89,0.02,0.01,2025X000,2025-01-01,Bergeijk-2025X000,"0,72"
Bergen (L.),0.19,0.76,0.92,0.04,0.01,2022X000,2022-01-01,Bergen (L.)-2022X000,"0,71"
Bergen (L.),0.21,1.04,0.84,0.04,0.01,2025X000,2025-01-01,Bergen (L.)-2025X000,"1,03"
Bergen op Zoom,0.243,0.5529999999999999,1.036,0.059000000000000004,0.01,2024X000,2024-01-01,Bergen op Zoom-2024X000,"0,558"
Best,0.596,0.098,1.014,0.054000000000000006,0.01,2025X000,2025-01-01,Best-2025X000,"0,147"
Beverwijk,0.25,0.38,0.99,-0.01,0.01,2019X000,2019-01-01,Beverwijk-2019X000,"0,51"
Beverwijk,0.26,0.38,0.99,-0.04,0.01,2020X000,2020-01-01,Beverwijk-2020X000,"0,52"
Boekel,0.31,0.51,1.13,0.5,0.01,2024X000,2024-01-01,Boekel-2024X000,"0,51"
Borger-Odoorn,0.32,0.35,1.1,0.06,0.01,2019X000,2019-01-01,Borger-Odoorn-2019X000,"0,39"
Borger-Odoorn,0.26,0.6,1.11,0.06,0.01,2020X000,2020-01-01,Borger-Odoorn-2020X000,"0,65"
Borger-Odoorn,0.29,0.56,1.14,0.05,0.01,2021X000,2021-01-01,Borger-Odoorn-2021X000,"0,62"
Borger-Odoorn,0.29,0.42,1.13,0.03,0.01,2022X000,2022-01-01,Borger-Odoorn-2022X000,"0,47"
Borsele,0.46,0.28,1.03,0.03,0.01,2020X000,2020-01-01,Borsele-2020X000,"0,37"
Borsele,0.43,0.31,0.89,0.01,0.01,2025X000,2025-01-01,Borsele-2025X000,"0,35"
Breda,0.198,0.31,1.026,0.073,0.01,2019X000,2019-01-01,Breda-2019X000,"0,451"
Breda,0.17,0.483,0.93,0.008,0.01,2023X000,2023-01-01,Breda-2023X000,"0,654"
Brunssum,0.635,0.018000000000000002,1.035,0.011000000000000001,0.01,2021X000,2021-01-01,Brunssum-2021X000,"0,089"
Capelle aan den IJssel,0.54,0.39,0.78,0.01,0.01,2021X000,2021-01-01,Capelle aan den IJssel-2021X000,"0,39"
Castricum,0.32,0.55,1.0,0.06,0.01,2022X000,2022-01-01,Castricum-2022X000,"0,58"
Castricum,0.34,0.41,0.99,0.07,0.01,2024X000,2024-01-01,Castricum-2024X000,"0,44"
Cranendonck,0.321,0.5710000000000001,1.03,-0.034,0.01,2022X000,2022-01-01,Cranendonck-2022X000,"0,599"
Dantumadiel,0.2,0.52,0.1,0.07,0.01,2019X000,2019-01-01,Dantumadiel-2019X000,"0,54"
Dantumadiel,0.15,0.56,1.06,0.01,0.01,2022X000,2022-01-01,Dantumadiel-2022X000,"0,53"
De Wolden,0.5,0.23,0.99,0.013000000000000001,0.01,2020X000,2020-01-01,De Wolden-2020X000,"0,42"
Doetinchem,0.14,0.88,0.97,0.2,0.01,2019X000,2019-01-01,Doetinchem-2019X000,"1,01"
Doetinchem,0.33,0.47,0.9,0.08,0.01,2025X000,2025-01-01,Doetinchem-2025X000,"0,52"
Dongen,0.14,1.17,0.98,0.19,0.01,2019X000,2019-01-01,Dongen-2019X000,"1,27"
Drechterland,0.51,0.22,1.06,0.21,0.01,2020X000,2020-01-01,Drechterland-2020X000,"0,36"
Drimmelen,0.31,0.78,0.97,0.01,0.01,2025X000,2025-01-01,Drimmelen-2025X000,"0,82"
Druten,0.18,0.93,0.96,0.07,0.01,2021X000,2021-01-01,Druten-2021X000,"1,17"
Ede,0.25,0.71,0.89,0.15,0.01,2025X000,2025-01-01,Ede-2025X000,"0,8"
Eijsden-Margraten,0.17,1.27,1.2,0.01,0.01,2021X000,2021-01-01,Eijsden-Margraten-2021X000,"1,59"
Eijsden-Margraten,0.14,1.26,1.25,-0.01,0.01,2023X000,2023-01-01,Eijsden-Margraten-2023X000,"1,38"
Eindhoven,0.17,0.67,1.0,0.07,0.01,2019X000,2019-01-01,Eindhoven-2019X000,"0,72"
Eindhoven,0.26,0.6,0.1,0.02,0.01,2020X000,2020-01-01,Eindhoven-2020X000,"0,62"
Elburg,0.55,0.38,0.89,0.1,0.01,2025X000,2025-01-01,Elburg-2025X000,"0,43"
Etten-Leur,0.22,0.8,0.8,0.1,0.01,2024X000,2024-01-01,Etten-Leur-2024X000,"0,8"
Etten-Leur,0.22,0.87,0.77,0.34,0.01,2025X000,2025-01-01,Etten-Leur-2025X000,"0,88"
Geldrop-Mierlo,0.23,0.68,0.8,0.13,0.01,2025X000,2025-01-01,Geldrop-Mierlo-2025X000,"0,74"
Gemert-Bakel,0.13,0.75,1.14,0.16,0.01,2021X000,2021-01-01,Gemert-Bakel-2021X000,"1,06"
Gilze en Rijen,0.3,0.35,0.76,0.07,0.01,2024X000,2024-01-01,Gilze en Rijen-2024X000,"0,36"
Goeree-Overflakkee,0.42,0.366,0.976,0.005,0.01,2022X000,2022-01-01,Goeree-Overflakkee-2022X000,"0,456"
Goes,0.3,0.97,0.97,0.05,0.01,2019X000,2019-01-01,Goes-2019X000,"1,1"
Goes,0.29,1.0,0.94,0.08,0.01,2021X000,2021-01-01,Goes-2021X000,"1,07"
Gouda,0.151,1.053,1.365,0.062,0.01,2019X000,2019-01-01,Gouda-2019X000,"1,058"
Haaksbergen,0.14,0.51,1.12,0.03,0.01,2023X000,2023-01-01,Haaksbergen-2023X000,"0,59"
Haarlemmermeer,0.28600000000000003,1.244,1.02,0.374,0.01,2019X000,2019-01-01,Haarlemmermeer-2019X000,"1,346"
Halderberge,0.223,0.698,1.062,0.018000000000000002,0.01,2020X000,2020-01-01,Halderberge-2020X000,"0,743"
Hardinxveld-Giessendam,0.32,0.9129999999999999,1.097,0.22,0.01,2019X000,2019-01-01,Hardinxveld-Giessendam-2019X000,"0,917"
Hardinxveld-Giessendam,0.39,0.39,1.06,0.02,0.01,2024X000,2024-01-01,Hardinxveld-Giessendam-2024X000,"0,39"
Hattem,0.153,0.71,1.11,0.055,0.01,2023X000,2023-01-01,Hattem-2023X000,"0,97"
Hattem,0.105,1.03,1.11,0.054000000000000006,0.01,2024X000,2024-01-01,Hattem-2024X000,"1,29"
Heiloo,0.29,0.84,1.02,0.16,0.01,2019X000,2019-01-01,Heiloo-2019X000,"0,85"
Hellendoorn,0.225,0.65,0.993,0.021,0.01,2023X000,2023-01-01,Hellendoorn-2023X000,"0,686"
Hellendoorn,0.258,0.457,0.973,0.015,0.01,2024X000,2024-01-01,Hellendoorn-2024X000,"0,555"
Hendrik-Ido-Ambacht,0.17,1.56,1.22,0.95,0.01,2020X000,2020-01-01,Hendrik-Ido-Ambacht-2020X000,"1,62"
Hendrik-Ido-Ambacht,0.27,0.98,1.18,0.57,0.01,2023X000,2023-01-01,Hendrik-Ido-Ambacht-2023X000,"1,01"
Hengelo,0.21,0.35,0.86,0.1,0.01,2024X000,2024-01-01,Hengelo-2024X000,"0,92"
Het Hogeland,0.25,0.51,0.99,0.03,0.01,2023X000,2023-01-01,Het Hogeland-2023X000,"0,57"
Hilvarenbeek,0.26,0.44,0.94,-0.03,0.01,2025X000,2025-01-01,Hilvarenbeek-2025X000,"0,51"
Hilversum,0.2,0.87,1.02,-0.009000000000000001,0.01,2021X000,2021-01-01,Hilversum-2021X000,"0,88"
Hollands Kroon,0.33,0.58,1.05,0.07,0.01,2020X000,2020-01-01,Hollands Kroon-2020X000,"0,53"
Horst aan de Maas,0.39,0.36,0.99,0.01,0.01,2024X000,2024-01-01,Horst aan de Maas-2024X000,"0,42"
Kaag en Braassem,0.37,0.62,1.22,0.01,0.01,2024X000,2024-01-01,Kaag en Braassem-2024X000,"0,71"
Kaag en Braassem,0.25,1.17,1.13,0.03,0.01,2025X000,2025-01-01,Kaag en Braassem-2025X000,"1,26"
Kapelle,0.31,0.83,1.06,0.26,0.01,2020X000,2020-01-01,Kapelle-2020X000,"1,01"
Kapelle,0.32,1.12,0.9,0.03,0.01,2025X000,2025-01-01,Kapelle-2025X000,"1,25"
Katwijk,0.28,1.05,0.97,0.02,0.01,2022X000,2022-01-01,Katwijk-2022X000,"1,13"
Katwijk,0.26,0.75,0.91,-0.01,0.01,2024X000,2024-01-01,Katwijk-2024X000,"0,89"
Krimpen aan den IJssel,0.436,0.35700000000000004,1.181,0.068,0.01,2024X000,2024-01-01,Krimpen aan den IJssel-2024X000,"0,473"
Krimpenerwaard,0.32,0.39,1.12,0.01,0.01,2019X000,2019-01-01,Krimpenerwaard-2019X000,"0,44"
Land van Cuijk,0.3,0.79,0.93,0.11,0.01,2024X000,2024-01-01,Land van Cuijk-2024X000,"0,83"
Landsmeer,0.1,0.76,1.27,0.03,0.01,2025X000,2025-01-01,Landsmeer-2025X000,"0,77"
Leeuwarden,0.142,0.6779999999999999,0.846,0.242,0.01,2023X000,2023-01-01,Leeuwarden-2023X000,"0,686"
Leudal,0.42,0.35,0.97,15.0,0.01,2019X000,2019-01-01,Leudal-2019X000,"0,4"
Leusden,0.44,0.17,0.91,0.03,0.01,2022X000,2022-01-01,Leusden-2022X000,"0,18"
Lingewaard,0.34,0.4,1.036,0.025,0.01,2024X000,2024-01-01,Lingewaard-2024X000,"0,44"
Lingewaard,0.31,0.37,1.0270000000000001,0.054000000000000006,0.01,2025X000,2025-01-01,Lingewaard-2025X000,"0,42"
Lochem,0.53,0.14,1.12,0.16,0.01,2021X000,2021-01-01,Lochem-2021X000,"0,18"
Loon op Zand,0.23,0.63,1.13,0.22,0.01,2019X000,2019-01-01,Loon op Zand-2019X000,"0,65"
Loon op Zand,0.15,0.74,1.27,0.19,0.01,2020X000,2020-01-01,Loon op Zand-2020X000,"0,72"
Loon op Zand,0.33,0.36,0.97,-0.01,0.01,2023X000,2023-01-01,Loon op Zand-2023X000,"0,38"
Maashorst,0.44,0.415,0.84,0.105,0.01,2025X000,2025-01-01,Maashorst-2025X000,"0,434"
Maassluis,0.35,0.49,1.23,0.02,0.01,2022X000,2022-01-01,Maassluis-2022X000,"0,54"
Maastricht,0.21,0.78,1.01,0.2,0.01,2019X000,2019-01-01,Maastricht-2019X000,"0,96"
Maastricht,0.16,0.84,1.0,0.02,0.01,2021X000,2021-01-01,Maastricht-2021X000,"0,94"
Maastricht,0.26,0.56,1.08,0.02,0.01,2024X000,2024-01-01,Maastricht-2024X000,"0,69"
Medemblik,0.43,0.11,1.13,0.03,0.01,2023X000,2023-01-01,Medemblik-2023X000,"0,13"
Middelburg,0.24,1.0,0.89,0.26,0.01,2023X000,2023-01-01,Middelburg-2023X000,"1,05"
Moerdijk,0.52,0.08,0.95,0.04,0.01,2019X000,2019-01-01,Moerdijk-2019X000,"0,27"
Moerdijk,0.58,0.08,0.92,0.09,0.01,2022X000,2022-01-01,Moerdijk-2022X000,"0,19"
Neder-Betuwe,0.4,0.55,1.08,0.03,0.01,2023X000,2023-01-01,Neder-Betuwe-2023X000,"0,56"
Nederweert,0.59,-0.48,0.99,0.05,0.01,2019X000,2019-01-01,Nederweert-2019X000,"-0,47"
Nederweert,0.46,-0.52,1.02,0.1,0.01,2021X000,2021-01-01,Nederweert-2021X000,"-0,5"
Nederweert,0.47,-0.41,1.01,0.04,0.01,2025X000,2025-01-01,Nederweert-2025X000,"-0,41"
Noordenveld,0.226,0.698,0.93,0.03,0.01,2025X000,2025-01-01,Noordenveld-2025X000,"0,725"
Noordoostpolder,0.73,-0.002,0.9620000000000001,0.003,0.01,2021X000,2021-01-01,Noordoostpolder-2021X000,"-0,003"
Noordoostpolder,0.81,0.41,0.97,0.09,0.01,2025X000,2025-01-01,Noordoostpolder-2025X000,"0,38"
"Nuenen, Gerwen en Nederwetten",0.3,0.88,1.19,0.74,0.01,2020X000,2020-01-01,"Nuenen, Gerwen en Nederwetten-2020X000","0,92"
"Nuenen, Gerwen en Nederwetten",0.35,0.8,1.1,0.74,0.01,2022X000,2022-01-01,"Nuenen, Gerwen en Nederwetten-2022X000","0,85"
"Nuenen, Gerwen en Nederwetten",0.3,1.03,1.04,1.0,0.01,2023X000,2023-01-01,"Nuenen, Gerwen en Nederwetten-2023X000","1,07"
"Nuenen, Gerwen en Nederwetten",0.42,0.55,1.02,0.71,0.01,2025X000,2025-01-01,"Nuenen, Gerwen en Nederwetten-2025X000","0,58"
Oegstgeest,0.225,0.945,1.27,-0.079,0.01,2020X000,2020-01-01,Oegstgeest-2020X000,"0,954"
Oldebroek,0.44,0.4,1.04,0.01,0.01,2021X000,2021-01-01,Oldebroek-2021X000,"0,5"
Olst-Wijhe,0.18600000000000003,0.455,0.993,-0.023,0.01,2025X000,2025-01-01,Olst-Wijhe-2025X000,"0,592"
Ommen,0.23,0.12,1.02,0.15,0.01,2021X000,2021-01-01,Ommen-2021X000,"0,25"
Opmeer,0.79,-0.09,1.17,0.05,0.01,2020X000,2020-01-01,Opmeer-2020X000,"-0,13"
Opmeer,0.66,-0.02,1.31,0.1,0.01,2024X000,2024-01-01,Opmeer-2024X000,"-0,02"
Oude IJsselstreek,0.14,1.22,1.02,0.09,0.01,2019X000,2019-01-01,Oude IJsselstreek-2019X000,"1,33"
Oude IJsselstreek,0.14,1.2,1.004,0.04,0.01,2021X000,2021-01-01,Oude IJsselstreek-2021X000,"1,204"
Oude IJsselstreek,0.158,0.996,0.912,0.161,0.01,2023X000,2023-01-01,Oude IJsselstreek-2023X000,"0,011"
Pekela,0.56,-0.012,1.06,0.04,0.01,2024X000,2024-01-01,Pekela-2024X000,"-0,156"
Reimerswaal,0.41,0.63,0.98,-0.10099999999999999,0.01,2022X000,2022-01-01,Reimerswaal-2022X000,"0,65"
Renkum,0.21,0.24,1.25,0.02,0.01,2023X000,2023-01-01,Renkum-2023X000,"0,28"
Renswoude,0.45,1.0,1.16,0.17,0.01,2020X000,2020-01-01,Renswoude-2020X000,"1,11"
Rijssen-Holten,0.4,0.65,0.797,0.15,0.01,2021X000,2021-01-01,Rijssen-Holten-2021X000,"0,67"
Roosendaal,0.29,0.43,1.11,0.1,0.01,2019X000,2019-01-01,Roosendaal-2019X000,"0,48"
Roosendaal,0.25,0.57,1.18,0.1,0.01,2020X000,2020-01-01,Roosendaal-2020X000,"0,62"
Roosendaal,0.2,0.64,1.0,0.05,0.01,2025X000,2025-01-01,Roosendaal-2025X000,"0,64"
Rucphen,0.48,0.5,0.9,0.03,0.01,2024X000,2024-01-01,Rucphen-2024X000,"0,5"
Sittard-Geleen,0.13,1.01,1.13,0.03,0.01,2021X000,2021-01-01,Sittard-Geleen-2021X000,"1,03"
Sliedrecht,0.33,0.61,0.8590000000000001,0.12,0.01,2019X000,2019-01-01,Sliedrecht-2019X000,"0,64"
Sliedrecht,0.49,0.34,0.87,0.05,0.01,2021X000,2021-01-01,Sliedrecht-2021X000,"0,37"
Son en Breugel,0.6,0.26,0.87,0.18,0.01,2019X000,2019-01-01,Son en Breugel-2019X000,"0,28"
Son en Breugel,0.47,0.72,0.93,-0.1,0.01,2022X000,2022-01-01,Son en Breugel-2022X000,"0,72"
Tilburg,0.6,0.483,0.9420000000000001,0.096,0.01,2019X000,2019-01-01,Tilburg-2019X000,"0,537"
Tynaarlo,0.39,0.82,0.85,0.28,0.01,2019X000,2019-01-01,Tynaarlo-2019X000,"0,94"
Tynaarlo,0.26,1.23,0.85,0.14,0.01,2020X000,2020-01-01,Tynaarlo-2020X000,"1,31"
Utrecht,0.217,0.8059999999999999,1.31,0.099,0.01,2025X000,2025-01-01,Utrecht-2025X000,"0,819"
Vaals,0.271,0.316,1.01,0.132,0.01,2025X000,2025-01-01,Vaals-2025X000,"0,318"
Vlaardingen,0.19899999999999998,0.711,0.929,0.081,0.01,2023X000,2023-01-01,Vlaardingen-2023X000,"0,714"
Voorschoten,0.32,0.49,1.58,0.1,0.01,2023X000,2023-01-01,Voorschoten-2023X000,"0,55"
Waadhoeke,0.39,0.27,1.06,0.04,0.01,2019X000,2019-01-01,Waadhoeke-2019X000,"0,29"
Waadhoeke,0.39,0.27,1.06,0.04,0.01,2020X000,2020-01-01,Waadhoeke-2020X000,"0,29"
Waadhoeke,0.31,0.31,1.04,0.13,0.01,2022X000,2022-01-01,Waadhoeke-2022X000,"0,31"
Waddinxveen,0.3,0.93,1.12,0.21,0.01,2020X000,2020-01-01,Waddinxveen-2020X000,"0,99"
West Betuwe,0.34,0.81,1.39,0.2,0.01,2025X000,2025-01-01,West Betuwe-2025X000,"0,88"
West Maas en Waal,0.17,0.49,1.08,0.03,0.01,2020X000,2020-01-01,West Maas en Waal-2020X000,"0,49"
West Maas en Waal,0.14,0.49,1.08,0.01,0.01,2021X000,2021-01-01,West Maas en Waal-2021X000,"0,49"
West Maas en Waal,0.2,0.46,1.02,-0.01,0.01,2022X000,2022-01-01,West Maas en Waal-2022X000,"0,46"
West Maas en Waal,0.24,0.35,1.0,-0.01,0.01,2024X000,2024-01-01,West Maas en Waal-2024X000,"0,35"
Westland,0.32899999999999996,1.011,1.12,0.37799999999999995,0.01,2024X000,2024-01-01,Westland-2024X000,"1,058"
Weststellingwerf,0.46399999999999997,0.225,0.8240000000000001,0.105,0.01,2024X000,2024-01-01,Weststellingwerf-2024X000,"0,225"
Wijchen,-0.43,0.23,0.88,0.01,0.01,2019X000,2019-01-01,Wijchen-2019X000,"0,45"
Wijchen,0.44,0.07,0.97,0.01,0.01,2021X000,2021-01-01,Wijchen-2021X000,"0,22"
Wijdemeren,0.17,0.83,1.4,,0.01,2022X000,2022-01-01,Wijdemeren-2022X000,"0,8"
Wijk bij Duurstede,0.266,0.47,1.122,0.057999999999999996,0.01,2019X000,2019-01-01,Wijk bij Duurstede-2019X000,"0,538"
Wijk bij Duurstede,0.27,0.43,1.11,0.01,0.01,2022X000,2022-01-01,Wijk bij Duurstede-2022X000,"0,47"
Zandvoort,0.39,0.5,0.98,0.13,0.01,2021X000,2021-01-01,Zandvoort-2021X000,"0,52"
Zeist,0.64,0.15,1.01,0.046,0.01,2024X000,2024-01-01,Zeist-2024X000,"0,18"
Zoetermeer,0.615,0.25,1.012,0.034,0.01,2021X000,2021-01-01,Zoetermeer-2021X000,"0,264"
Zutphen,0.2,0.72,1.0,0.01,0.01,2022X000,2022-01-01,Zutphen-2022X000,"0,81"
Zutphen,0.31,0.6,1.0,-0.02,0.01,2023X000,2023-01-01,Zutphen-2023X000,"0,63"
Zutphen,0.24,0.66,1.0,-0.02,0.01,2025X000,2025-01-01,Zutphen-2025X000,"0,7"
Zwijndrecht,0.14,1.29,1.07,0.08,0.01,2025X000,2025-01-01,Zwijndrecht-2025X000,"1,31"
Zwolle,0.2,0.66,0.93,0.09,0.01,2020X000,2020-01-01,Zwolle-2020X000,"0,71"
Zwolle,0.29,0.61,0.92,0.11,0.01,2021X000,2021-01-01,Zwolle-2021X000,"0,65"
Aalsmeer,0.49,0.38,1.03,0.2,0.01,2018X005,2018-01-01,Aalsmeer-2018X005,"0,4"
Alkmaar,0.264,0.679,0.7929999999999999,0.048,0.01,2023X005,2023-01-01,Alkmaar-2023X005,"0,711"
Almelo,0.22,0.54,1.09,0.11,0.01,2021X005,2021-01-01,Almelo-2021X005,"0,6"
Alphen-Chaam,0.29,0.55,1.32,0.1,0.01,2019X005,2019-01-01,Alphen-Chaam-2019X005,"0,49"
Alphen-Chaam,0.32,0.47,1.15,0.02,0.01,2020X005,2020-01-01,Alphen-Chaam-2020X005,"0,51"
Amsterdam,0.38,0.74,0.495,-0.039,0.01,2021X005,2021-01-01,Amsterdam-2021X005,"0,775"
Baarle-Nassau,0.76,-0.09,0.89,0.08,0.01,2018X005,2018-01-01,Baarle-Nassau-2018X005,"-0,08"
Baarle-Nassau,0.74,-0.05,0.88,0.1,0.01,2019X005,2019-01-01,Baarle-Nassau-2019X005,"-0,04"
Baarle-Nassau,0.48,0.12,0.86,-0.03,0.01,2023X005,2023-01-01,Baarle-Nassau-2023X005,"0,12"
Best,0.7909999999999999,-0.152,0.9259999999999999,0.55,0.01,2019X005,2019-01-01,Best-2019X005,"-0,061"
Beverwijk,0.25,0.42,0.97,0.02,0.01,2019X005,2019-01-01,Beverwijk-2019X005,"0,57"
Boekel,0.39,0.42,1.1,0.25,0.01,2021X005,2021-01-01,Boekel-2021X005,"0,42"
Borne,0.28,0.84,1.04,0.62,0.01,2021X005,2021-01-01,Borne-2021X005,"0,84"
Borsele,0.5579999999999999,-0.14400000000000002,0.97,-0.03,0.01,2023X005,2023-01-01,Borsele-2023X005,"-0,15"
Capelle aan den IJssel,0.35,0.47,0.81,0.04,0.01,2019X005,2019-01-01,Capelle aan den IJssel-2019X005,"0,47"
Castricum,0.43,0.18,0.94,0.07,0.01,2023X005,2023-01-01,Castricum-2023X005,"0,22"
Dalfsen,0.51,0.16,0.9,0.16,0.01,2020X005,2020-01-01,Dalfsen-2020X005,"0,23"
De Wolden,0.55,0.13,0.98,0.026000000000000002,0.01,2020X005,2020-01-01,De Wolden-2020X005,"0,27"
Den Helder,0.26,0.24,0.99,0.06,0.01,2018X005,2018-01-01,Den Helder-2018X005,"0,57"
Den Helder,0.27,0.28,1.02,0.06,0.01,2019X005,2019-01-01,Den Helder-2019X005,"0,58"
Den Helder,0.23,0.48,0.98,0.04,0.01,2023X005,2023-01-01,Den Helder-2023X005,"0,77"
Dinkelland,0.465,0.26899999999999996,1.06,0.033,0.01,2018X005,2018-01-01,Dinkelland-2018X005,"0,191"
Doetinchem,0.32,0.43,0.79,0.16,0.01,2023X005,2023-01-01,Doetinchem-2023X005,"0,5"
Drechterland,0.631,-0.012,1.05,0.22699999999999998,0.01,2018X005,2018-01-01,Drechterland-2018X005,"0,167"
Drimmelen,0.56,0.23,1.04,-0.03,0.01,2020X005,2020-01-01,Drimmelen-2020X005,"0,25"
Drimmelen,0.55,0.23,1.0,-0.01,0.01,2021X005,2021-01-01,Drimmelen-2021X005,"0,26"
Ede,0.28,0.42,0.86,0.3,0.01,2020X005,2020-01-01,Ede-2020X005,"0,58"
Eijsden-Margraten,0.233,1.075,1.1,0.013000000000000001,0.01,2018X005,2018-01-01,Eijsden-Margraten-2018X005,"1,168"
Eijsden-Margraten,0.18,1.06,1.25,0.01,0.01,2020X005,2020-01-01,Eijsden-Margraten-2020X005,"1,18"
Eijsden-Margraten,0.15,1.05,1.22,0.01,0.01,2021X005,2021-01-01,Eijsden-Margraten-2021X005,"1,17"
Enkhuizen,0.28,0.51,1.08,0.02,0.01,2019X005,2019-01-01,Enkhuizen-2019X005,"0,61"
Enschede,0.2,0.43,1.09,0.04,0.01,2019X005,2019-01-01,Enschede-2019X005,"0,49"
Gemert-Bakel,0.214,0.439,1.1,0.14800000000000002,0.01,2022X005,2022-01-01,Gemert-Bakel-2022X005,"0,643"
Gennep,0.402,0.223,0.953,0.013999999999999999,0.01,2019X005,2019-01-01,Gennep-2019X005,"0,223"
Goes,0.28,0.81,0.93,0.02,0.01,2019X005,2019-01-01,Goes-2019X005,"0,87"
Goes,0.27,0.84,0.91,0.01,0.01,2021X005,2021-01-01,Goes-2021X005,"0,89"
Haarlem,0.21,0.73,1.15,0.02,0.01,2020X005,2020-01-01,Haarlem-2020X005,"0,75"
Hardenberg,0.34,0.73,1.01,0.13,0.01,2018X005,2018-01-01,Hardenberg-2018X005,"0,77"
Heemskerk,0.54,0.31,0.94,0.02,0.01,2018X005,2018-01-01,Heemskerk-2018X005,"0,31"
Heemskerk,0.578,0.161,1.048,0.013000000000000001,0.01,2021X005,2021-01-01,Heemskerk-2021X005,"0,191"
Heerde,0.26,0.6,1.16,0.02,0.01,2020X005,2020-01-01,Heerde-2020X005,"0,63"
Heerde,0.29,0.56,1.15,0.02,0.01,2021X005,2021-01-01,Heerde-2021X005,"0,58"
Heeze-Leende,0.3,0.26,1.14,-0.01,0.01,2021X005,2021-01-01,Heeze-Leende-2021X005,"0,48"
Heiloo,0.26,0.7,0.99,0.22,0.01,2018X005,2018-01-01,Heiloo-2018X005,"0,71"
Heiloo,0.27,0.58,1.07,0.16,0.01,2021X005,2021-01-01,Heiloo-2021X005,"0,59"
Het Hogeland,0.18,0.59,1.16,-0.06,0.01,2019X005,2019-01-01,Het Hogeland-2019X005,"0,68"
Hoeksche Waard,0.48,0.39,0.85,0.02,0.01,2019X005,2019-01-01,Hoeksche Waard-2019X005,"0,42"
Hollands Kroon,0.36,0.35,0.95,0.08,0.01,2018X005,2018-01-01,Hollands Kroon-2018X005,"0,3"
Horst aan de Maas,0.327,0.43799999999999994,1.02,0.049,0.01,2018X005,2018-01-01,Horst aan de Maas-2018X005,"0,537"
Horst aan de Maas,0.23,0.49,0.98,0.03,0.01,2019X005,2019-01-01,Horst aan de Maas-2019X005,"0,48"
Koggenland,0.621,0.05,0.9520000000000001,0.153,0.01,2018X005,2018-01-01,Koggenland-2018X005,"0,05"
Lansingerland,0.569,0.175,1.15,0.45799999999999996,0.01,2022X005,2022-01-01,Lansingerland-2022X005,"0,191"
Lansingerland,0.63,0.27,1.03,0.47,0.01,2023X005,2023-01-01,Lansingerland-2023X005,"0,28"
Leiderdorp,0.5,0.3,1.31,-0.07,0.01,2019X005,2019-01-01,Leiderdorp-2019X005,"0,3"
Leiderdorp,0.45,0.39,1.32,-0.06,0.01,2020X005,2020-01-01,Leiderdorp-2020X005,"0,41"
Leiderdorp,0.419,0.447,1.26,-0.07,0.01,2021X005,2021-01-01,Leiderdorp-2021X005,"0,507"
Leudal,0.46799999999999997,0.42200000000000004,0.94,0.042,0.01,2020X005,2020-01-01,Leudal-2020X005,"0,469"
Leudal,0.49,0.42,0.98,0.04,0.01,2021X005,2021-01-01,Leudal-2021X005,"0,47"
Maassluis,0.28,0.63,1.11,0.11,0.01,2019X005,2019-01-01,Maassluis-2019X005,"0,69"
Meierijstad,0.33799999999999997,0.682,0.9520000000000001,0.679,0.01,2018X005,2018-01-01,Meierijstad-2018X005,"0,735"
Meppel,0.09,0.96,0.83,0.23,0.01,2018X005,2018-01-01,Meppel-2018X005,"1,08"
Middelburg,0.24,0.48,0.9,0.24,0.01,2022X005,2022-01-01,Middelburg-2022X005,"0,55"
Neder-Betuwe,0.53,0.17,1.13,0.03,0.01,2022X005,2022-01-01,Neder-Betuwe-2022X005,"0,17"
Nederweert,0.521,-0.595,1.0,0.087,0.01,2019X005,2019-01-01,Nederweert-2019X005,"-0,595"
"Nuenen, Gerwen en Nederwetten",0.28,1.12,1.12,1.13,0.01,2020X005,2020-01-01,"Nuenen, Gerwen en Nederwetten-2020X005","1,17"
Ooststellingwerf,0.47,0.17,0.82,0.04,0.01,2023X005,2023-01-01,Ooststellingwerf-2023X005,"0,19"
Oude IJsselstreek,0.16,1.17,0.99,0.11,0.01,2018X005,2018-01-01,Oude IJsselstreek-2018X005,"1,169"
Oude IJsselstreek,0.166,1.04,1.01,0.069,0.01,2019X005,2019-01-01,Oude IJsselstreek-2019X005,"1,148"
Putten,0.555,-0.22,0.8,0.09300000000000001,0.01,2019X005,2019-01-01,Putten-2019X005,"-0,058"
Raalte,0.45,0.53,0.94,0.16,0.01,2021X005,2021-01-01,Raalte-2021X005,"0,58"
Renkum,0.27,0.28,1.16,0.01,0.01,2018X005,2018-01-01,Renkum-2018X005,"0,34"
Ridderkerk,0.39,0.25,0.92,0.12,0.01,2018X005,2018-01-01,Ridderkerk-2018X005,"0,26"
Roosendaal,0.35,0.38,1.11,0.16,0.01,2021X005,2021-01-01,Roosendaal-2021X005,"0,39"
Scherpenzeel,0.36700000000000005,0.28800000000000003,0.981,0.33799999999999997,0.01,2023X005,2023-01-01,Scherpenzeel-2023X005,"0,473"
Schouwen-Duiveland,0.27399999999999997,0.45799999999999996,1.2229999999999999,0.044000000000000004,0.01,2020X005,2020-01-01,Schouwen-Duiveland-2020X005,"0,502"
Sittard-Geleen,0.12,1.07,1.02,0.03,0.01,2018X005,2018-01-01,Sittard-Geleen-2018X005,"1,11"
Sliedrecht,0.33,0.45,0.85,0.04,0.01,2019X005,2019-01-01,Sliedrecht-2019X005,"0,48"
Smallingerland,0.34,0.59,1.06,0.06,0.01,2018X005,2018-01-01,Smallingerland-2018X005,"0,66"
Smallingerland,0.3,0.61,0.0,0.04,0.01,2019X005,2019-01-01,Smallingerland-2019X005,"0,66"
Son en Breugel,0.71,0.01,0.84,0.11,0.01,2018X005,2018-01-01,Son en Breugel-2018X005,"0,04"
Son en Breugel,0.77,0.01,0.85,0.02,0.01,2019X005,2019-01-01,Son en Breugel-2019X005,"0,05"
Son en Breugel,0.585,0.24,1.05,-0.183,0.01,2022X005,2022-01-01,Son en Breugel-2022X005,"0,269"
Stede Broec,0.23199999999999998,0.489,1.03,0.031,0.01,2018X005,2018-01-01,Stede Broec-2018X005,"1,078"
Utrechtse Heuvelrug,0.222,0.6629999999999999,1.179,0.08900000000000001,0.01,2023X005,2023-01-01,Utrechtse Heuvelrug-2023X005,"0,678"
Voorschoten,0.4,0.31,1.48,0.05,0.01,2020X005,2020-01-01,Voorschoten-2020X005,"0,33"
Voorst,0.24,0.69,1.0,0.11599999999999999,0.01,2023X005,2023-01-01,Voorst-2023X005,"0,69"
Waadhoeke,0.415,0.307,1.05,0.16399999999999998,0.01,2018X005,2018-01-01,Waadhoeke-2018X005,"0,315"
Waadhoeke,0.36,0.32,1.02,0.18,0.01,2019X005,2019-01-01,Waadhoeke-2019X005,"0,33"
Waadhoeke,0.32,0.3,1.01,0.17,0.01,2020X005,2020-01-01,Waadhoeke-2020X005,"0,31"
Wijdemeren,0.39,0.48,1.39,0.15,0.01,2018X005,2018-01-01,Wijdemeren-2018X005,"0,46"
Zandvoort,0.45,0.27,1.03,0.08,0.01,2020X005,2020-01-01,Zandvoort-2020X005,"0,28"
Zandvoort,0.44,0.43,1.0,0.11,0.01,2021X005,2021-01-01,Zandvoort-2021X005,"0,45"
Zeist,0.66,-0.03,1.04,0.043,0.01,2023X005,2023-01-01,Zeist-2023X005,"-0,01"
Zwolle,0.304,0.545,0.94,0.11800000000000001,0.01,2019X005,2019-01-01,Zwolle-2019X005,"0,585"
's-Hertogenbosch,0.5,0.33,0.82,0.05,0.0,2019X000,2019-01-01,'s-Hertogenbosch-2019X000,"0,56"
's-Hertogenbosch,0.51,0.34,0.83,0.05,0.0,2020X000,2020-01-01,'s-Hertogenbosch-2020X000,"0,56"
's-Hertogenbosch,0.52,0.33,0.77,0.03,0.0,2021X000,2021-01-01,'s-Hertogenbosch-2021X000,"0,54"
's-Hertogenbosch,0.56,0.31,0.76,0.08,0.0,2022X000,2022-01-01,'s-Hertogenbosch-2022X000,"0,55"
's-Hertogenbosch,0.55,0.33,0.86,0.07,0.0,2023X000,2023-01-01,'s-Hertogenbosch-2023X000,"0,55"
's-Hertogenbosch,0.65,0.15,0.87,0.06,0.0,2024X000,2024-01-01,'s-Hertogenbosch-2024X000,"0,33"
's-Hertogenbosch,0.62,0.18,0.87,0.06,0.0,2025X000,2025-01-01,'s-Hertogenbosch-2025X000,"0,37"
Aa en Hunze,0.49,0.3,0.92,0.1,0.0,2020X000,2020-01-01,Aa en Hunze-2020X000,"0,29"
Aalsmeer,0.5,0.29,1.18,0.15,0.0,2019X000,2019-01-01,Aalsmeer-2019X000,"0,3"
Aalten,0.306,0.317,0.726,0.003,0.0,2019X000,2019-01-01,Aalten-2019X000,"0,526"
Achtkarspelen,0.177,0.664,1.024,0.015,0.0,2020X000,2020-01-01,Achtkarspelen-2020X000,"0,711"
Alkmaar,0.20800000000000002,0.8140000000000001,0.84,0.05,0.0,2025X000,2025-01-01,Alkmaar-2025X000,"0,846"
Almelo,0.03,0.8,1.11,0.16,0.0,2019X000,2019-01-01,Almelo-2019X000,"0,9"
Almelo,0.06,1.62,2.23,0.3,0.0,2020X000,2020-01-01,Almelo-2020X000,"1,82"
Alphen aan den Rijn,0.41100000000000003,0.613,,0.011000000000000001,0.0,2022X000,2022-01-01,Alphen aan den Rijn-2022X000,"0,69"
Alphen-Chaam,0.31,0.58,1.18,0.09,0.0,2023X000,2023-01-01,Alphen-Chaam-2023X000,"0,058"
Alphen-Chaam,0.31,0.58,1.18,0.09,0.0,2024X000,2024-01-01,Alphen-Chaam-2024X000,"0,58"
Altena,0.252,0.9590000000000001,0.985,0.10800000000000001,0.0,2020X000,2020-01-01,Altena-2020X000,"1,103"
Amersfoort,0.255,0.314,1.014,0.052000000000000005,0.0,2023X000,2023-01-01,Amersfoort-2023X000,"0,37"
Amstelveen,0.67,0.07,0.99,0.01,0.0,2022X000,2022-01-01,Amstelveen-2022X000,"0,12"
Amstelveen,0.67,0.07,0.99,0.01,0.0,2023X000,2023-01-01,Amstelveen-2023X000,"0,12"
Amstelveen,0.68,0.05,1.04,0.05,0.0,2024X000,2024-01-01,Amstelveen-2024X000,"0,09"
Asten,0.5820000000000001,0.055999999999999994,0.892,0.087,0.0,2019X000,2019-01-01,Asten-2019X000,"0,056"
Baarle-Nassau,0.64,0.17,0.91,0.01,0.0,2021X000,2021-01-01,Baarle-Nassau-2021X000,"0,17"
Baarle-Nassau,0.5,0.25,0.9,-0.03,0.0,2023X000,2023-01-01,Baarle-Nassau-2023X000,"0,25"
Barendrecht,0.212,1.055,1.073,0.011000000000000001,0.0,2024X000,2024-01-01,Barendrecht-2024X000,"1,055"
Barneveld,0.262,1.151,1.105,0.485,0.0,2019X000,2019-01-01,Barneveld-2019X000,"1,162"
Barneveld,0.262,1.151,1.075,0.485,0.0,2020X000,2020-01-01,Barneveld-2020X000,"1,162"
Barneveld,0.24,1.74,1.05,0.47,0.0,2021X000,2021-01-01,Barneveld-2021X000,"1,83"
Beesel,0.42,0.09,0.83,0.02,0.0,2022X000,2022-01-01,Beesel-2022X000,"0,09"
Beesel,0.46,0.04,0.85,0.01,0.0,2023X000,2023-01-01,Beesel-2023X000,"0,03"
Beesel,0.47,0.13,0.88,-0.01,0.0,2025X000,2025-01-01,Beesel-2025X000,"0,12"
Bergen (NH.),0.28,0.83,1.34,0.01,0.0,2019X000,2019-01-01,Bergen (NH.)-2019X000,"0,96"
Bergen (NH.),0.29,0.98,1.34,0.01,0.0,2020X000,2020-01-01,Bergen (NH.)-2020X000,"1,08"
Bergen op Zoom,,,,,0.0,2020X000,2020-01-01,Bergen op Zoom-2020X000,
Beverwijk,0.28,0.33,0.97,-0.01,0.0,2021X000,2021-01-01,Beverwijk-2021X000,"0,45"
Boekel,0.18,0.99,1.13,0.5,0.0,2020X000,2020-01-01,Boekel-2020X000,"0,99"
Boekel,0.23,0.9,1.1,0.53,0.0,2022X000,2022-01-01,Boekel-2022X000,"0,89"
Borne,0.26,1.45,1.03,0.78,0.0,2019X000,2019-01-01,Borne-2019X000,"1,45"
Borsele,0.5,0.14,1.0,0.02,0.0,2019X000,2019-01-01,Borsele-2019X000,"0,26"
Borsele,0.26,0.37,1.03,0.03,0.0,2021X000,2021-01-01,Borsele-2021X000,"0,45"
Breda,0.14400000000000002,0.518,0.978,0.021,0.0,2021X000,2021-01-01,Breda-2021X000,"0,722"
Bunschoten,0.301,0.502,0.9229999999999999,0.27,0.0,2021X000,2021-01-01,Bunschoten-2021X000,"0,561"
Bunschoten,0.341,0.40700000000000003,0.912,0.153,0.0,2022X000,2022-01-01,Bunschoten-2022X000,"0,465"
Castricum,0.36,0.38,0.98,0.08,0.0,2023X000,2023-01-01,Castricum-2023X000,"0,4"
Culemborg,0.27,0.71,1.05,-0.10300000000000001,0.0,2020X000,2020-01-01,Culemborg-2020X000,"1,05"
Delft,0.228,0.7440000000000001,0.009000000000000001,-0.01,0.0,2020X000,2020-01-01,Delft-2020X000,"0,966"
Den Helder,0.24,0.4,1.04,0.04,0.0,2020X000,2020-01-01,Den Helder-2020X000,"0,64"
Den Helder,0.18,0.58,1.04,0.04,0.0,2021X000,2021-01-01,Den Helder-2021X000,"0,81"
Den Helder,0.14,0.76,1.08,0.01,0.0,2022X000,2022-01-01,Den Helder-2022X000,"0,97"
Den Helder,0.15,0.5,0.97,0.03,0.0,2024X000,2024-01-01,Den Helder-2024X000,"0,87"
Den Helder,0.2,0.75,0.98,0.03,0.0,2025X000,2025-01-01,Den Helder-2025X000,"0,99"
Deventer,0.14,0.83,0.94,0.15,0.0,2019X000,2019-01-01,Deventer-2019X000,"0,94"
Deventer,0.14,0.71,1.01,0.11,0.0,2020X000,2020-01-01,Deventer-2020X000,"0,81"
Diemen,0.15,1.05,1.01,0.02,0.0,2019X000,2019-01-01,Diemen-2019X000,"1,07"
Dijk en Waard,0.23,0.56,0.93,0.09,0.0,2024X000,2024-01-01,Dijk en Waard-2024X000,"0,58"
Dijk en Waard,0.36,0.24,0.95,0.05,0.0,2025X000,2025-01-01,Dijk en Waard-2025X000,"0,26"
Dinkelland,0.363,0.483,,0.031,0.0,2021X000,2021-01-01,Dinkelland-2021X000,"0,428"
Drechterland,0.52,0.24,1.07,0.29,0.0,2019X000,2019-01-01,Drechterland-2019X000,"0,4"
Drechterland,0.43,0.39,1.04,0.07,0.0,2025X000,2025-01-01,Drechterland-2025X000,"0,49"
Dronten,0.68,-0.23,0.99,0.27,0.0,2020X000,2020-01-01,Dronten-2020X000,"-0,29"
Dronten,0.5,-0.04,0.97,0.1,0.0,2025X000,2025-01-01,Dronten-2025X000,"0,02"
Eemnes,0.163,1.577,1.296,0.023,0.0,2021X000,2021-01-01,Eemnes-2021X000,"1,917"
Eemnes,0.18899999999999997,1.045,1.3159999999999998,-0.006999999999999999,0.0,2022X000,2022-01-01,Eemnes-2022X000,"1,28"
Eemnes,0.19,1.22,1.33,-0.008,0.0,2023X000,2023-01-01,Eemnes-2023X000,"1,48"
Eersel,0.61,-0.14,1.0,0.01,0.0,2021X000,2021-01-01,Eersel-2021X000,"-0,14"
Eindhoven,0.35,0.5,0.995,0.05,0.0,2021X000,2021-01-01,Eindhoven-2021X000,"0,52"
Eindhoven,0.35,0.48,1.0,0.06,0.0,2022X000,2022-01-01,Eindhoven-2022X000,"0,5"
Eindhoven,0.43,0.35,1.0,0.03,0.0,2023X000,2023-01-01,Eindhoven-2023X000,"0,36"
Enschede,0.19,0.48,1.12,0.06,0.0,2020X000,2020-01-01,Enschede-2020X000,"0,53"
Enschede,0.29,0.25,1.07,0.01,0.0,2025X000,2025-01-01,Enschede-2025X000,"0,3"
Ermelo,0.303,0.5670000000000001,1.4569999999999999,0.024,0.0,2023X000,2023-01-01,Ermelo-2023X000,"0,549"
Etten-Leur,0.19,0.64,1.17,0.07,0.0,2020X000,2020-01-01,Etten-Leur-2020X000,"0,65"
Geldrop-Mierlo,0.24,0.82,0.83,0.15,0.0,2021X000,2021-01-01,Geldrop-Mierlo-2021X000,"0,9"
Geldrop-Mierlo,0.24,0.87,0.82,0.17,0.0,2024X000,2024-01-01,Geldrop-Mierlo-2024X000,"0,96"
Gemert-Bakel,0.24,0.56,1.08,0.02,0.0,2025X000,2025-01-01,Gemert-Bakel-2025X000,"0,74"
Gilze en Rijen,0.31,0.36,0.8,0.02,0.0,2025X000,2025-01-01,Gilze en Rijen-2025X000,"0,37"
Goeree-Overflakkee,0.542,0.177,0.965,0.019,0.0,2024X000,2024-01-01,Goeree-Overflakkee-2024X000,"0,262"
Goes,0.24,1.01,0.93,0.05,0.0,2022X000,2022-01-01,Goes-2022X000,"0,88"
Gooise Meren,0.168,0.872,1.146,0.026000000000000002,0.0,2025X000,2025-01-01,Gooise Meren-2025X000,"0,872"
Gorinchem,0.228,1.1440000000000001,1.043,0.318,0.0,2020X000,2020-01-01,Gorinchem-2020X000,"1,138"
Gouda,0.21600000000000003,0.838,1.268,0.019,0.0,2024X000,2024-01-01,Gouda-2024X000,"0,841"
Groningen,0.07,1.31,1.115,0.051,0.0,2021X000,2021-01-01,Groningen-2021X000,"1,67"
Haarlem,0.15,1.05,1.22,0.02,0.0,2019X000,2019-01-01,Haarlem-2019X000,"1,06"
Haarlem,0.17,0.91,1.21,-0.01,0.0,2020X000,2020-01-01,Haarlem-2020X000,"0,92"
Haarlem,0.18,0.86,1.15,-0.01,0.0,2022X000,2022-01-01,Haarlem-2022X000,"0,88"
Haarlem,0.27,0.71,1.07,0.01,0.0,2024X000,2024-01-01,Haarlem-2024X000,"0,72"
Haarlemmermeer,0.308,1.0270000000000001,1.042,0.284,0.0,2021X000,2021-01-01,Haarlemmermeer-2021X000,"1,114"
Hardenberg,0.29,0.74,1.01,0.17,0.0,2019X000,2019-01-01,Hardenberg-2019X000,"0,82"
Hardenberg,0.33,0.62,1.01,0.15,0.0,2020X000,2020-01-01,Hardenberg-2020X000,"0,69"
Hardenberg,0.29,0.7,1.01,0.11,0.0,2021X000,2021-01-01,Hardenberg-2021X000,"0,73"
Hardinxveld-Giessendam,0.38,0.61,0.98,0.22,0.0,2025X000,2025-01-01,Hardinxveld-Giessendam-2025X000,"0,61"
Heemskerk,0.53,0.26,1.05,0.07,0.0,2021X000,2021-01-01,Heemskerk-2021X000,"0,26"
Heerde,0.27,0.98,1.16,0.14,0.0,2019X000,2019-01-01,Heerde-2019X000,1
Heerde,0.3,0.91,1.16,0.11,0.0,2020X000,2020-01-01,Heerde-2020X000,"0,93"
Heerenveen,0.201,0.7559999999999999,1.079,0.136,0.0,2020X000,2020-01-01,Heerenveen-2020X000,"0,757"
Heerlen,0.05,0.87,0.97,0.02,0.0,2021X000,2021-01-01,Heerlen-2021X000,"0,87"
Heeze-Leende,0.2,0.87,0.94,0.03,0.0,2021X000,2021-01-01,Heeze-Leende-2021X000,"1,14"
Heiloo,0.28,0.48,1.06,0.03,0.0,2023X000,2023-01-01,Heiloo-2023X000,"0,49"
Hilvarenbeek,0.17,0.73,0.9,0.09,0.0,2023X000,2023-01-01,Hilvarenbeek-2023X000,"0,76"
Hoeksche Waard,0.49,0.5,0.83,0.01,0.0,2024X000,2024-01-01,Hoeksche Waard-2024X000,"0,59"
Horst aan de Maas,0.28,0.62,1.05,0.04,0.0,2020X000,2020-01-01,Horst aan de Maas-2020X000,"0,7"
Hulst,0.306,0.596,1.024,0.04,0.0,2024X000,2024-01-01,Hulst-2024X000,"0,606"
Kampen,0.136,0.7929999999999999,0.905,0.13699999999999998,0.0,2020X000,2020-01-01,Kampen-2020X000,"0,83"
Kampen,0.22,0.54,0.8640000000000001,0.031,0.0,2021X000,2021-01-01,Kampen-2021X000,"0,58"
Kapelle,0.38,0.8,1.06,0.33,0.0,2019X000,2019-01-01,Kapelle-2019X000,"1,01"
Kapelle,0.31,0.71,1.0,0.03,0.0,2021X000,2021-01-01,Kapelle-2021X000,"0,76"
Kapelle,0.28,1.23,1.0,0.02,0.0,2022X000,2022-01-01,Kapelle-2022X000,"1,28"
Kapelle,0.32,1.14,0.92,0.05,0.0,2024X000,2024-01-01,Kapelle-2024X000,"1,2"
Katwijk,0.28,1.07,0.94,0.09,0.0,2020X000,2020-01-01,Katwijk-2020X000,"1,16"
Katwijk,0.26,0.88,0.96,0.05,0.0,2023X000,2023-01-01,Katwijk-2023X000,"1,01"
Land van Cuijk,0.27,0.9,0.9,0.1,0.0,2023X000,2023-01-01,Land van Cuijk-2023X000,"0,94"
Land van Cuijk,0.25,1.17,0.93,0.08,0.0,2025X000,2025-01-01,Land van Cuijk-2025X000,"1,22"
Lansingerland,0.33,1.19,1.12,0.47,0.0,2020X000,2020-01-01,Lansingerland-2020X000,"1,21"
Lansingerland,0.57,0.08,1.15,0.29,0.0,2022X000,2022-01-01,Lansingerland-2022X000,"0,09"
Leeuwarden,0.146,0.677,0.84,0.261,0.0,2024X000,2024-01-01,Leeuwarden-2024X000,"0,684"
Lelystad,0.29,0.02,1.0,-0.13,0.0,2024X000,2024-01-01,Lelystad-2024X000,"0,08"
Leudal,0.45,0.52,0.98,-0.04,0.0,2021X000,2021-01-01,Leudal-2021X000,"0,57"
Leusden,0.466,0.013000000000000001,0.8740000000000001,0.025,0.0,2019X000,2019-01-01,Leusden-2019X000,"0,037"
Leusden,0.41100000000000003,0.27,0.966,0.042,0.0,2020X000,2020-01-01,Leusden-2020X000,"0,292"
Lochem,0.41,0.32,1.14,0.13,0.0,2020X000,2020-01-01,Lochem-2020X000,"0,38"
Maashorst,0.429,0.513,0.812,0.14,0.0,2022X000,2022-01-01,Maashorst-2022X000,"0,531"
Maashorst,0.44,0.424,0.7929999999999999,0.14400000000000002,0.0,2024X000,2024-01-01,Maashorst-2024X000,"0,443"
Medemblik,0.42,0.3,1.16,0.08,0.0,2019X000,2019-01-01,Medemblik-2019X000,"0,34"
Medemblik,0.34,0.52,1.08,0.06,0.0,2020X000,2020-01-01,Medemblik-2020X000,"0,55"
Medemblik,0.39,0.15,1.05,0.05,0.0,2022X000,2022-01-01,Medemblik-2022X000,"0,18"
Meierijstad,0.276,0.757,0.9790000000000001,0.49200000000000005,0.0,2019X000,2019-01-01,Meierijstad-2019X000,"0,805"
Middelburg,0.11,1.26,0.98,0.49,0.0,2019X000,2019-01-01,Middelburg-2019X000,"1,32"
Middelburg,0.15,0.99,1.03,0.4,0.0,2021X000,2021-01-01,Middelburg-2021X000,"1,05"
Middelburg,0.16,0.84,1.03,0.32,0.0,2022X000,2022-01-01,Middelburg-2022X000,"0,89"
Middelburg,0.37,0.34,0.94,0.23,0.0,2025X000,2025-01-01,Middelburg-2025X000,"0,48"
Midden-Delfland,0.38,1.22,1.07,0.1,0.0,2023X000,2023-01-01,Midden-Delfland-2023X000,"1,25"
Montferland,0.29,0.65,1.09,0.01,0.0,2021X000,2021-01-01,Montferland-2021X000,"0,74"
Nijkerk,0.52,0.42,0.82,0.28,0.0,2019X000,2019-01-01,Nijkerk-2019X000,"0,42"
Nissewaard,0.251,0.711,0.96,0.113,0.0,2022X000,2022-01-01,Nissewaard-2022X000,"0,78"
Noardeast-Fryslân,0.23,0.47,1.04,-0.02,0.0,2022X000,2022-01-01,Noardeast-Fryslân-2022X000,"0,43"
Noordwijk,0.44299999999999995,0.812,1.099,0.098,0.0,2021X000,2021-01-01,Noordwijk-2021X000,"0,9"
"Nuenen, Gerwen en Nederwetten",0.31,0.93,1.08,0.85,0.0,2024X000,2024-01-01,"Nuenen, Gerwen en Nederwetten-2024X000","0,96"
Nunspeet,0.49,0.006999999999999999,0.723,0.002,0.0,2021X000,2021-01-01,Nunspeet-2021X000,"0,007"
Oirschot,0.40399999999999997,0.789,1.058,-0.005,0.0,2020X000,2020-01-01,Oirschot-2020X000,"0,813"
Oldebroek,0.41,0.16,0.96,-0.02,0.0,2019X000,2019-01-01,Oldebroek-2019X000,"0,27"
Oldebroek,0.28,0.5,0.98,0.03,0.0,2025X000,2025-01-01,Oldebroek-2025X000,"0,57"
Oldenzaal,0.39,0.54,0.93,0.02,0.0,2019X000,2019-01-01,Oldenzaal-2019X000,"0,6"
Oldenzaal,0.27,0.59,0.97,0.04,0.0,2022X000,2022-01-01,Oldenzaal-2022X000,"0,65"
Oosterhout,0.5870000000000001,0.368,0.956,0.081,0.0,2020X000,2020-01-01,Oosterhout-2020X000,"0,366"
Oosterhout,0.542,0.495,0.9329999999999999,0.069,0.0,2021X000,2021-01-01,Oosterhout-2021X000,"0,479"
Ooststellingwerf,0.27,0.5,0.91,0.04,0.0,2021X000,2021-01-01,Ooststellingwerf-2021X000,"0,46"
Opmeer,0.63,-0.25,1.15,0.04,0.0,2021X000,2021-01-01,Opmeer-2021X000,"-0,25"
Opsterland,0.262,0.42,0.941,0.025,0.0,2019X000,2019-01-01,Opsterland-2019X000,"0,42"
Opsterland,0.32,0.24,0.85,0.03,0.0,2023X000,2023-01-01,Opsterland-2023X000,"0,24"
Overbetuwe,0.185,0.883,0.778,0.066,0.0,2024X000,2024-01-01,Overbetuwe-2024X000,"0,945"
Peel en Maas,0.34,0.91,0.93,0.07,0.0,2019X000,2019-01-01,Peel en Maas-2019X000,"0,99"
Reimerswaal,0.39,0.71,1.07,-0.053,0.0,2021X000,2021-01-01,Reimerswaal-2021X000,"0,73"
Renswoude,0.41,1.37,1.08,0.08,0.0,2021X000,2021-01-01,Renswoude-2021X000,"1,25"
Reusel-De Mierden,0.21100000000000002,0.867,1.012,0.515,0.0,2019X000,2019-01-01,Reusel-De Mierden-2019X000,"0,866"
Rheden,0.16,0.87,0.9,0.016,0.0,2022X000,2022-01-01,Rheden-2022X000,"0,91"
Ridderkerk,0.327,0.802,0.985,-0.001,0.0,2025X000,2025-01-01,Ridderkerk-2025X000,"0,825"
Roerdalen,0.268,0.6559999999999999,0.872,-0.001,0.0,2023X000,2023-01-01,Roerdalen-2023X000,"0,715"
Roermond,0.2,0.62,0.9620000000000001,0.003,0.0,2019X000,2019-01-01,Roermond-2019X000,"0,61"
Roosendaal,0.18,0.71,1.0,0.05,0.0,2024X000,2024-01-01,Roosendaal-2024X000,"0,71"
Rozendaal,0.87,,1.31,-0.02,0.0,2020X000,2020-01-01,Rozendaal-2020X000,"-1,52"
Rozendaal,0.83,-1.5,1.23,0.003,0.0,2021X000,2021-01-01,Rozendaal-2021X000,"-1,5"
Schagen,0.415,0.344,1.04,0.034,0.0,2019X000,2019-01-01,Schagen-2019X000,"0,376"
Schagen,,,1.04,,0.0,2020X000,2020-01-01,Schagen-2020X000,
Schagen,0.33899999999999997,0.7040000000000001,1.16,0.022000000000000002,0.0,2021X000,2021-01-01,Schagen-2021X000,"0,726"
Schiedam,0.209,1.17,0.998,0.083,0.0,2025X000,2025-01-01,Schiedam-2025X000,"1,208"
Schiermonnikoog,0.17,1.2,0.98,-0.03,0.0,2024X000,2024-01-01,Schiermonnikoog-2024X000,"1,1"
Sittard-Geleen,0.132,1.021,1.04,0.006999999999999999,0.0,2024X000,2024-01-01,Sittard-Geleen-2024X000,"1,054"
Smallingerland,0.26,0.72,1.05,0.06,0.0,2019X000,2019-01-01,Smallingerland-2019X000,"0,77"
Smallingerland,0.14,0.66,0.0,0.03,0.0,2020X000,2020-01-01,Smallingerland-2020X000,"0,69"
Someren,0.81,0.18,0.89,0.04,0.0,2020X000,2020-01-01,Someren-2020X000,"-0,26"
Son en Breugel,0.53,0.35,0.86,0.01,0.0,2020X000,2020-01-01,Son en Breugel-2020X000,"0,38"
Staphorst,0.87,-0.36,0.94,0.2,0.0,2019X000,2019-01-01,Staphorst-2019X000,"-0,38"
Staphorst,0.82,-0.22,0.89,0.06,0.0,2023X000,2023-01-01,Staphorst-2023X000,"-0,2"
Stede Broec,0.26,0.43,1.1,0.01,0.0,2019X000,2019-01-01,Stede Broec-2019X000,"1,02"
Steenwijkerland,0.18,0.67,0.87,0.09,0.0,2021X000,2021-01-01,Steenwijkerland-2021X000,"0,74"
Súdwest-Fryslân,0.132,0.7120000000000001,0.9179999999999999,0.03,0.0,2022X000,2022-01-01,Súdwest-Fryslân-2022X000,"0,805"
Terschelling,0.34,0.51,0.95,0.06,0.0,2019X000,2019-01-01,Terschelling-2019X000,"0,51"
Terschelling,0.28,0.62,0.94,0.1,0.0,2021X000,2021-01-01,Terschelling-2021X000,"0,58"
Uithoorn,0.32,1.0,1.09,0.29,0.0,2019X000,2019-01-01,Uithoorn-2019X000,"1,01"
Urk,0.29,1.33,0.0,0.88,0.0,2020X000,2020-01-01,Urk-2020X000,"1,39"
Valkenswaard,0.51,0.41,0.93,-0.01,0.0,2025X000,2025-01-01,Valkenswaard-2025X000,"0,41"
Veenendaal,0.26,0.74,0.78,0.006999999999999999,0.0,2020X000,2020-01-01,Veenendaal-2020X000,"0,79"
Veere,0.26,0.69,0.89,0.02,0.0,2019X000,2019-01-01,Veere-2019X000,"0,77"
Veldhoven,0.27,1.13,0.99,0.5,0.0,2022X000,2022-01-01,Veldhoven-2022X000,"1,15"
Veldhoven,0.297,0.88,0.96,0.3,0.0,2023X000,2023-01-01,Veldhoven-2023X000,"0,91"
Venray,0.21,0.87,0.99,0.01,0.0,2021X000,2021-01-01,Venray-2021X000,"0,99"
Venray,0.2,0.94,0.98,0.02,0.0,2022X000,2022-01-01,Venray-2022X000,"1,06"
Vlaardingen,0.22,0.687,0.985,0.081,0.0,2024X000,2024-01-01,Vlaardingen-2024X000,"0,69"
Vlissingen,0.31,0.37,1.02,0.02,0.0,2025X000,2025-01-01,Vlissingen-2025X000,"0,38"
Voorne aan Zee,0.315,1.022,0.9740000000000001,0.071,0.0,2025X000,2025-01-01,Voorne aan Zee-2025X000,"1,093"
Voorschoten,0.35,0.6,1.47,0.2,0.0,2019X000,2019-01-01,Voorschoten-2019X000,"0,73"
Waadhoeke,0.28,0.38,1.06,0.2,0.0,2021X000,2021-01-01,Waadhoeke-2021X000,"0,39"
Waalre,0.24,0.391,1.082,0.124,0.0,2019X000,2019-01-01,Waalre-2019X000,"0,4"
Westerveld,0.45,0.22,0.9,0.04,0.0,2019X000,2019-01-01,Westerveld-2019X000,"0,23"
Westerwolde,0.43,-0.18,1.12,-0.013000000000000001,0.0,2019X000,2019-01-01,Westerwolde-2019X000,"0,04"
Wijchen,0.5,0.12,0.89,-0.03,0.0,2025X000,2025-01-01,Wijchen-2025X000,"0,23"
Wijdemeren,0.24,0.88,1.4,0.07,0.0,2020X000,2020-01-01,Wijdemeren-2020X000,"0,85"
Wijdemeren,0.2,0.76,1.41,0.02,0.0,2021X000,2021-01-01,Wijdemeren-2021X000,"0,73"
Wijdemeren,0.13,1.06,1.58,0.02,0.0,2025X000,2025-01-01,Wijdemeren-2025X000,"1,03"
Wijk bij Duurstede,0.285,0.478,1.151,0.006999999999999999,0.0,2021X000,2021-01-01,Wijk bij Duurstede-2021X000,"0,482"
Wijk bij Duurstede,0.209,0.517,1.112,0.006,0.0,2023X000,2023-01-01,Wijk bij Duurstede-2023X000,"0,581"
Wijk bij Duurstede,0.171,0.536,1.112,0.011000000000000001,0.0,2024X000,2024-01-01,Wijk bij Duurstede-2024X000,"0,593"
Zeewolde,0.77,-0.54,1.23,0.35,0.0,2022X000,2022-01-01,Zeewolde-2022X000,"-0,47"
Zeewolde,0.77,-0.43,1.1,0.35,0.0,2023X000,2023-01-01,Zeewolde-2023X000,"-0,35"
Zeewolde,0.77,-0.43,1.23,0.35,0.0,2024X000,2024-01-01,Zeewolde-2024X000,"-0,35"
Zeewolde,0.86,-0.36,1.23,0.29,0.0,2025X000,2025-01-01,Zeewolde-2025X000,"-0,3"
Zoeterwoude,0.413,0.633,1.014,-0.003,0.0,2022X000,2022-01-01,Zoeterwoude-2022X000,"0,646"
Zuidplas,0.25,0.89,1.08,0.07,0.0,2024X000,2024-01-01,Zuidplas-2024X000,"0,92"
Zutphen,0.12,0.97,0.935,0.56,0.0,2020X000,2020-01-01,Zutphen-2020X000,"1,09"
Zwartewaterland,0.251,0.9940000000000001,0.993,0.129,0.0,2021X000,2021-01-01,Zwartewaterland-2021X000,"1,051"
Zwartewaterland,0.313,0.816,0.973,0.192,0.0,2022X000,2022-01-01,Zwartewaterland-2022X000,"0,871"
Zwartewaterland,0.396,0.578,0.884,0.171,0.0,2024X000,2024-01-01,Zwartewaterland-2024X000,"0,622"
Zwijndrecht,0.2,1.07,1.03,0.07,0.0,2024X000,2024-01-01,Zwijndrecht-2024X000,"1,08"
Zwolle,0.24,0.65,0.93,0.12,0.0,2019X000,2019-01-01,Zwolle-2019X000,"0,69"
's-Hertogenbosch,0.526,0.261,0.82,0.045,0.0,2018X005,2018-01-01,'s-Hertogenbosch-2018X005,"0,492"
's-Hertogenbosch,0.56,0.19,0.8,0.04,0.0,2020X005,2020-01-01,'s-Hertogenbosch-2020X005,"0,39"
's-Hertogenbosch,0.57,0.2,0.79,0.06,0.0,2021X005,2021-01-01,'s-Hertogenbosch-2021X005,"0,39"
's-Hertogenbosch,0.614,0.133,0.76,0.062,0.0,2022X005,2022-01-01,'s-Hertogenbosch-2022X005,"0,373"
's-Hertogenbosch,0.59,0.13,0.82,0.05,0.0,2023X005,2023-01-01,'s-Hertogenbosch-2023X005,"0,33"
Achtkarspelen,0.23,0.49,1.046,0.017,0.0,2018X005,2018-01-01,Achtkarspelen-2018X005,"0,563"
Achtkarspelen,0.39299999999999996,0.39299999999999996,1.032,0.01,0.0,2020X005,2020-01-01,Achtkarspelen-2020X005,"0,438"
Achtkarspelen,0.396,0.396,1.074,0.011000000000000001,0.0,2021X005,2021-01-01,Achtkarspelen-2021X005,"0,446"
Amstelveen,0.64,-0.06,0.95,0.15,0.0,2023X005,2023-01-01,Amstelveen-2023X005,"-0,06"
Baarle-Nassau,0.69,-0.03,0.87,0.02,0.0,2020X005,2020-01-01,Baarle-Nassau-2020X005,"-0,03"
Barendrecht,0.22,1.13,1.02,0.06,0.0,2018X005,2018-01-01,Barendrecht-2018X005,"1,15"
Barneveld,0.268,1.136,1.0490000000000002,0.38299999999999995,0.0,2019X005,2019-01-01,Barneveld-2019X005,"1,146"
Barneveld,0.25,1.139,1.012,0.396,0.0,2020X005,2020-01-01,Barneveld-2020X005,"1,147"
Barneveld,0.245,1.131,1.034,0.41600000000000004,0.0,2021X005,2021-01-01,Barneveld-2021X005,"1,396"
Bergen (NH.),0.29,0.66,1.39,0.02,0.0,2019X005,2019-01-01,Bergen (NH.)-2019X005,"0,79"
Bergen (NH.),0.302,0.47,1.27,-0.01,0.0,2022X005,2022-01-01,Bergen (NH.)-2022X005,"0,52"
Berkelland,0.544,0.005,1.072,0.047,0.0,2018X005,2018-01-01,Berkelland-2018X005,"0,423"
Blaricum,0.8240000000000001,-0.95,1.508,0.092,0.0,2022X005,2022-01-01,Blaricum-2022X005,"-0,923"
Borne,0.32,0.78,1.02,,0.0,2023X005,2023-01-01,Borne-2023X005,"0,78"
Borsele,0.5379999999999999,-0.126,1.08,-0.027000000000000003,0.0,2022X005,2022-01-01,Borsele-2022X005,"-0,078"
Castricum,0.26,0.47,1.04,0.03,0.0,2018X005,2018-01-01,Castricum-2018X005,"0,57"
Castricum,0.24,0.47,1.03,0.06,0.0,2019X005,2019-01-01,Castricum-2019X005,"0,52"
Castricum,0.41,0.15,1.02,0.04,0.0,2020X005,2020-01-01,Castricum-2020X005,"0,18"
Castricum,0.42,0.2,1.05,0.06,0.0,2021X005,2021-01-01,Castricum-2021X005,"0,23"
Castricum,0.418,0.17300000000000001,1.0,0.065,0.0,2022X005,2022-01-01,Castricum-2022X005,"0,2"
Culemborg,0.26,0.57,1.03,0.028999999999999998,0.0,2023X005,2023-01-01,Culemborg-2023X005,"0,69"
Diemen,0.21,0.5,1.25,0.03,0.0,2018X005,2018-01-01,Diemen-2018X005,"0,51"
Dijk en Waard,0.34,0.3,0.93,0.07,0.0,2023X005,2023-01-01,Dijk en Waard-2023X005,"0,31"
Drechterland,0.53,-0.06,1.04,-0.06,0.0,2021X005,2021-01-01,Drechterland-2021X005,"0,04"
Eersel,0.547,-0.002,0.97,0.05,0.0,2018X005,2018-01-01,Eersel-2018X005,"-0,002"
Enkhuizen,0.21,0.59,1.05,0.02,0.0,2020X005,2020-01-01,Enkhuizen-2020X005,"0,69"
Etten-Leur,0.26,0.495,0.9,0.115,0.0,2018X005,2018-01-01,Etten-Leur-2018X005,"0,522"
Etten-Leur,0.28,0.556,0.8,0.11599999999999999,0.0,2023X005,2023-01-01,Etten-Leur-2023X005,"0,564"
Geldrop-Mierlo,0.27,0.79,0.79,0.19,0.0,2020X005,2020-01-01,Geldrop-Mierlo-2020X005,"0,89"
Gilze en Rijen,0.2,0.64,0.71,0.32,0.0,2019X005,2019-01-01,Gilze en Rijen-2019X005,"0,71"
Goes,0.27,0.75,0.91,-0.01,0.0,2020X005,2020-01-01,Goes-2020X005,"0,81"
Gorinchem,0.20800000000000002,0.9640000000000001,0.983,0.45899999999999996,0.0,2018X005,2018-01-01,Gorinchem-2018X005,"0,97"
Haarlem,0.18,0.94,1.12,0.05,0.0,2018X005,2018-01-01,Haarlem-2018X005,"0,96"
Hardenberg,0.36,0.68,1.01,0.09,0.0,2019X005,2019-01-01,Hardenberg-2019X005,"0,72"
Hardenberg,0.35,0.61,0.97,0.09,0.0,2020X005,2020-01-01,Hardenberg-2020X005,"0,64"
Hardenberg,0.42,0.48,0.93,0.05,0.0,2021X005,2021-01-01,Hardenberg-2021X005,"0,5"
Harderwijk,0.275,0.532,0.885,0.47100000000000003,0.0,2020X005,2020-01-01,Harderwijk-2020X005,"0,547"
Hardinxveld-Giessendam,0.431,0.22,0.97,0.061,0.0,2022X005,2022-01-01,Hardinxveld-Giessendam-2022X005,"0,221"
Hardinxveld-Giessendam,0.44,0.22,0.97,0.22,0.0,2023X005,2023-01-01,Hardinxveld-Giessendam-2023X005,"0,24"
Heemskerk,0.578,0.13,1.013,0.006999999999999999,0.0,2023X005,2023-01-01,Heemskerk-2023X005,"0,168"
Heeze-Leende,0.3,0.28,1.02,0.01,0.0,2023X005,2023-01-01,Heeze-Leende-2023X005,"0,47"
Hoeksche Waard,0.67,0.05,0.81,0.01,0.0,2021X005,2021-01-01,Hoeksche Waard-2021X005,"0,1"
Hoeksche Waard,0.647,0.06,0.76,0.004,0.0,2022X005,2022-01-01,Hoeksche Waard-2022X005,"0,126"
Huizen,0.66,-0.61,0.98,0.01,0.0,2021X005,2021-01-01,Huizen-2021X005,"-0,19"
Kapelle,0.385,0.925,1.06,0.217,0.0,2019X005,2019-01-01,Kapelle-2019X005,"0,979"
Kapelle,0.31,0.69,1.06,0.06,0.0,2020X005,2020-01-01,Kapelle-2020X005,"0,74"
Kapelle,0.32,0.98,1.06,0.03,0.0,2021X005,2021-01-01,Kapelle-2021X005,"1,02"
Kapelle,0.35,0.84,0.94,0.09,0.0,2023X005,2023-01-01,Kapelle-2023X005,"0,88"
Katwijk,0.28,0.76,1.03,0.06,0.0,2023X005,2023-01-01,Katwijk-2023X005,"0,87"
Krimpen aan den IJssel,0.40399999999999997,0.304,1.278,0.062,0.0,2021X005,2021-01-01,Krimpen aan den IJssel-2021X005,"0,461"
Landgraaf,0.40399999999999997,0.179,1.091,0.027999999999999997,0.0,2020X005,2020-01-01,Landgraaf-2020X005,"0,258"
Landsmeer,0.11,0.75,1.16,0.03,0.0,2020X005,2020-01-01,Landsmeer-2020X005,"0,75"
Lansingerland,0.29,1.04,1.08,0.67,0.0,2018X005,2018-01-01,Lansingerland-2018X005,"1,06"
Lansingerland,0.55,0.12,1.02,0.29,0.0,2020X005,2020-01-01,Lansingerland-2020X005,"0,13"
Leusden,0.52,0.1,0.93,0.01,0.0,2021X005,2021-01-01,Leusden-2021X005,"0,14"
Maasdriel,0.315,0.527,1.0090000000000001,0.10800000000000001,0.0,2022X005,2022-01-01,Maasdriel-2022X005,"0,554"
Maastricht,0.25,0.46,0.99,0.2,0.0,2018X005,2018-01-01,Maastricht-2018X005,"0,6"
Maastricht,0.23,0.61,1.07,0.02,0.0,2020X005,2020-01-01,Maastricht-2020X005,"0,76"
Medemblik,0.518,0.062,1.14,0.062,0.0,2018X005,2018-01-01,Medemblik-2018X005,"0,129"
Middelburg,0.17,1.08,0.92,0.32,0.0,2018X005,2018-01-01,Middelburg-2018X005,"1,14"
Middelburg,0.16,0.91,0.95,0.37,0.0,2020X005,2020-01-01,Middelburg-2020X005,"0,97"
Middelburg,0.2,0.79,1.01,0.37,0.0,2021X005,2021-01-01,Middelburg-2021X005,"0,85"
Noardeast-Fryslân,0.314,0.198,1.04,0.001,0.0,2022X005,2022-01-01,Noardeast-Fryslân-2022X005,"0,231"
Noordenveld,0.25,0.65,0.97,0.04,0.0,2023X005,2023-01-01,Noordenveld-2023X005,"0,67"
Noordoostpolder,0.75,-0.07,0.983,0.12,0.0,2018X005,2018-01-01,Noordoostpolder-2018X005,"-0,07"
Oldebroek,0.59,-0.07,0.93,0.05,0.0,2018X005,2018-01-01,Oldebroek-2018X005,"0,01"
Oldebroek,0.44,-0.07,0.99,0.06,0.0,2019X005,2019-01-01,Oldebroek-2019X005,"0,01"
Oldenzaal,0.39,0.35,0.93,0.02,0.0,2018X005,2018-01-01,Oldenzaal-2018X005,"0,41"
Oldenzaal,0.37,0.44,0.9,0.04,0.0,2020X005,2020-01-01,Oldenzaal-2020X005,"0,49"
Oldenzaal,0.41,0.42,0.96,0.04,0.0,2021X005,2021-01-01,Oldenzaal-2021X005,"0,42"
Oldenzaal,0.46,0.25,0.96,0.03,0.0,2022X005,2022-01-01,Oldenzaal-2022X005,"0,21"
Oldenzaal,0.48,0.21,0.96,-0.02,0.0,2023X005,2023-01-01,Oldenzaal-2023X005,"0,25"
Ommen,0.28,0.28,1.01,0.16,0.0,2020X005,2020-01-01,Ommen-2020X005,"0,33"
Ommen,0.34,0.33,0.97,0.14,0.0,2021X005,2021-01-01,Ommen-2021X005,"0,38"
Ommen,0.41,0.2,0.97,0.06,0.0,2022X005,2022-01-01,Ommen-2022X005,"0,21"
Ooststellingwerf,0.39,0.35,0.93,0.03,0.0,2018X005,2018-01-01,Ooststellingwerf-2018X005,"0,4"
Oostzaan,0.132,1.367,1.1840000000000002,0.005,0.0,2018X005,2018-01-01,Oostzaan-2018X005,"1,367"
Renkum,0.22699999999999998,0.27,1.291,0.001,0.0,2020X005,2020-01-01,Renkum-2020X005,"0,32"
Renkum,0.24100000000000002,0.174,1.227,0.02,0.0,2022X005,2022-01-01,Renkum-2022X005,"0,219"
Renswoude,0.514,0.353,1.064,0.071,0.0,2018X005,2018-01-01,Renswoude-2018X005,"0,417"
Reusel-De Mierden,0.406,0.441,0.9990000000000001,0.35,0.0,2019X005,2019-01-01,Reusel-De Mierden-2019X005,"0,451"
Reusel-De Mierden,0.426,0.375,0.973,0.22899999999999998,0.0,2020X005,2020-01-01,Reusel-De Mierden-2020X005,"0,375"
Reusel-De Mierden,0.423,0.35100000000000003,0.887,0.501,0.0,2021X005,2021-01-01,Reusel-De Mierden-2021X005,"0,351"
Reusel-De Mierden,0.37,0.151,0.777,0.39299999999999996,0.0,2022X005,2022-01-01,Reusel-De Mierden-2022X005,"0,157"
Reusel-De Mierden,0.541,0.182,0.746,0.44,0.0,2023X005,2023-01-01,Reusel-De Mierden-2023X005,"0,187"
Ridderkerk,0.523,0.268,0.9840000000000001,-0.023,0.0,2023X005,2023-01-01,Ridderkerk-2023X005,"0,268"
Roermond,0.261,0.58,0.903,0.001,0.0,2019X005,2019-01-01,Roermond-2019X005,"0,6"
Roermond,0.23800000000000002,0.516,0.897,0.015,0.0,2020X005,2020-01-01,Roermond-2020X005,"0,534"
Roermond,0.268,0.489,0.899,0.015,0.0,2021X005,2021-01-01,Roermond-2021X005,"0,505"
Roosendaal,0.46,0.42,1.07,0.20199999999999999,0.0,2019X005,2019-01-01,Roosendaal-2019X005,"0,51"
Roosendaal,0.32,0.36,1.04,0.14,0.0,2022X005,2022-01-01,Roosendaal-2022X005,"0,37"
Rozendaal,0.8220000000000001,-0.96,1.26,0.09,0.0,2018X005,2018-01-01,Rozendaal-2018X005,"-0,96"
Scherpenzeel,0.57,-0.24,1.07,-0.013000000000000001,0.0,2020X005,2020-01-01,Scherpenzeel-2020X005,"-0,08"
Schiedam,0.214,1.271,1.03,0.048,0.0,2021X005,2021-01-01,Schiedam-2021X005,"1,321"
Son en Breugel,0.71,-0.03,0.89,-0.13,0.0,2020X005,2020-01-01,Son en Breugel-2020X005,0
Stede Broec,0.23,0.35,1.13,0.07,0.0,2021X005,2021-01-01,Stede Broec-2021X005,"0,65"
Stede Broec,0.32,0.14,1.1,0.03,0.0,2023X005,2023-01-01,Stede Broec-2023X005,"0,33"
Terschelling,0.29,0.55,0.93,0.06,0.0,2018X005,2018-01-01,Terschelling-2018X005,"0,51"
Tholen,0.22,0.41,0.97,0.14,0.0,2019X005,2019-01-01,Tholen-2019X005,"0,53"
Tynaarlo,0.42,0.61,0.85,0.18,0.0,2019X005,2019-01-01,Tynaarlo-2019X005,"0,69"
Uithoorn,0.48,0.2,1.11,-0.02,0.0,2020X005,2020-01-01,Uithoorn-2020X005,"0,21"
Vaals,0.16,0.95,0.96,0.24,0.0,2018X005,2018-01-01,Vaals-2018X005,"0,96"
Valkenswaard,0.2,0.76,1.07,0.09,0.0,2019X005,2019-01-01,Valkenswaard-2019X005,"0,76"
Veere,0.36,0.38,0.89,0.02,0.0,2018X005,2018-01-01,Veere-2018X005,"0,44"
Veldhoven,,,0.83,,0.0,2019X005,2019-01-01,Veldhoven-2019X005,
Vlaardingen,0.22899999999999998,0.828,1.016,0.053,0.0,2018X005,2018-01-01,Vlaardingen-2018X005,"0,839"
Weert,0.345,0.449,0.95,0.059000000000000004,0.0,2021X005,2021-01-01,Weert-2021X005,"0,533"
Westerwolde,0.48,0.23,1.07,-0.024,0.0,2019X005,2019-01-01,Westerwolde-2019X005,"0,18"
Wijk bij Duurstede,0.217,0.462,1.196,-0.01,0.0,2023X005,2023-01-01,Wijk bij Duurstede-2023X005,"0,524"
Woerden,0.25,1.27,0.97,-0.087,0.0,2019X005,2019-01-01,Woerden-2019X005,"1,29"
Zeewolde,0.7,-0.3,1.05,0.42,0.0,2021X005,2021-01-01,Zeewolde-2021X005,"-0,24"
Zeewolde,0.79,-0.34,1.23,0.449,0.0,2022X005,2022-01-01,Zeewolde-2022X005,"-0,42"
Zeewolde,0.81,-0.38,1.1,0.41,0.0,2023X005,2023-01-01,Zeewolde-2023X005,"-0,31"
Zoeterwoude,0.45399999999999996,0.24,1.08,-0.022000000000000002,0.0,2021X005,2021-01-01,Zoeterwoude-2021X005,"0,287"
Zuidplas,0.26,0.81,0.99,0.04,0.0,2023X005,2023-01-01,Zuidplas-2023X005,"0,84"
Zutphen,0.17,0.8,0.89,0.16,0.0,2018X005,2018-01-01,Zutphen-2018X005,"0,93"
Zwijndrecht,0.21,1.02,1.15,0.12,0.0,2018X005,2018-01-01,Zwijndrecht-2018X005,"1,07"
